image,label,component,sequence,frame
Adverse_A_scene_000000_000000000000000025.png,Adverse_A_scene_000000_000000000000000025.txt,Adverse_A,Adverse_A_scene_000000,000000000000000025
Adverse_A_scene_000000_000000000000000045.png,Adverse_A_scene_000000_000000000000000045.txt,Adverse_A,Adverse_A_scene_000000,000000000000000045
Adverse_A_scene_000000_000000000000000065.png,Adverse_A_scene_000000_000000000000000065.txt,Adverse_A,Adverse_A_scene_000000,000000000000000065
Adverse_A_scene_000000_000000000000000085.png,Adverse_A_scene_000000_000000000000000085.txt,Adverse_A,Adverse_A_scene_000000,000000000000000085
Adverse_A_scene_000000_000000000000000105.png,Adverse_A_scene_000000_000000000000000105.txt,Adverse_A,Adverse_A_scene_000000,000000000000000105
Adverse_A_scene_000000_000000000000000125.png,Adverse_A_scene_000000_000000000000000125.txt,Adverse_A,Adverse_A_scene_000000,000000000000000125
Adverse_A_scene_000000_000000000000000145.png,Adverse_A_scene_000000_000000000000000145.txt,Adverse_A,Adverse_A_scene_000000,000000000000000145
Adverse_A_scene_000000_000000000000000165.png,Adverse_A_scene_000000_000000000000000165.txt,Adverse_A,Adverse_A_scene_000000,000000000000000165
Adverse_A_scene_000000_000000000000000185.png,Adverse_A_scene_000000_000000000000000185.txt,Adverse_A,Adverse_A_scene_000000,000000000000000185
Adverse_A_scene_000000_000000000000000205.png,Adverse_A_scene_000000_000000000000000205.txt,Adverse_A,Adverse_A_scene_000000,000000000000000205
Adverse_A_scene_000001_000000000000000025.png,Adverse_A_scene_000001_000000000000000025.txt,Adverse_A,Adverse_A_scene_000001,000000000000000025
Adverse_A_scene_000001_000000000000000045.png,Adverse_A_scene_000001_000000000000000045.txt,Adverse_A,Adverse_A_scene_000001,000000000000000045
Adverse_A_scene_000001_000000000000000065.png,Adverse_A_scene_000001_000000000000000065.txt,Adverse_A,Adverse_A_scene_000001,000000000000000065
Adverse_A_scene_000001_000000000000000085.png,Adverse_A_scene_000001_000000000000000085.txt,Adverse_A,Adverse_A_scene_000001,000000000000000085
Adverse_A_scene_000001_000000000000000105.png,Adverse_A_scene_000001_000000000000000105.txt,Adverse_A,Adverse_A_scene_000001,000000000000000105
Adverse_A_scene_000001_000000000000000125.png,Adverse_A_scene_000001_000000000000000125.txt,Adverse_A,Adverse_A_scene_000001,000000000000000125
Adverse_A_scene_000001_000000000000000145.png,Adverse_A_scene_000001_000000000000000145.txt,Adverse_A,Adverse_A_scene_000001,000000000000000145
Adverse_A_scene_000001_000000000000000165.png,Adverse_A_scene_000001_000000000000000165.txt,Adverse_A,Adverse_A_scene_000001,000000000000000165
Adverse_A_scene_000001_000000000000000185.png,Adverse_A_scene_000001_000000000000000185.txt,Adverse_A,Adverse_A_scene_000001,000000000000000185
Adverse_A_scene_000001_000000000000000205.png,Adverse_A_scene_000001_000000000000000205.txt,Adverse_A,Adverse_A_scene_000001,000000000000000205
Adverse_A_scene_000002_000000000000000025.png,Adverse_A_scene_000002_000000000000000025.txt,Adverse_A,Adverse_A_scene_000002,000000000000000025
Adverse_A_scene_000002_000000000000000045.png,Adverse_A_scene_000002_000000000000000045.txt,Adverse_A,Adverse_A_scene_000002,000000000000000045
Adverse_A_scene_000002_000000000000000065.png,Adverse_A_scene_000002_000000000000000065.txt,Adverse_A,Adverse_A_scene_000002,000000000000000065
Adverse_A_scene_000002_000000000000000085.png,Adverse_A_scene_000002_000000000000000085.txt,Adverse_A,Adverse_A_scene_000002,000000000000000085
Adverse_A_scene_000002_000000000000000105.png,Adverse_A_scene_000002_000000000000000105.txt,Adverse_A,Adverse_A_scene_000002,000000000000000105
Adverse_A_scene_000002_000000000000000125.png,Adverse_A_scene_000002_000000000000000125.txt,Adverse_A,Adverse_A_scene_000002,000000000000000125
Adverse_A_scene_000002_000000000000000145.png,Adverse_A_scene_000002_000000000000000145.txt,Adverse_A,Adverse_A_scene_000002,000000000000000145
Adverse_A_scene_000002_000000000000000165.png,Adverse_A_scene_000002_000000000000000165.txt,Adverse_A,Adverse_A_scene_000002,000000000000000165
Adverse_A_scene_000002_000000000000000185.png,Adverse_A_scene_000002_000000000000000185.txt,Adverse_A,Adverse_A_scene_000002,000000000000000185
Adverse_A_scene_000002_000000000000000205.png,Adverse_A_scene_000002_000000000000000205.txt,Adverse_A,Adverse_A_scene_000002,000000000000000205
Adverse_A_scene_000003_000000000000000025.png,Adverse_A_scene_000003_000000000000000025.txt,Adverse_A,Adverse_A_scene_000003,000000000000000025
Adverse_A_scene_000003_000000000000000045.png,Adverse_A_scene_000003_000000000000000045.txt,Adverse_A,Adverse_A_scene_000003,000000000000000045
Adverse_A_scene_000003_000000000000000065.png,Adverse_A_scene_000003_000000000000000065.txt,Adverse_A,Adverse_A_scene_000003,000000000000000065
Adverse_A_scene_000003_000000000000000085.png,Adverse_A_scene_000003_000000000000000085.txt,Adverse_A,Adverse_A_scene_000003,000000000000000085
Adverse_A_scene_000003_000000000000000105.png,Adverse_A_scene_000003_000000000000000105.txt,Adverse_A,Adverse_A_scene_000003,000000000000000105
Adverse_A_scene_000003_000000000000000125.png,Adverse_A_scene_000003_000000000000000125.txt,Adverse_A,Adverse_A_scene_000003,000000000000000125
Adverse_A_scene_000003_000000000000000145.png,Adverse_A_scene_000003_000000000000000145.txt,Adverse_A,Adverse_A_scene_000003,000000000000000145
Adverse_A_scene_000003_000000000000000165.png,Adverse_A_scene_000003_000000000000000165.txt,Adverse_A,Adverse_A_scene_000003,000000000000000165
Adverse_A_scene_000003_000000000000000185.png,Adverse_A_scene_000003_000000000000000185.txt,Adverse_A,Adverse_A_scene_000003,000000000000000185
Adverse_A_scene_000003_000000000000000205.png,Adverse_A_scene_000003_000000000000000205.txt,Adverse_A,Adverse_A_scene_000003,000000000000000205
Adverse_A_scene_000004_000000000000000025.png,Adverse_A_scene_000004_000000000000000025.txt,Adverse_A,Adverse_A_scene_000004,000000000000000025
Adverse_A_scene_000004_000000000000000045.png,Adverse_A_scene_000004_000000000000000045.txt,Adverse_A,Adverse_A_scene_000004,000000000000000045
Adverse_A_scene_000004_000000000000000065.png,Adverse_A_scene_000004_000000000000000065.txt,Adverse_A,Adverse_A_scene_000004,000000000000000065
Adverse_A_scene_000004_000000000000000085.png,Adverse_A_scene_000004_000000000000000085.txt,Adverse_A,Adverse_A_scene_000004,000000000000000085
Adverse_A_scene_000004_000000000000000105.png,Adverse_A_scene_000004_000000000000000105.txt,Adverse_A,Adverse_A_scene_000004,000000000000000105
Adverse_A_scene_000004_000000000000000125.png,Adverse_A_scene_000004_000000000000000125.txt,Adverse_A,Adverse_A_scene_000004,000000000000000125
Adverse_A_scene_000004_000000000000000145.png,Adverse_A_scene_000004_000000000000000145.txt,Adverse_A,Adverse_A_scene_000004,000000000000000145
Adverse_A_scene_000004_000000000000000165.png,Adverse_A_scene_000004_000000000000000165.txt,Adverse_A,Adverse_A_scene_000004,000000000000000165
Adverse_A_scene_000004_000000000000000185.png,Adverse_A_scene_000004_000000000000000185.txt,Adverse_A,Adverse_A_scene_000004,000000000000000185
Adverse_A_scene_000004_000000000000000205.png,Adverse_A_scene_000004_000000000000000205.txt,Adverse_A,Adverse_A_scene_000004,000000000000000205
Adverse_A_scene_000005_000000000000000025.png,Adverse_A_scene_000005_000000000000000025.txt,Adverse_A,Adverse_A_scene_000005,000000000000000025
Adverse_A_scene_000005_000000000000000045.png,Adverse_A_scene_000005_000000000000000045.txt,Adverse_A,Adverse_A_scene_000005,000000000000000045
Adverse_A_scene_000005_000000000000000065.png,Adverse_A_scene_000005_000000000000000065.txt,Adverse_A,Adverse_A_scene_000005,000000000000000065
Adverse_A_scene_000005_000000000000000085.png,Adverse_A_scene_000005_000000000000000085.txt,Adverse_A,Adverse_A_scene_000005,000000000000000085
Adverse_A_scene_000005_000000000000000105.png,Adverse_A_scene_000005_000000000000000105.txt,Adverse_A,Adverse_A_scene_000005,000000000000000105
Adverse_A_scene_000005_000000000000000125.png,Adverse_A_scene_000005_000000000000000125.txt,Adverse_A,Adverse_A_scene_000005,000000000000000125
Adverse_A_scene_000005_000000000000000145.png,Adverse_A_scene_000005_000000000000000145.txt,Adverse_A,Adverse_A_scene_000005,000000000000000145
Adverse_A_scene_000005_000000000000000165.png,Adverse_A_scene_000005_000000000000000165.txt,Adverse_A,Adverse_A_scene_000005,000000000000000165
Adverse_A_scene_000005_000000000000000185.png,Adverse_A_scene_000005_000000000000000185.txt,Adverse_A,Adverse_A_scene_000005,000000000000000185
Adverse_A_scene_000005_000000000000000205.png,Adverse_A_scene_000005_000000000000000205.txt,Adverse_A,Adverse_A_scene_000005,000000000000000205
Adverse_A_scene_000006_000000000000000025.png,Adverse_A_scene_000006_000000000000000025.txt,Adverse_A,Adverse_A_scene_000006,000000000000000025
Adverse_A_scene_000006_000000000000000045.png,Adverse_A_scene_000006_000000000000000045.txt,Adverse_A,Adverse_A_scene_000006,000000000000000045
Adverse_A_scene_000006_000000000000000065.png,Adverse_A_scene_000006_000000000000000065.txt,Adverse_A,Adverse_A_scene_000006,000000000000000065
Adverse_A_scene_000006_000000000000000085.png,Adverse_A_scene_000006_000000000000000085.txt,Adverse_A,Adverse_A_scene_000006,000000000000000085
Adverse_A_scene_000006_000000000000000105.png,Adverse_A_scene_000006_000000000000000105.txt,Adverse_A,Adverse_A_scene_000006,000000000000000105
Adverse_A_scene_000006_000000000000000125.png,Adverse_A_scene_000006_000000000000000125.txt,Adverse_A,Adverse_A_scene_000006,000000000000000125
Adverse_A_scene_000006_000000000000000145.png,Adverse_A_scene_000006_000000000000000145.txt,Adverse_A,Adverse_A_scene_000006,000000000000000145
Adverse_A_scene_000006_000000000000000165.png,Adverse_A_scene_000006_000000000000000165.txt,Adverse_A,Adverse_A_scene_000006,000000000000000165
Adverse_A_scene_000006_000000000000000185.png,Adverse_A_scene_000006_000000000000000185.txt,Adverse_A,Adverse_A_scene_000006,000000000000000185
Adverse_A_scene_000006_000000000000000205.png,Adverse_A_scene_000006_000000000000000205.txt,Adverse_A,Adverse_A_scene_000006,000000000000000205
Adverse_A_scene_000007_000000000000000025.png,Adverse_A_scene_000007_000000000000000025.txt,Adverse_A,Adverse_A_scene_000007,000000000000000025
Adverse_A_scene_000007_000000000000000045.png,Adverse_A_scene_000007_000000000000000045.txt,Adverse_A,Adverse_A_scene_000007,000000000000000045
Adverse_A_scene_000007_000000000000000065.png,Adverse_A_scene_000007_000000000000000065.txt,Adverse_A,Adverse_A_scene_000007,000000000000000065
Adverse_A_scene_000007_000000000000000085.png,Adverse_A_scene_000007_000000000000000085.txt,Adverse_A,Adverse_A_scene_000007,000000000000000085
Adverse_A_scene_000007_000000000000000105.png,Adverse_A_scene_000007_000000000000000105.txt,Adverse_A,Adverse_A_scene_000007,000000000000000105
Adverse_A_scene_000007_000000000000000125.png,Adverse_A_scene_000007_000000000000000125.txt,Adverse_A,Adverse_A_scene_000007,000000000000000125
Adverse_A_scene_000007_000000000000000145.png,Adverse_A_scene_000007_000000000000000145.txt,Adverse_A,Adverse_A_scene_000007,000000000000000145
Adverse_A_scene_000007_000000000000000165.png,Adverse_A_scene_000007_000000000000000165.txt,Adverse_A,Adverse_A_scene_000007,000000000000000165
Adverse_A_scene_000007_000000000000000185.png,Adverse_A_scene_000007_000000000000000185.txt,Adverse_A,Adverse_A_scene_000007,000000000000000185
Adverse_A_scene_000007_000000000000000205.png,Adverse_A_scene_000007_000000000000000205.txt,Adverse_A,Adverse_A_scene_000007,000000000000000205
Adverse_A_scene_000008_000000000000000025.png,Adverse_A_scene_000008_000000000000000025.txt,Adverse_A,Adverse_A_scene_000008,000000000000000025
Adverse_A_scene_000008_000000000000000045.png,Adverse_A_scene_000008_000000000000000045.txt,Adverse_A,Adverse_A_scene_000008,000000000000000045
Adverse_A_scene_000008_000000000000000065.png,Adverse_A_scene_000008_000000000000000065.txt,Adverse_A,Adverse_A_scene_000008,000000000000000065
Adverse_A_scene_000008_000000000000000085.png,Adverse_A_scene_000008_000000000000000085.txt,Adverse_A,Adverse_A_scene_000008,000000000000000085
Adverse_A_scene_000008_000000000000000105.png,Adverse_A_scene_000008_000000000000000105.txt,Adverse_A,Adverse_A_scene_000008,000000000000000105
Adverse_A_scene_000008_000000000000000125.png,Adverse_A_scene_000008_000000000000000125.txt,Adverse_A,Adverse_A_scene_000008,000000000000000125
Adverse_A_scene_000008_000000000000000145.png,Adverse_A_scene_000008_000000000000000145.txt,Adverse_A,Adverse_A_scene_000008,000000000000000145
Adverse_A_scene_000008_000000000000000165.png,Adverse_A_scene_000008_000000000000000165.txt,Adverse_A,Adverse_A_scene_000008,000000000000000165
Adverse_A_scene_000008_000000000000000185.png,Adverse_A_scene_000008_000000000000000185.txt,Adverse_A,Adverse_A_scene_000008,000000000000000185
Adverse_A_scene_000008_000000000000000205.png,Adverse_A_scene_000008_000000000000000205.txt,Adverse_A,Adverse_A_scene_000008,000000000000000205
Adverse_A_scene_000009_000000000000000025.png,Adverse_A_scene_000009_000000000000000025.txt,Adverse_A,Adverse_A_scene_000009,000000000000000025
Adverse_A_scene_000009_000000000000000045.png,Adverse_A_scene_000009_000000000000000045.txt,Adverse_A,Adverse_A_scene_000009,000000000000000045
Adverse_A_scene_000009_000000000000000065.png,Adverse_A_scene_000009_000000000000000065.txt,Adverse_A,Adverse_A_scene_000009,000000000000000065
Adverse_A_scene_000009_000000000000000085.png,Adverse_A_scene_000009_000000000000000085.txt,Adverse_A,Adverse_A_scene_000009,000000000000000085
Adverse_A_scene_000009_000000000000000105.png,Adverse_A_scene_000009_000000000000000105.txt,Adverse_A,Adverse_A_scene_000009,000000000000000105
Adverse_A_scene_000009_000000000000000125.png,Adverse_A_scene_000009_000000000000000125.txt,Adverse_A,Adverse_A_scene_000009,000000000000000125
Adverse_A_scene_000009_000000000000000145.png,Adverse_A_scene_000009_000000000000000145.txt,Adverse_A,Adverse_A_scene_000009,000000000000000145
Adverse_A_scene_000009_000000000000000165.png,Adverse_A_scene_000009_000000000000000165.txt,Adverse_A,Adverse_A_scene_000009,000000000000000165
Adverse_A_scene_000009_000000000000000185.png,Adverse_A_scene_000009_000000000000000185.txt,Adverse_A,Adverse_A_scene_000009,000000000000000185
Adverse_A_scene_000009_000000000000000205.png,Adverse_A_scene_000009_000000000000000205.txt,Adverse_A,Adverse_A_scene_000009,000000000000000205
Adverse_A_scene_000010_000000000000000025.png,Adverse_A_scene_000010_000000000000000025.txt,Adverse_A,Adverse_A_scene_000010,000000000000000025
Adverse_A_scene_000010_000000000000000045.png,Adverse_A_scene_000010_000000000000000045.txt,Adverse_A,Adverse_A_scene_000010,000000000000000045
Adverse_A_scene_000010_000000000000000065.png,Adverse_A_scene_000010_000000000000000065.txt,Adverse_A,Adverse_A_scene_000010,000000000000000065
Adverse_A_scene_000010_000000000000000085.png,Adverse_A_scene_000010_000000000000000085.txt,Adverse_A,Adverse_A_scene_000010,000000000000000085
Adverse_A_scene_000010_000000000000000105.png,Adverse_A_scene_000010_000000000000000105.txt,Adverse_A,Adverse_A_scene_000010,000000000000000105
Adverse_A_scene_000010_000000000000000125.png,Adverse_A_scene_000010_000000000000000125.txt,Adverse_A,Adverse_A_scene_000010,000000000000000125
Adverse_A_scene_000010_000000000000000145.png,Adverse_A_scene_000010_000000000000000145.txt,Adverse_A,Adverse_A_scene_000010,000000000000000145
Adverse_A_scene_000010_000000000000000165.png,Adverse_A_scene_000010_000000000000000165.txt,Adverse_A,Adverse_A_scene_000010,000000000000000165
Adverse_A_scene_000010_000000000000000185.png,Adverse_A_scene_000010_000000000000000185.txt,Adverse_A,Adverse_A_scene_000010,000000000000000185
Adverse_A_scene_000010_000000000000000205.png,Adverse_A_scene_000010_000000000000000205.txt,Adverse_A,Adverse_A_scene_000010,000000000000000205
Adverse_A_scene_000011_000000000000000025.png,Adverse_A_scene_000011_000000000000000025.txt,Adverse_A,Adverse_A_scene_000011,000000000000000025
Adverse_A_scene_000011_000000000000000045.png,Adverse_A_scene_000011_000000000000000045.txt,Adverse_A,Adverse_A_scene_000011,000000000000000045
Adverse_A_scene_000011_000000000000000065.png,Adverse_A_scene_000011_000000000000000065.txt,Adverse_A,Adverse_A_scene_000011,000000000000000065
Adverse_A_scene_000011_000000000000000085.png,Adverse_A_scene_000011_000000000000000085.txt,Adverse_A,Adverse_A_scene_000011,000000000000000085
Adverse_A_scene_000011_000000000000000105.png,Adverse_A_scene_000011_000000000000000105.txt,Adverse_A,Adverse_A_scene_000011,000000000000000105
Adverse_A_scene_000011_000000000000000125.png,Adverse_A_scene_000011_000000000000000125.txt,Adverse_A,Adverse_A_scene_000011,000000000000000125
Adverse_A_scene_000011_000000000000000145.png,Adverse_A_scene_000011_000000000000000145.txt,Adverse_A,Adverse_A_scene_000011,000000000000000145
Adverse_A_scene_000011_000000000000000165.png,Adverse_A_scene_000011_000000000000000165.txt,Adverse_A,Adverse_A_scene_000011,000000000000000165
Adverse_A_scene_000011_000000000000000185.png,Adverse_A_scene_000011_000000000000000185.txt,Adverse_A,Adverse_A_scene_000011,000000000000000185
Adverse_A_scene_000011_000000000000000205.png,Adverse_A_scene_000011_000000000000000205.txt,Adverse_A,Adverse_A_scene_000011,000000000000000205
Adverse_A_scene_000012_000000000000000025.png,Adverse_A_scene_000012_000000000000000025.txt,Adverse_A,Adverse_A_scene_000012,000000000000000025
Adverse_A_scene_000012_000000000000000045.png,Adverse_A_scene_000012_000000000000000045.txt,Adverse_A,Adverse_A_scene_000012,000000000000000045
Adverse_A_scene_000012_000000000000000065.png,Adverse_A_scene_000012_000000000000000065.txt,Adverse_A,Adverse_A_scene_000012,000000000000000065
Adverse_A_scene_000012_000000000000000085.png,Adverse_A_scene_000012_000000000000000085.txt,Adverse_A,Adverse_A_scene_000012,000000000000000085
Adverse_A_scene_000012_000000000000000105.png,Adverse_A_scene_000012_000000000000000105.txt,Adverse_A,Adverse_A_scene_000012,000000000000000105
Adverse_A_scene_000012_000000000000000125.png,Adverse_A_scene_000012_000000000000000125.txt,Adverse_A,Adverse_A_scene_000012,000000000000000125
Adverse_A_scene_000012_000000000000000145.png,Adverse_A_scene_000012_000000000000000145.txt,Adverse_A,Adverse_A_scene_000012,000000000000000145
Adverse_A_scene_000012_000000000000000165.png,Adverse_A_scene_000012_000000000000000165.txt,Adverse_A,Adverse_A_scene_000012,000000000000000165
Adverse_A_scene_000012_000000000000000185.png,Adverse_A_scene_000012_000000000000000185.txt,Adverse_A,Adverse_A_scene_000012,000000000000000185
Adverse_A_scene_000012_000000000000000205.png,Adverse_A_scene_000012_000000000000000205.txt,Adverse_A,Adverse_A_scene_000012,000000000000000205
Adverse_A_scene_000013_000000000000000025.png,Adverse_A_scene_000013_000000000000000025.txt,Adverse_A,Adverse_A_scene_000013,000000000000000025
Adverse_A_scene_000013_000000000000000045.png,Adverse_A_scene_000013_000000000000000045.txt,Adverse_A,Adverse_A_scene_000013,000000000000000045
Adverse_A_scene_000013_000000000000000065.png,Adverse_A_scene_000013_000000000000000065.txt,Adverse_A,Adverse_A_scene_000013,000000000000000065
Adverse_A_scene_000013_000000000000000085.png,Adverse_A_scene_000013_000000000000000085.txt,Adverse_A,Adverse_A_scene_000013,000000000000000085
Adverse_A_scene_000013_000000000000000105.png,Adverse_A_scene_000013_000000000000000105.txt,Adverse_A,Adverse_A_scene_000013,000000000000000105
Adverse_A_scene_000013_000000000000000125.png,Adverse_A_scene_000013_000000000000000125.txt,Adverse_A,Adverse_A_scene_000013,000000000000000125
Adverse_A_scene_000013_000000000000000145.png,Adverse_A_scene_000013_000000000000000145.txt,Adverse_A,Adverse_A_scene_000013,000000000000000145
Adverse_A_scene_000013_000000000000000165.png,Adverse_A_scene_000013_000000000000000165.txt,Adverse_A,Adverse_A_scene_000013,000000000000000165
Adverse_A_scene_000013_000000000000000185.png,Adverse_A_scene_000013_000000000000000185.txt,Adverse_A,Adverse_A_scene_000013,000000000000000185
Adverse_A_scene_000013_000000000000000205.png,Adverse_A_scene_000013_000000000000000205.txt,Adverse_A,Adverse_A_scene_000013,000000000000000205
Adverse_A_scene_000014_000000000000000025.png,Adverse_A_scene_000014_000000000000000025.txt,Adverse_A,Adverse_A_scene_000014,000000000000000025
Adverse_A_scene_000014_000000000000000045.png,Adverse_A_scene_000014_000000000000000045.txt,Adverse_A,Adverse_A_scene_000014,000000000000000045
Adverse_A_scene_000014_000000000000000065.png,Adverse_A_scene_000014_000000000000000065.txt,Adverse_A,Adverse_A_scene_000014,000000000000000065
Adverse_A_scene_000014_000000000000000085.png,Adverse_A_scene_000014_000000000000000085.txt,Adverse_A,Adverse_A_scene_000014,000000000000000085
Adverse_A_scene_000014_000000000000000105.png,Adverse_A_scene_000014_000000000000000105.txt,Adverse_A,Adverse_A_scene_000014,000000000000000105
Adverse_A_scene_000014_000000000000000125.png,Adverse_A_scene_000014_000000000000000125.txt,Adverse_A,Adverse_A_scene_000014,000000000000000125
Adverse_A_scene_000014_000000000000000145.png,Adverse_A_scene_000014_000000000000000145.txt,Adverse_A,Adverse_A_scene_000014,000000000000000145
Adverse_A_scene_000014_000000000000000165.png,Adverse_A_scene_000014_000000000000000165.txt,Adverse_A,Adverse_A_scene_000014,000000000000000165
Adverse_A_scene_000014_000000000000000185.png,Adverse_A_scene_000014_000000000000000185.txt,Adverse_A,Adverse_A_scene_000014,000000000000000185
Adverse_A_scene_000014_000000000000000205.png,Adverse_A_scene_000014_000000000000000205.txt,Adverse_A,Adverse_A_scene_000014,000000000000000205
Adverse_A_scene_000015_000000000000000025.png,Adverse_A_scene_000015_000000000000000025.txt,Adverse_A,Adverse_A_scene_000015,000000000000000025
Adverse_A_scene_000015_000000000000000045.png,Adverse_A_scene_000015_000000000000000045.txt,Adverse_A,Adverse_A_scene_000015,000000000000000045
Adverse_A_scene_000015_000000000000000065.png,Adverse_A_scene_000015_000000000000000065.txt,Adverse_A,Adverse_A_scene_000015,000000000000000065
Adverse_A_scene_000015_000000000000000085.png,Adverse_A_scene_000015_000000000000000085.txt,Adverse_A,Adverse_A_scene_000015,000000000000000085
Adverse_A_scene_000015_000000000000000105.png,Adverse_A_scene_000015_000000000000000105.txt,Adverse_A,Adverse_A_scene_000015,000000000000000105
Adverse_A_scene_000015_000000000000000125.png,Adverse_A_scene_000015_000000000000000125.txt,Adverse_A,Adverse_A_scene_000015,000000000000000125
Adverse_A_scene_000015_000000000000000145.png,Adverse_A_scene_000015_000000000000000145.txt,Adverse_A,Adverse_A_scene_000015,000000000000000145
Adverse_A_scene_000015_000000000000000165.png,Adverse_A_scene_000015_000000000000000165.txt,Adverse_A,Adverse_A_scene_000015,000000000000000165
Adverse_A_scene_000015_000000000000000185.png,Adverse_A_scene_000015_000000000000000185.txt,Adverse_A,Adverse_A_scene_000015,000000000000000185
Adverse_A_scene_000015_000000000000000205.png,Adverse_A_scene_000015_000000000000000205.txt,Adverse_A,Adverse_A_scene_000015,000000000000000205
Adverse_A_scene_000016_000000000000000025.png,Adverse_A_scene_000016_000000000000000025.txt,Adverse_A,Adverse_A_scene_000016,000000000000000025
Adverse_A_scene_000016_000000000000000045.png,Adverse_A_scene_000016_000000000000000045.txt,Adverse_A,Adverse_A_scene_000016,000000000000000045
Adverse_A_scene_000016_000000000000000065.png,Adverse_A_scene_000016_000000000000000065.txt,Adverse_A,Adverse_A_scene_000016,000000000000000065
Adverse_A_scene_000016_000000000000000085.png,Adverse_A_scene_000016_000000000000000085.txt,Adverse_A,Adverse_A_scene_000016,000000000000000085
Adverse_A_scene_000016_000000000000000105.png,Adverse_A_scene_000016_000000000000000105.txt,Adverse_A,Adverse_A_scene_000016,000000000000000105
Adverse_A_scene_000016_000000000000000125.png,Adverse_A_scene_000016_000000000000000125.txt,Adverse_A,Adverse_A_scene_000016,000000000000000125
Adverse_A_scene_000016_000000000000000145.png,Adverse_A_scene_000016_000000000000000145.txt,Adverse_A,Adverse_A_scene_000016,000000000000000145
Adverse_A_scene_000016_000000000000000165.png,Adverse_A_scene_000016_000000000000000165.txt,Adverse_A,Adverse_A_scene_000016,000000000000000165
Adverse_A_scene_000016_000000000000000185.png,Adverse_A_scene_000016_000000000000000185.txt,Adverse_A,Adverse_A_scene_000016,000000000000000185
Adverse_A_scene_000016_000000000000000205.png,Adverse_A_scene_000016_000000000000000205.txt,Adverse_A,Adverse_A_scene_000016,000000000000000205
Adverse_A_scene_000017_000000000000000025.png,Adverse_A_scene_000017_000000000000000025.txt,Adverse_A,Adverse_A_scene_000017,000000000000000025
Adverse_A_scene_000017_000000000000000045.png,Adverse_A_scene_000017_000000000000000045.txt,Adverse_A,Adverse_A_scene_000017,000000000000000045
Adverse_A_scene_000017_000000000000000065.png,Adverse_A_scene_000017_000000000000000065.txt,Adverse_A,Adverse_A_scene_000017,000000000000000065
Adverse_A_scene_000017_000000000000000085.png,Adverse_A_scene_000017_000000000000000085.txt,Adverse_A,Adverse_A_scene_000017,000000000000000085
Adverse_A_scene_000017_000000000000000105.png,Adverse_A_scene_000017_000000000000000105.txt,Adverse_A,Adverse_A_scene_000017,000000000000000105
Adverse_A_scene_000017_000000000000000125.png,Adverse_A_scene_000017_000000000000000125.txt,Adverse_A,Adverse_A_scene_000017,000000000000000125
Adverse_A_scene_000017_000000000000000145.png,Adverse_A_scene_000017_000000000000000145.txt,Adverse_A,Adverse_A_scene_000017,000000000000000145
Adverse_A_scene_000017_000000000000000165.png,Adverse_A_scene_000017_000000000000000165.txt,Adverse_A,Adverse_A_scene_000017,000000000000000165
Adverse_A_scene_000017_000000000000000185.png,Adverse_A_scene_000017_000000000000000185.txt,Adverse_A,Adverse_A_scene_000017,000000000000000185
Adverse_A_scene_000017_000000000000000205.png,Adverse_A_scene_000017_000000000000000205.txt,Adverse_A,Adverse_A_scene_000017,000000000000000205
Adverse_A_scene_000018_000000000000000025.png,Adverse_A_scene_000018_000000000000000025.txt,Adverse_A,Adverse_A_scene_000018,000000000000000025
Adverse_A_scene_000018_000000000000000045.png,Adverse_A_scene_000018_000000000000000045.txt,Adverse_A,Adverse_A_scene_000018,000000000000000045
Adverse_A_scene_000018_000000000000000065.png,Adverse_A_scene_000018_000000000000000065.txt,Adverse_A,Adverse_A_scene_000018,000000000000000065
Adverse_A_scene_000018_000000000000000085.png,Adverse_A_scene_000018_000000000000000085.txt,Adverse_A,Adverse_A_scene_000018,000000000000000085
Adverse_A_scene_000018_000000000000000105.png,Adverse_A_scene_000018_000000000000000105.txt,Adverse_A,Adverse_A_scene_000018,000000000000000105
Adverse_A_scene_000018_000000000000000125.png,Adverse_A_scene_000018_000000000000000125.txt,Adverse_A,Adverse_A_scene_000018,000000000000000125
Adverse_A_scene_000018_000000000000000145.png,Adverse_A_scene_000018_000000000000000145.txt,Adverse_A,Adverse_A_scene_000018,000000000000000145
Adverse_A_scene_000018_000000000000000165.png,Adverse_A_scene_000018_000000000000000165.txt,Adverse_A,Adverse_A_scene_000018,000000000000000165
Adverse_A_scene_000018_000000000000000185.png,Adverse_A_scene_000018_000000000000000185.txt,Adverse_A,Adverse_A_scene_000018,000000000000000185
Adverse_A_scene_000018_000000000000000205.png,Adverse_A_scene_000018_000000000000000205.txt,Adverse_A,Adverse_A_scene_000018,000000000000000205
Adverse_A_scene_000019_000000000000000025.png,Adverse_A_scene_000019_000000000000000025.txt,Adverse_A,Adverse_A_scene_000019,000000000000000025
Adverse_A_scene_000019_000000000000000045.png,Adverse_A_scene_000019_000000000000000045.txt,Adverse_A,Adverse_A_scene_000019,000000000000000045
Adverse_A_scene_000019_000000000000000065.png,Adverse_A_scene_000019_000000000000000065.txt,Adverse_A,Adverse_A_scene_000019,000000000000000065
Adverse_A_scene_000019_000000000000000085.png,Adverse_A_scene_000019_000000000000000085.txt,Adverse_A,Adverse_A_scene_000019,000000000000000085
Adverse_A_scene_000019_000000000000000105.png,Adverse_A_scene_000019_000000000000000105.txt,Adverse_A,Adverse_A_scene_000019,000000000000000105
Adverse_A_scene_000019_000000000000000125.png,Adverse_A_scene_000019_000000000000000125.txt,Adverse_A,Adverse_A_scene_000019,000000000000000125
Adverse_A_scene_000019_000000000000000145.png,Adverse_A_scene_000019_000000000000000145.txt,Adverse_A,Adverse_A_scene_000019,000000000000000145
Adverse_A_scene_000019_000000000000000165.png,Adverse_A_scene_000019_000000000000000165.txt,Adverse_A,Adverse_A_scene_000019,000000000000000165
Adverse_A_scene_000019_000000000000000185.png,Adverse_A_scene_000019_000000000000000185.txt,Adverse_A,Adverse_A_scene_000019,000000000000000185
Adverse_A_scene_000019_000000000000000205.png,Adverse_A_scene_000019_000000000000000205.txt,Adverse_A,Adverse_A_scene_000019,000000000000000205
Adverse_A_scene_000020_000000000000000025.png,Adverse_A_scene_000020_000000000000000025.txt,Adverse_A,Adverse_A_scene_000020,000000000000000025
Adverse_A_scene_000020_000000000000000045.png,Adverse_A_scene_000020_000000000000000045.txt,Adverse_A,Adverse_A_scene_000020,000000000000000045
Adverse_A_scene_000020_000000000000000065.png,Adverse_A_scene_000020_000000000000000065.txt,Adverse_A,Adverse_A_scene_000020,000000000000000065
Adverse_A_scene_000020_000000000000000085.png,Adverse_A_scene_000020_000000000000000085.txt,Adverse_A,Adverse_A_scene_000020,000000000000000085
Adverse_A_scene_000020_000000000000000105.png,Adverse_A_scene_000020_000000000000000105.txt,Adverse_A,Adverse_A_scene_000020,000000000000000105
Adverse_A_scene_000020_000000000000000125.png,Adverse_A_scene_000020_000000000000000125.txt,Adverse_A,Adverse_A_scene_000020,000000000000000125
Adverse_A_scene_000020_000000000000000145.png,Adverse_A_scene_000020_000000000000000145.txt,Adverse_A,Adverse_A_scene_000020,000000000000000145
Adverse_A_scene_000020_000000000000000165.png,Adverse_A_scene_000020_000000000000000165.txt,Adverse_A,Adverse_A_scene_000020,000000000000000165
Adverse_A_scene_000020_000000000000000185.png,Adverse_A_scene_000020_000000000000000185.txt,Adverse_A,Adverse_A_scene_000020,000000000000000185
Adverse_A_scene_000020_000000000000000205.png,Adverse_A_scene_000020_000000000000000205.txt,Adverse_A,Adverse_A_scene_000020,000000000000000205
Adverse_A_scene_000021_000000000000000025.png,Adverse_A_scene_000021_000000000000000025.txt,Adverse_A,Adverse_A_scene_000021,000000000000000025
Adverse_A_scene_000021_000000000000000045.png,Adverse_A_scene_000021_000000000000000045.txt,Adverse_A,Adverse_A_scene_000021,000000000000000045
Adverse_A_scene_000021_000000000000000065.png,Adverse_A_scene_000021_000000000000000065.txt,Adverse_A,Adverse_A_scene_000021,000000000000000065
Adverse_A_scene_000021_000000000000000085.png,Adverse_A_scene_000021_000000000000000085.txt,Adverse_A,Adverse_A_scene_000021,000000000000000085
Adverse_A_scene_000021_000000000000000105.png,Adverse_A_scene_000021_000000000000000105.txt,Adverse_A,Adverse_A_scene_000021,000000000000000105
Adverse_A_scene_000021_000000000000000125.png,Adverse_A_scene_000021_000000000000000125.txt,Adverse_A,Adverse_A_scene_000021,000000000000000125
Adverse_A_scene_000021_000000000000000145.png,Adverse_A_scene_000021_000000000000000145.txt,Adverse_A,Adverse_A_scene_000021,000000000000000145
Adverse_A_scene_000021_000000000000000165.png,Adverse_A_scene_000021_000000000000000165.txt,Adverse_A,Adverse_A_scene_000021,000000000000000165
Adverse_A_scene_000021_000000000000000185.png,Adverse_A_scene_000021_000000000000000185.txt,Adverse_A,Adverse_A_scene_000021,000000000000000185
Adverse_A_scene_000021_000000000000000205.png,Adverse_A_scene_000021_000000000000000205.txt,Adverse_A,Adverse_A_scene_000021,000000000000000205
Adverse_A_scene_000022_000000000000000025.png,Adverse_A_scene_000022_000000000000000025.txt,Adverse_A,Adverse_A_scene_000022,000000000000000025
Adverse_A_scene_000022_000000000000000045.png,Adverse_A_scene_000022_000000000000000045.txt,Adverse_A,Adverse_A_scene_000022,000000000000000045
Adverse_A_scene_000022_000000000000000065.png,Adverse_A_scene_000022_000000000000000065.txt,Adverse_A,Adverse_A_scene_000022,000000000000000065
Adverse_A_scene_000022_000000000000000085.png,Adverse_A_scene_000022_000000000000000085.txt,Adverse_A,Adverse_A_scene_000022,000000000000000085
Adverse_A_scene_000022_000000000000000105.png,Adverse_A_scene_000022_000000000000000105.txt,Adverse_A,Adverse_A_scene_000022,000000000000000105
Adverse_A_scene_000022_000000000000000125.png,Adverse_A_scene_000022_000000000000000125.txt,Adverse_A,Adverse_A_scene_000022,000000000000000125
Adverse_A_scene_000022_000000000000000145.png,Adverse_A_scene_000022_000000000000000145.txt,Adverse_A,Adverse_A_scene_000022,000000000000000145
Adverse_A_scene_000022_000000000000000165.png,Adverse_A_scene_000022_000000000000000165.txt,Adverse_A,Adverse_A_scene_000022,000000000000000165
Adverse_A_scene_000022_000000000000000185.png,Adverse_A_scene_000022_000000000000000185.txt,Adverse_A,Adverse_A_scene_000022,000000000000000185
Adverse_A_scene_000022_000000000000000205.png,Adverse_A_scene_000022_000000000000000205.txt,Adverse_A,Adverse_A_scene_000022,000000000000000205
Adverse_A_scene_000023_000000000000000025.png,Adverse_A_scene_000023_000000000000000025.txt,Adverse_A,Adverse_A_scene_000023,000000000000000025
Adverse_A_scene_000023_000000000000000045.png,Adverse_A_scene_000023_000000000000000045.txt,Adverse_A,Adverse_A_scene_000023,000000000000000045
Adverse_A_scene_000023_000000000000000065.png,Adverse_A_scene_000023_000000000000000065.txt,Adverse_A,Adverse_A_scene_000023,000000000000000065
Adverse_A_scene_000023_000000000000000085.png,Adverse_A_scene_000023_000000000000000085.txt,Adverse_A,Adverse_A_scene_000023,000000000000000085
Adverse_A_scene_000023_000000000000000105.png,Adverse_A_scene_000023_000000000000000105.txt,Adverse_A,Adverse_A_scene_000023,000000000000000105
Adverse_A_scene_000023_000000000000000125.png,Adverse_A_scene_000023_000000000000000125.txt,Adverse_A,Adverse_A_scene_000023,000000000000000125
Adverse_A_scene_000023_000000000000000145.png,Adverse_A_scene_000023_000000000000000145.txt,Adverse_A,Adverse_A_scene_000023,000000000000000145
Adverse_A_scene_000023_000000000000000165.png,Adverse_A_scene_000023_000000000000000165.txt,Adverse_A,Adverse_A_scene_000023,000000000000000165
Adverse_A_scene_000023_000000000000000185.png,Adverse_A_scene_000023_000000000000000185.txt,Adverse_A,Adverse_A_scene_000023,000000000000000185
Adverse_A_scene_000023_000000000000000205.png,Adverse_A_scene_000023_000000000000000205.txt,Adverse_A,Adverse_A_scene_000023,000000000000000205
Adverse_A_scene_000024_000000000000000025.png,Adverse_A_scene_000024_000000000000000025.txt,Adverse_A,Adverse_A_scene_000024,000000000000000025
Adverse_A_scene_000024_000000000000000045.png,Adverse_A_scene_000024_000000000000000045.txt,Adverse_A,Adverse_A_scene_000024,000000000000000045
Adverse_A_scene_000024_000000000000000065.png,Adverse_A_scene_000024_000000000000000065.txt,Adverse_A,Adverse_A_scene_000024,000000000000000065
Adverse_A_scene_000024_000000000000000085.png,Adverse_A_scene_000024_000000000000000085.txt,Adverse_A,Adverse_A_scene_000024,000000000000000085
Adverse_A_scene_000024_000000000000000105.png,Adverse_A_scene_000024_000000000000000105.txt,Adverse_A,Adverse_A_scene_000024,000000000000000105
Adverse_A_scene_000024_000000000000000125.png,Adverse_A_scene_000024_000000000000000125.txt,Adverse_A,Adverse_A_scene_000024,000000000000000125
Adverse_A_scene_000024_000000000000000145.png,Adverse_A_scene_000024_000000000000000145.txt,Adverse_A,Adverse_A_scene_000024,000000000000000145
Adverse_A_scene_000024_000000000000000165.png,Adverse_A_scene_000024_000000000000000165.txt,Adverse_A,Adverse_A_scene_000024,000000000000000165
Adverse_A_scene_000024_000000000000000185.png,Adverse_A_scene_000024_000000000000000185.txt,Adverse_A,Adverse_A_scene_000024,000000000000000185
Adverse_A_scene_000024_000000000000000205.png,Adverse_A_scene_000024_000000000000000205.txt,Adverse_A,Adverse_A_scene_000024,000000000000000205
Adverse_A_scene_000025_000000000000000025.png,Adverse_A_scene_000025_000000000000000025.txt,Adverse_A,Adverse_A_scene_000025,000000000000000025
Adverse_A_scene_000025_000000000000000045.png,Adverse_A_scene_000025_000000000000000045.txt,Adverse_A,Adverse_A_scene_000025,000000000000000045
Adverse_A_scene_000025_000000000000000065.png,Adverse_A_scene_000025_000000000000000065.txt,Adverse_A,Adverse_A_scene_000025,000000000000000065
Adverse_A_scene_000025_000000000000000085.png,Adverse_A_scene_000025_000000000000000085.txt,Adverse_A,Adverse_A_scene_000025,000000000000000085
Adverse_A_scene_000025_000000000000000105.png,Adverse_A_scene_000025_000000000000000105.txt,Adverse_A,Adverse_A_scene_000025,000000000000000105
Adverse_A_scene_000025_000000000000000125.png,Adverse_A_scene_000025_000000000000000125.txt,Adverse_A,Adverse_A_scene_000025,000000000000000125
Adverse_A_scene_000025_000000000000000145.png,Adverse_A_scene_000025_000000000000000145.txt,Adverse_A,Adverse_A_scene_000025,000000000000000145
Adverse_A_scene_000025_000000000000000165.png,Adverse_A_scene_000025_000000000000000165.txt,Adverse_A,Adverse_A_scene_000025,000000000000000165
Adverse_A_scene_000025_000000000000000185.png,Adverse_A_scene_000025_000000000000000185.txt,Adverse_A,Adverse_A_scene_000025,000000000000000185
Adverse_A_scene_000025_000000000000000205.png,Adverse_A_scene_000025_000000000000000205.txt,Adverse_A,Adverse_A_scene_000025,000000000000000205
Adverse_A_scene_000026_000000000000000025.png,Adverse_A_scene_000026_000000000000000025.txt,Adverse_A,Adverse_A_scene_000026,000000000000000025
Adverse_A_scene_000026_000000000000000045.png,Adverse_A_scene_000026_000000000000000045.txt,Adverse_A,Adverse_A_scene_000026,000000000000000045
Adverse_A_scene_000026_000000000000000065.png,Adverse_A_scene_000026_000000000000000065.txt,Adverse_A,Adverse_A_scene_000026,000000000000000065
Adverse_A_scene_000026_000000000000000085.png,Adverse_A_scene_000026_000000000000000085.txt,Adverse_A,Adverse_A_scene_000026,000000000000000085
Adverse_A_scene_000026_000000000000000105.png,Adverse_A_scene_000026_000000000000000105.txt,Adverse_A,Adverse_A_scene_000026,000000000000000105
Adverse_A_scene_000026_000000000000000125.png,Adverse_A_scene_000026_000000000000000125.txt,Adverse_A,Adverse_A_scene_000026,000000000000000125
Adverse_A_scene_000026_000000000000000145.png,Adverse_A_scene_000026_000000000000000145.txt,Adverse_A,Adverse_A_scene_000026,000000000000000145
Adverse_A_scene_000026_000000000000000165.png,Adverse_A_scene_000026_000000000000000165.txt,Adverse_A,Adverse_A_scene_000026,000000000000000165
Adverse_A_scene_000026_000000000000000185.png,Adverse_A_scene_000026_000000000000000185.txt,Adverse_A,Adverse_A_scene_000026,000000000000000185
Adverse_A_scene_000026_000000000000000205.png,Adverse_A_scene_000026_000000000000000205.txt,Adverse_A,Adverse_A_scene_000026,000000000000000205
Adverse_A_scene_000027_000000000000000025.png,Adverse_A_scene_000027_000000000000000025.txt,Adverse_A,Adverse_A_scene_000027,000000000000000025
Adverse_A_scene_000027_000000000000000045.png,Adverse_A_scene_000027_000000000000000045.txt,Adverse_A,Adverse_A_scene_000027,000000000000000045
Adverse_A_scene_000027_000000000000000065.png,Adverse_A_scene_000027_000000000000000065.txt,Adverse_A,Adverse_A_scene_000027,000000000000000065
Adverse_A_scene_000027_000000000000000085.png,Adverse_A_scene_000027_000000000000000085.txt,Adverse_A,Adverse_A_scene_000027,000000000000000085
Adverse_A_scene_000027_000000000000000105.png,Adverse_A_scene_000027_000000000000000105.txt,Adverse_A,Adverse_A_scene_000027,000000000000000105
Adverse_A_scene_000027_000000000000000125.png,Adverse_A_scene_000027_000000000000000125.txt,Adverse_A,Adverse_A_scene_000027,000000000000000125
Adverse_A_scene_000027_000000000000000145.png,Adverse_A_scene_000027_000000000000000145.txt,Adverse_A,Adverse_A_scene_000027,000000000000000145
Adverse_A_scene_000027_000000000000000165.png,Adverse_A_scene_000027_000000000000000165.txt,Adverse_A,Adverse_A_scene_000027,000000000000000165
Adverse_A_scene_000027_000000000000000185.png,Adverse_A_scene_000027_000000000000000185.txt,Adverse_A,Adverse_A_scene_000027,000000000000000185
Adverse_A_scene_000027_000000000000000205.png,Adverse_A_scene_000027_000000000000000205.txt,Adverse_A,Adverse_A_scene_000027,000000000000000205
Adverse_A_scene_000028_000000000000000025.png,Adverse_A_scene_000028_000000000000000025.txt,Adverse_A,Adverse_A_scene_000028,000000000000000025
Adverse_A_scene_000028_000000000000000045.png,Adverse_A_scene_000028_000000000000000045.txt,Adverse_A,Adverse_A_scene_000028,000000000000000045
Adverse_A_scene_000028_000000000000000065.png,Adverse_A_scene_000028_000000000000000065.txt,Adverse_A,Adverse_A_scene_000028,000000000000000065
Adverse_A_scene_000028_000000000000000085.png,Adverse_A_scene_000028_000000000000000085.txt,Adverse_A,Adverse_A_scene_000028,000000000000000085
Adverse_A_scene_000028_000000000000000105.png,Adverse_A_scene_000028_000000000000000105.txt,Adverse_A,Adverse_A_scene_000028,000000000000000105
Adverse_A_scene_000028_000000000000000125.png,Adverse_A_scene_000028_000000000000000125.txt,Adverse_A,Adverse_A_scene_000028,000000000000000125
Adverse_A_scene_000028_000000000000000145.png,Adverse_A_scene_000028_000000000000000145.txt,Adverse_A,Adverse_A_scene_000028,000000000000000145
Adverse_A_scene_000028_000000000000000165.png,Adverse_A_scene_000028_000000000000000165.txt,Adverse_A,Adverse_A_scene_000028,000000000000000165
Adverse_A_scene_000028_000000000000000185.png,Adverse_A_scene_000028_000000000000000185.txt,Adverse_A,Adverse_A_scene_000028,000000000000000185
Adverse_A_scene_000028_000000000000000205.png,Adverse_A_scene_000028_000000000000000205.txt,Adverse_A,Adverse_A_scene_000028,000000000000000205
Adverse_A_scene_000029_000000000000000025.png,Adverse_A_scene_000029_000000000000000025.txt,Adverse_A,Adverse_A_scene_000029,000000000000000025
Adverse_A_scene_000029_000000000000000045.png,Adverse_A_scene_000029_000000000000000045.txt,Adverse_A,Adverse_A_scene_000029,000000000000000045
Adverse_A_scene_000029_000000000000000065.png,Adverse_A_scene_000029_000000000000000065.txt,Adverse_A,Adverse_A_scene_000029,000000000000000065
Adverse_A_scene_000029_000000000000000085.png,Adverse_A_scene_000029_000000000000000085.txt,Adverse_A,Adverse_A_scene_000029,000000000000000085
Adverse_A_scene_000029_000000000000000105.png,Adverse_A_scene_000029_000000000000000105.txt,Adverse_A,Adverse_A_scene_000029,000000000000000105
Adverse_A_scene_000029_000000000000000125.png,Adverse_A_scene_000029_000000000000000125.txt,Adverse_A,Adverse_A_scene_000029,000000000000000125
Adverse_A_scene_000029_000000000000000145.png,Adverse_A_scene_000029_000000000000000145.txt,Adverse_A,Adverse_A_scene_000029,000000000000000145
Adverse_A_scene_000029_000000000000000165.png,Adverse_A_scene_000029_000000000000000165.txt,Adverse_A,Adverse_A_scene_000029,000000000000000165
Adverse_A_scene_000029_000000000000000185.png,Adverse_A_scene_000029_000000000000000185.txt,Adverse_A,Adverse_A_scene_000029,000000000000000185
Adverse_A_scene_000029_000000000000000205.png,Adverse_A_scene_000029_000000000000000205.txt,Adverse_A,Adverse_A_scene_000029,000000000000000205
Adverse_A_scene_000030_000000000000000025.png,Adverse_A_scene_000030_000000000000000025.txt,Adverse_A,Adverse_A_scene_000030,000000000000000025
Adverse_A_scene_000030_000000000000000045.png,Adverse_A_scene_000030_000000000000000045.txt,Adverse_A,Adverse_A_scene_000030,000000000000000045
Adverse_A_scene_000030_000000000000000065.png,Adverse_A_scene_000030_000000000000000065.txt,Adverse_A,Adverse_A_scene_000030,000000000000000065
Adverse_A_scene_000030_000000000000000085.png,Adverse_A_scene_000030_000000000000000085.txt,Adverse_A,Adverse_A_scene_000030,000000000000000085
Adverse_A_scene_000030_000000000000000105.png,Adverse_A_scene_000030_000000000000000105.txt,Adverse_A,Adverse_A_scene_000030,000000000000000105
Adverse_A_scene_000030_000000000000000125.png,Adverse_A_scene_000030_000000000000000125.txt,Adverse_A,Adverse_A_scene_000030,000000000000000125
Adverse_A_scene_000030_000000000000000145.png,Adverse_A_scene_000030_000000000000000145.txt,Adverse_A,Adverse_A_scene_000030,000000000000000145
Adverse_A_scene_000030_000000000000000165.png,Adverse_A_scene_000030_000000000000000165.txt,Adverse_A,Adverse_A_scene_000030,000000000000000165
Adverse_A_scene_000030_000000000000000185.png,Adverse_A_scene_000030_000000000000000185.txt,Adverse_A,Adverse_A_scene_000030,000000000000000185
Adverse_A_scene_000030_000000000000000205.png,Adverse_A_scene_000030_000000000000000205.txt,Adverse_A,Adverse_A_scene_000030,000000000000000205
Adverse_A_scene_000031_000000000000000025.png,Adverse_A_scene_000031_000000000000000025.txt,Adverse_A,Adverse_A_scene_000031,000000000000000025
Adverse_A_scene_000031_000000000000000045.png,Adverse_A_scene_000031_000000000000000045.txt,Adverse_A,Adverse_A_scene_000031,000000000000000045
Adverse_A_scene_000031_000000000000000065.png,Adverse_A_scene_000031_000000000000000065.txt,Adverse_A,Adverse_A_scene_000031,000000000000000065
Adverse_A_scene_000031_000000000000000085.png,Adverse_A_scene_000031_000000000000000085.txt,Adverse_A,Adverse_A_scene_000031,000000000000000085
Adverse_A_scene_000031_000000000000000105.png,Adverse_A_scene_000031_000000000000000105.txt,Adverse_A,Adverse_A_scene_000031,000000000000000105
Adverse_A_scene_000031_000000000000000125.png,Adverse_A_scene_000031_000000000000000125.txt,Adverse_A,Adverse_A_scene_000031,000000000000000125
Adverse_A_scene_000031_000000000000000145.png,Adverse_A_scene_000031_000000000000000145.txt,Adverse_A,Adverse_A_scene_000031,000000000000000145
Adverse_A_scene_000031_000000000000000165.png,Adverse_A_scene_000031_000000000000000165.txt,Adverse_A,Adverse_A_scene_000031,000000000000000165
Adverse_A_scene_000031_000000000000000185.png,Adverse_A_scene_000031_000000000000000185.txt,Adverse_A,Adverse_A_scene_000031,000000000000000185
Adverse_A_scene_000031_000000000000000205.png,Adverse_A_scene_000031_000000000000000205.txt,Adverse_A,Adverse_A_scene_000031,000000000000000205
Adverse_A_scene_000032_000000000000000025.png,Adverse_A_scene_000032_000000000000000025.txt,Adverse_A,Adverse_A_scene_000032,000000000000000025
Adverse_A_scene_000032_000000000000000045.png,Adverse_A_scene_000032_000000000000000045.txt,Adverse_A,Adverse_A_scene_000032,000000000000000045
Adverse_A_scene_000032_000000000000000065.png,Adverse_A_scene_000032_000000000000000065.txt,Adverse_A,Adverse_A_scene_000032,000000000000000065
Adverse_A_scene_000032_000000000000000085.png,Adverse_A_scene_000032_000000000000000085.txt,Adverse_A,Adverse_A_scene_000032,000000000000000085
Adverse_A_scene_000032_000000000000000105.png,Adverse_A_scene_000032_000000000000000105.txt,Adverse_A,Adverse_A_scene_000032,000000000000000105
Adverse_A_scene_000032_000000000000000125.png,Adverse_A_scene_000032_000000000000000125.txt,Adverse_A,Adverse_A_scene_000032,000000000000000125
Adverse_A_scene_000032_000000000000000145.png,Adverse_A_scene_000032_000000000000000145.txt,Adverse_A,Adverse_A_scene_000032,000000000000000145
Adverse_A_scene_000032_000000000000000165.png,Adverse_A_scene_000032_000000000000000165.txt,Adverse_A,Adverse_A_scene_000032,000000000000000165
Adverse_A_scene_000032_000000000000000185.png,Adverse_A_scene_000032_000000000000000185.txt,Adverse_A,Adverse_A_scene_000032,000000000000000185
Adverse_A_scene_000032_000000000000000205.png,Adverse_A_scene_000032_000000000000000205.txt,Adverse_A,Adverse_A_scene_000032,000000000000000205
Adverse_A_scene_000033_000000000000000025.png,Adverse_A_scene_000033_000000000000000025.txt,Adverse_A,Adverse_A_scene_000033,000000000000000025
Adverse_A_scene_000033_000000000000000045.png,Adverse_A_scene_000033_000000000000000045.txt,Adverse_A,Adverse_A_scene_000033,000000000000000045
Adverse_A_scene_000033_000000000000000065.png,Adverse_A_scene_000033_000000000000000065.txt,Adverse_A,Adverse_A_scene_000033,000000000000000065
Adverse_A_scene_000033_000000000000000085.png,Adverse_A_scene_000033_000000000000000085.txt,Adverse_A,Adverse_A_scene_000033,000000000000000085
Adverse_A_scene_000033_000000000000000105.png,Adverse_A_scene_000033_000000000000000105.txt,Adverse_A,Adverse_A_scene_000033,000000000000000105
Adverse_A_scene_000033_000000000000000125.png,Adverse_A_scene_000033_000000000000000125.txt,Adverse_A,Adverse_A_scene_000033,000000000000000125
Adverse_A_scene_000033_000000000000000145.png,Adverse_A_scene_000033_000000000000000145.txt,Adverse_A,Adverse_A_scene_000033,000000000000000145
Adverse_A_scene_000033_000000000000000165.png,Adverse_A_scene_000033_000000000000000165.txt,Adverse_A,Adverse_A_scene_000033,000000000000000165
Adverse_A_scene_000033_000000000000000185.png,Adverse_A_scene_000033_000000000000000185.txt,Adverse_A,Adverse_A_scene_000033,000000000000000185
Adverse_A_scene_000033_000000000000000205.png,Adverse_A_scene_000033_000000000000000205.txt,Adverse_A,Adverse_A_scene_000033,000000000000000205
Adverse_A_scene_000034_000000000000000025.png,Adverse_A_scene_000034_000000000000000025.txt,Adverse_A,Adverse_A_scene_000034,000000000000000025
Adverse_A_scene_000034_000000000000000045.png,Adverse_A_scene_000034_000000000000000045.txt,Adverse_A,Adverse_A_scene_000034,000000000000000045
Adverse_A_scene_000034_000000000000000065.png,Adverse_A_scene_000034_000000000000000065.txt,Adverse_A,Adverse_A_scene_000034,000000000000000065
Adverse_A_scene_000034_000000000000000085.png,Adverse_A_scene_000034_000000000000000085.txt,Adverse_A,Adverse_A_scene_000034,000000000000000085
Adverse_A_scene_000034_000000000000000105.png,Adverse_A_scene_000034_000000000000000105.txt,Adverse_A,Adverse_A_scene_000034,000000000000000105
Adverse_A_scene_000034_000000000000000125.png,Adverse_A_scene_000034_000000000000000125.txt,Adverse_A,Adverse_A_scene_000034,000000000000000125
Adverse_A_scene_000034_000000000000000145.png,Adverse_A_scene_000034_000000000000000145.txt,Adverse_A,Adverse_A_scene_000034,000000000000000145
Adverse_A_scene_000034_000000000000000165.png,Adverse_A_scene_000034_000000000000000165.txt,Adverse_A,Adverse_A_scene_000034,000000000000000165
Adverse_A_scene_000034_000000000000000185.png,Adverse_A_scene_000034_000000000000000185.txt,Adverse_A,Adverse_A_scene_000034,000000000000000185
Adverse_A_scene_000034_000000000000000205.png,Adverse_A_scene_000034_000000000000000205.txt,Adverse_A,Adverse_A_scene_000034,000000000000000205
Adverse_A_scene_000035_000000000000000025.png,Adverse_A_scene_000035_000000000000000025.txt,Adverse_A,Adverse_A_scene_000035,000000000000000025
Adverse_A_scene_000035_000000000000000045.png,Adverse_A_scene_000035_000000000000000045.txt,Adverse_A,Adverse_A_scene_000035,000000000000000045
Adverse_A_scene_000035_000000000000000065.png,Adverse_A_scene_000035_000000000000000065.txt,Adverse_A,Adverse_A_scene_000035,000000000000000065
Adverse_A_scene_000035_000000000000000085.png,Adverse_A_scene_000035_000000000000000085.txt,Adverse_A,Adverse_A_scene_000035,000000000000000085
Adverse_A_scene_000035_000000000000000105.png,Adverse_A_scene_000035_000000000000000105.txt,Adverse_A,Adverse_A_scene_000035,000000000000000105
Adverse_A_scene_000035_000000000000000125.png,Adverse_A_scene_000035_000000000000000125.txt,Adverse_A,Adverse_A_scene_000035,000000000000000125
Adverse_A_scene_000035_000000000000000145.png,Adverse_A_scene_000035_000000000000000145.txt,Adverse_A,Adverse_A_scene_000035,000000000000000145
Adverse_A_scene_000035_000000000000000165.png,Adverse_A_scene_000035_000000000000000165.txt,Adverse_A,Adverse_A_scene_000035,000000000000000165
Adverse_A_scene_000035_000000000000000185.png,Adverse_A_scene_000035_000000000000000185.txt,Adverse_A,Adverse_A_scene_000035,000000000000000185
Adverse_A_scene_000035_000000000000000205.png,Adverse_A_scene_000035_000000000000000205.txt,Adverse_A,Adverse_A_scene_000035,000000000000000205
Adverse_A_scene_000036_000000000000000025.png,Adverse_A_scene_000036_000000000000000025.txt,Adverse_A,Adverse_A_scene_000036,000000000000000025
Adverse_A_scene_000036_000000000000000045.png,Adverse_A_scene_000036_000000000000000045.txt,Adverse_A,Adverse_A_scene_000036,000000000000000045
Adverse_A_scene_000036_000000000000000065.png,Adverse_A_scene_000036_000000000000000065.txt,Adverse_A,Adverse_A_scene_000036,000000000000000065
Adverse_A_scene_000036_000000000000000085.png,Adverse_A_scene_000036_000000000000000085.txt,Adverse_A,Adverse_A_scene_000036,000000000000000085
Adverse_A_scene_000036_000000000000000105.png,Adverse_A_scene_000036_000000000000000105.txt,Adverse_A,Adverse_A_scene_000036,000000000000000105
Adverse_A_scene_000036_000000000000000125.png,Adverse_A_scene_000036_000000000000000125.txt,Adverse_A,Adverse_A_scene_000036,000000000000000125
Adverse_A_scene_000036_000000000000000145.png,Adverse_A_scene_000036_000000000000000145.txt,Adverse_A,Adverse_A_scene_000036,000000000000000145
Adverse_A_scene_000036_000000000000000165.png,Adverse_A_scene_000036_000000000000000165.txt,Adverse_A,Adverse_A_scene_000036,000000000000000165
Adverse_A_scene_000036_000000000000000185.png,Adverse_A_scene_000036_000000000000000185.txt,Adverse_A,Adverse_A_scene_000036,000000000000000185
Adverse_A_scene_000036_000000000000000205.png,Adverse_A_scene_000036_000000000000000205.txt,Adverse_A,Adverse_A_scene_000036,000000000000000205
Adverse_A_scene_000037_000000000000000025.png,Adverse_A_scene_000037_000000000000000025.txt,Adverse_A,Adverse_A_scene_000037,000000000000000025
Adverse_A_scene_000037_000000000000000045.png,Adverse_A_scene_000037_000000000000000045.txt,Adverse_A,Adverse_A_scene_000037,000000000000000045
Adverse_A_scene_000037_000000000000000065.png,Adverse_A_scene_000037_000000000000000065.txt,Adverse_A,Adverse_A_scene_000037,000000000000000065
Adverse_A_scene_000037_000000000000000085.png,Adverse_A_scene_000037_000000000000000085.txt,Adverse_A,Adverse_A_scene_000037,000000000000000085
Adverse_A_scene_000037_000000000000000105.png,Adverse_A_scene_000037_000000000000000105.txt,Adverse_A,Adverse_A_scene_000037,000000000000000105
Adverse_A_scene_000037_000000000000000125.png,Adverse_A_scene_000037_000000000000000125.txt,Adverse_A,Adverse_A_scene_000037,000000000000000125
Adverse_A_scene_000037_000000000000000145.png,Adverse_A_scene_000037_000000000000000145.txt,Adverse_A,Adverse_A_scene_000037,000000000000000145
Adverse_A_scene_000037_000000000000000165.png,Adverse_A_scene_000037_000000000000000165.txt,Adverse_A,Adverse_A_scene_000037,000000000000000165
Adverse_A_scene_000037_000000000000000185.png,Adverse_A_scene_000037_000000000000000185.txt,Adverse_A,Adverse_A_scene_000037,000000000000000185
Adverse_A_scene_000037_000000000000000205.png,Adverse_A_scene_000037_000000000000000205.txt,Adverse_A,Adverse_A_scene_000037,000000000000000205
Adverse_A_scene_000038_000000000000000025.png,Adverse_A_scene_000038_000000000000000025.txt,Adverse_A,Adverse_A_scene_000038,000000000000000025
Adverse_A_scene_000038_000000000000000045.png,Adverse_A_scene_000038_000000000000000045.txt,Adverse_A,Adverse_A_scene_000038,000000000000000045
Adverse_A_scene_000038_000000000000000065.png,Adverse_A_scene_000038_000000000000000065.txt,Adverse_A,Adverse_A_scene_000038,000000000000000065
Adverse_A_scene_000038_000000000000000085.png,Adverse_A_scene_000038_000000000000000085.txt,Adverse_A,Adverse_A_scene_000038,000000000000000085
Adverse_A_scene_000038_000000000000000105.png,Adverse_A_scene_000038_000000000000000105.txt,Adverse_A,Adverse_A_scene_000038,000000000000000105
Adverse_A_scene_000038_000000000000000125.png,Adverse_A_scene_000038_000000000000000125.txt,Adverse_A,Adverse_A_scene_000038,000000000000000125
Adverse_A_scene_000038_000000000000000145.png,Adverse_A_scene_000038_000000000000000145.txt,Adverse_A,Adverse_A_scene_000038,000000000000000145
Adverse_A_scene_000038_000000000000000165.png,Adverse_A_scene_000038_000000000000000165.txt,Adverse_A,Adverse_A_scene_000038,000000000000000165
Adverse_A_scene_000038_000000000000000185.png,Adverse_A_scene_000038_000000000000000185.txt,Adverse_A,Adverse_A_scene_000038,000000000000000185
Adverse_A_scene_000038_000000000000000205.png,Adverse_A_scene_000038_000000000000000205.txt,Adverse_A,Adverse_A_scene_000038,000000000000000205
Adverse_A_scene_000039_000000000000000025.png,Adverse_A_scene_000039_000000000000000025.txt,Adverse_A,Adverse_A_scene_000039,000000000000000025
Adverse_A_scene_000039_000000000000000045.png,Adverse_A_scene_000039_000000000000000045.txt,Adverse_A,Adverse_A_scene_000039,000000000000000045
Adverse_A_scene_000039_000000000000000065.png,Adverse_A_scene_000039_000000000000000065.txt,Adverse_A,Adverse_A_scene_000039,000000000000000065
Adverse_A_scene_000039_000000000000000085.png,Adverse_A_scene_000039_000000000000000085.txt,Adverse_A,Adverse_A_scene_000039,000000000000000085
Adverse_A_scene_000039_000000000000000105.png,Adverse_A_scene_000039_000000000000000105.txt,Adverse_A,Adverse_A_scene_000039,000000000000000105
Adverse_A_scene_000039_000000000000000125.png,Adverse_A_scene_000039_000000000000000125.txt,Adverse_A,Adverse_A_scene_000039,000000000000000125
Adverse_A_scene_000039_000000000000000145.png,Adverse_A_scene_000039_000000000000000145.txt,Adverse_A,Adverse_A_scene_000039,000000000000000145
Adverse_A_scene_000039_000000000000000165.png,Adverse_A_scene_000039_000000000000000165.txt,Adverse_A,Adverse_A_scene_000039,000000000000000165
Adverse_A_scene_000039_000000000000000185.png,Adverse_A_scene_000039_000000000000000185.txt,Adverse_A,Adverse_A_scene_000039,000000000000000185
Adverse_A_scene_000039_000000000000000205.png,Adverse_A_scene_000039_000000000000000205.txt,Adverse_A,Adverse_A_scene_000039,000000000000000205
Adverse_A_scene_000040_000000000000000025.png,Adverse_A_scene_000040_000000000000000025.txt,Adverse_A,Adverse_A_scene_000040,000000000000000025
Adverse_A_scene_000040_000000000000000045.png,Adverse_A_scene_000040_000000000000000045.txt,Adverse_A,Adverse_A_scene_000040,000000000000000045
Adverse_A_scene_000040_000000000000000065.png,Adverse_A_scene_000040_000000000000000065.txt,Adverse_A,Adverse_A_scene_000040,000000000000000065
Adverse_A_scene_000040_000000000000000085.png,Adverse_A_scene_000040_000000000000000085.txt,Adverse_A,Adverse_A_scene_000040,000000000000000085
Adverse_A_scene_000040_000000000000000105.png,Adverse_A_scene_000040_000000000000000105.txt,Adverse_A,Adverse_A_scene_000040,000000000000000105
Adverse_A_scene_000040_000000000000000125.png,Adverse_A_scene_000040_000000000000000125.txt,Adverse_A,Adverse_A_scene_000040,000000000000000125
Adverse_A_scene_000040_000000000000000145.png,Adverse_A_scene_000040_000000000000000145.txt,Adverse_A,Adverse_A_scene_000040,000000000000000145
Adverse_A_scene_000040_000000000000000165.png,Adverse_A_scene_000040_000000000000000165.txt,Adverse_A,Adverse_A_scene_000040,000000000000000165
Adverse_A_scene_000040_000000000000000185.png,Adverse_A_scene_000040_000000000000000185.txt,Adverse_A,Adverse_A_scene_000040,000000000000000185
Adverse_A_scene_000040_000000000000000205.png,Adverse_A_scene_000040_000000000000000205.txt,Adverse_A,Adverse_A_scene_000040,000000000000000205
Adverse_A_scene_000041_000000000000000025.png,Adverse_A_scene_000041_000000000000000025.txt,Adverse_A,Adverse_A_scene_000041,000000000000000025
Adverse_A_scene_000041_000000000000000045.png,Adverse_A_scene_000041_000000000000000045.txt,Adverse_A,Adverse_A_scene_000041,000000000000000045
Adverse_A_scene_000041_000000000000000065.png,Adverse_A_scene_000041_000000000000000065.txt,Adverse_A,Adverse_A_scene_000041,000000000000000065
Adverse_A_scene_000041_000000000000000085.png,Adverse_A_scene_000041_000000000000000085.txt,Adverse_A,Adverse_A_scene_000041,000000000000000085
Adverse_A_scene_000041_000000000000000105.png,Adverse_A_scene_000041_000000000000000105.txt,Adverse_A,Adverse_A_scene_000041,000000000000000105
Adverse_A_scene_000041_000000000000000125.png,Adverse_A_scene_000041_000000000000000125.txt,Adverse_A,Adverse_A_scene_000041,000000000000000125
Adverse_A_scene_000041_000000000000000145.png,Adverse_A_scene_000041_000000000000000145.txt,Adverse_A,Adverse_A_scene_000041,000000000000000145
Adverse_A_scene_000041_000000000000000165.png,Adverse_A_scene_000041_000000000000000165.txt,Adverse_A,Adverse_A_scene_000041,000000000000000165
Adverse_A_scene_000041_000000000000000185.png,Adverse_A_scene_000041_000000000000000185.txt,Adverse_A,Adverse_A_scene_000041,000000000000000185
Adverse_A_scene_000041_000000000000000205.png,Adverse_A_scene_000041_000000000000000205.txt,Adverse_A,Adverse_A_scene_000041,000000000000000205
Adverse_A_scene_000042_000000000000000025.png,Adverse_A_scene_000042_000000000000000025.txt,Adverse_A,Adverse_A_scene_000042,000000000000000025
Adverse_A_scene_000042_000000000000000045.png,Adverse_A_scene_000042_000000000000000045.txt,Adverse_A,Adverse_A_scene_000042,000000000000000045
Adverse_A_scene_000042_000000000000000065.png,Adverse_A_scene_000042_000000000000000065.txt,Adverse_A,Adverse_A_scene_000042,000000000000000065
Adverse_A_scene_000042_000000000000000085.png,Adverse_A_scene_000042_000000000000000085.txt,Adverse_A,Adverse_A_scene_000042,000000000000000085
Adverse_A_scene_000042_000000000000000105.png,Adverse_A_scene_000042_000000000000000105.txt,Adverse_A,Adverse_A_scene_000042,000000000000000105
Adverse_A_scene_000042_000000000000000125.png,Adverse_A_scene_000042_000000000000000125.txt,Adverse_A,Adverse_A_scene_000042,000000000000000125
Adverse_A_scene_000042_000000000000000145.png,Adverse_A_scene_000042_000000000000000145.txt,Adverse_A,Adverse_A_scene_000042,000000000000000145
Adverse_A_scene_000042_000000000000000165.png,Adverse_A_scene_000042_000000000000000165.txt,Adverse_A,Adverse_A_scene_000042,000000000000000165
Adverse_A_scene_000042_000000000000000185.png,Adverse_A_scene_000042_000000000000000185.txt,Adverse_A,Adverse_A_scene_000042,000000000000000185
Adverse_A_scene_000042_000000000000000205.png,Adverse_A_scene_000042_000000000000000205.txt,Adverse_A,Adverse_A_scene_000042,000000000000000205
Adverse_A_scene_000043_000000000000000025.png,Adverse_A_scene_000043_000000000000000025.txt,Adverse_A,Adverse_A_scene_000043,000000000000000025
Adverse_A_scene_000043_000000000000000045.png,Adverse_A_scene_000043_000000000000000045.txt,Adverse_A,Adverse_A_scene_000043,000000000000000045
Adverse_A_scene_000043_000000000000000065.png,Adverse_A_scene_000043_000000000000000065.txt,Adverse_A,Adverse_A_scene_000043,000000000000000065
Adverse_A_scene_000043_000000000000000085.png,Adverse_A_scene_000043_000000000000000085.txt,Adverse_A,Adverse_A_scene_000043,000000000000000085
Adverse_A_scene_000043_000000000000000105.png,Adverse_A_scene_000043_000000000000000105.txt,Adverse_A,Adverse_A_scene_000043,000000000000000105
Adverse_A_scene_000043_000000000000000125.png,Adverse_A_scene_000043_000000000000000125.txt,Adverse_A,Adverse_A_scene_000043,000000000000000125
Adverse_A_scene_000043_000000000000000145.png,Adverse_A_scene_000043_000000000000000145.txt,Adverse_A,Adverse_A_scene_000043,000000000000000145
Adverse_A_scene_000043_000000000000000165.png,Adverse_A_scene_000043_000000000000000165.txt,Adverse_A,Adverse_A_scene_000043,000000000000000165
Adverse_A_scene_000043_000000000000000185.png,Adverse_A_scene_000043_000000000000000185.txt,Adverse_A,Adverse_A_scene_000043,000000000000000185
Adverse_A_scene_000043_000000000000000205.png,Adverse_A_scene_000043_000000000000000205.txt,Adverse_A,Adverse_A_scene_000043,000000000000000205
Adverse_A_scene_000044_000000000000000025.png,Adverse_A_scene_000044_000000000000000025.txt,Adverse_A,Adverse_A_scene_000044,000000000000000025
Adverse_A_scene_000044_000000000000000045.png,Adverse_A_scene_000044_000000000000000045.txt,Adverse_A,Adverse_A_scene_000044,000000000000000045
Adverse_A_scene_000044_000000000000000065.png,Adverse_A_scene_000044_000000000000000065.txt,Adverse_A,Adverse_A_scene_000044,000000000000000065
Adverse_A_scene_000044_000000000000000085.png,Adverse_A_scene_000044_000000000000000085.txt,Adverse_A,Adverse_A_scene_000044,000000000000000085
Adverse_A_scene_000044_000000000000000105.png,Adverse_A_scene_000044_000000000000000105.txt,Adverse_A,Adverse_A_scene_000044,000000000000000105
Adverse_A_scene_000044_000000000000000125.png,Adverse_A_scene_000044_000000000000000125.txt,Adverse_A,Adverse_A_scene_000044,000000000000000125
Adverse_A_scene_000044_000000000000000145.png,Adverse_A_scene_000044_000000000000000145.txt,Adverse_A,Adverse_A_scene_000044,000000000000000145
Adverse_A_scene_000044_000000000000000165.png,Adverse_A_scene_000044_000000000000000165.txt,Adverse_A,Adverse_A_scene_000044,000000000000000165
Adverse_A_scene_000044_000000000000000185.png,Adverse_A_scene_000044_000000000000000185.txt,Adverse_A,Adverse_A_scene_000044,000000000000000185
Adverse_A_scene_000044_000000000000000205.png,Adverse_A_scene_000044_000000000000000205.txt,Adverse_A,Adverse_A_scene_000044,000000000000000205
Adverse_A_scene_000045_000000000000000025.png,Adverse_A_scene_000045_000000000000000025.txt,Adverse_A,Adverse_A_scene_000045,000000000000000025
Adverse_A_scene_000045_000000000000000045.png,Adverse_A_scene_000045_000000000000000045.txt,Adverse_A,Adverse_A_scene_000045,000000000000000045
Adverse_A_scene_000045_000000000000000065.png,Adverse_A_scene_000045_000000000000000065.txt,Adverse_A,Adverse_A_scene_000045,000000000000000065
Adverse_A_scene_000045_000000000000000085.png,Adverse_A_scene_000045_000000000000000085.txt,Adverse_A,Adverse_A_scene_000045,000000000000000085
Adverse_A_scene_000045_000000000000000105.png,Adverse_A_scene_000045_000000000000000105.txt,Adverse_A,Adverse_A_scene_000045,000000000000000105
Adverse_A_scene_000045_000000000000000125.png,Adverse_A_scene_000045_000000000000000125.txt,Adverse_A,Adverse_A_scene_000045,000000000000000125
Adverse_A_scene_000045_000000000000000145.png,Adverse_A_scene_000045_000000000000000145.txt,Adverse_A,Adverse_A_scene_000045,000000000000000145
Adverse_A_scene_000045_000000000000000165.png,Adverse_A_scene_000045_000000000000000165.txt,Adverse_A,Adverse_A_scene_000045,000000000000000165
Adverse_A_scene_000045_000000000000000185.png,Adverse_A_scene_000045_000000000000000185.txt,Adverse_A,Adverse_A_scene_000045,000000000000000185
Adverse_A_scene_000045_000000000000000205.png,Adverse_A_scene_000045_000000000000000205.txt,Adverse_A,Adverse_A_scene_000045,000000000000000205
Adverse_A_scene_000046_000000000000000025.png,Adverse_A_scene_000046_000000000000000025.txt,Adverse_A,Adverse_A_scene_000046,000000000000000025
Adverse_A_scene_000046_000000000000000045.png,Adverse_A_scene_000046_000000000000000045.txt,Adverse_A,Adverse_A_scene_000046,000000000000000045
Adverse_A_scene_000046_000000000000000065.png,Adverse_A_scene_000046_000000000000000065.txt,Adverse_A,Adverse_A_scene_000046,000000000000000065
Adverse_A_scene_000046_000000000000000085.png,Adverse_A_scene_000046_000000000000000085.txt,Adverse_A,Adverse_A_scene_000046,000000000000000085
Adverse_A_scene_000046_000000000000000105.png,Adverse_A_scene_000046_000000000000000105.txt,Adverse_A,Adverse_A_scene_000046,000000000000000105
Adverse_A_scene_000046_000000000000000125.png,Adverse_A_scene_000046_000000000000000125.txt,Adverse_A,Adverse_A_scene_000046,000000000000000125
Adverse_A_scene_000046_000000000000000145.png,Adverse_A_scene_000046_000000000000000145.txt,Adverse_A,Adverse_A_scene_000046,000000000000000145
Adverse_A_scene_000046_000000000000000165.png,Adverse_A_scene_000046_000000000000000165.txt,Adverse_A,Adverse_A_scene_000046,000000000000000165
Adverse_A_scene_000046_000000000000000185.png,Adverse_A_scene_000046_000000000000000185.txt,Adverse_A,Adverse_A_scene_000046,000000000000000185
Adverse_A_scene_000046_000000000000000205.png,Adverse_A_scene_000046_000000000000000205.txt,Adverse_A,Adverse_A_scene_000046,000000000000000205
Adverse_A_scene_000047_000000000000000025.png,Adverse_A_scene_000047_000000000000000025.txt,Adverse_A,Adverse_A_scene_000047,000000000000000025
Adverse_A_scene_000047_000000000000000045.png,Adverse_A_scene_000047_000000000000000045.txt,Adverse_A,Adverse_A_scene_000047,000000000000000045
Adverse_A_scene_000047_000000000000000065.png,Adverse_A_scene_000047_000000000000000065.txt,Adverse_A,Adverse_A_scene_000047,000000000000000065
Adverse_A_scene_000047_000000000000000085.png,Adverse_A_scene_000047_000000000000000085.txt,Adverse_A,Adverse_A_scene_000047,000000000000000085
Adverse_A_scene_000047_000000000000000105.png,Adverse_A_scene_000047_000000000000000105.txt,Adverse_A,Adverse_A_scene_000047,000000000000000105
Adverse_A_scene_000047_000000000000000125.png,Adverse_A_scene_000047_000000000000000125.txt,Adverse_A,Adverse_A_scene_000047,000000000000000125
Adverse_A_scene_000047_000000000000000145.png,Adverse_A_scene_000047_000000000000000145.txt,Adverse_A,Adverse_A_scene_000047,000000000000000145
Adverse_A_scene_000047_000000000000000165.png,Adverse_A_scene_000047_000000000000000165.txt,Adverse_A,Adverse_A_scene_000047,000000000000000165
Adverse_A_scene_000047_000000000000000185.png,Adverse_A_scene_000047_000000000000000185.txt,Adverse_A,Adverse_A_scene_000047,000000000000000185
Adverse_A_scene_000047_000000000000000205.png,Adverse_A_scene_000047_000000000000000205.txt,Adverse_A,Adverse_A_scene_000047,000000000000000205
Adverse_A_scene_000048_000000000000000025.png,Adverse_A_scene_000048_000000000000000025.txt,Adverse_A,Adverse_A_scene_000048,000000000000000025
Adverse_A_scene_000048_000000000000000045.png,Adverse_A_scene_000048_000000000000000045.txt,Adverse_A,Adverse_A_scene_000048,000000000000000045
Adverse_A_scene_000048_000000000000000065.png,Adverse_A_scene_000048_000000000000000065.txt,Adverse_A,Adverse_A_scene_000048,000000000000000065
Adverse_A_scene_000048_000000000000000085.png,Adverse_A_scene_000048_000000000000000085.txt,Adverse_A,Adverse_A_scene_000048,000000000000000085
Adverse_A_scene_000048_000000000000000105.png,Adverse_A_scene_000048_000000000000000105.txt,Adverse_A,Adverse_A_scene_000048,000000000000000105
Adverse_A_scene_000048_000000000000000125.png,Adverse_A_scene_000048_000000000000000125.txt,Adverse_A,Adverse_A_scene_000048,000000000000000125
Adverse_A_scene_000048_000000000000000145.png,Adverse_A_scene_000048_000000000000000145.txt,Adverse_A,Adverse_A_scene_000048,000000000000000145
Adverse_A_scene_000048_000000000000000165.png,Adverse_A_scene_000048_000000000000000165.txt,Adverse_A,Adverse_A_scene_000048,000000000000000165
Adverse_A_scene_000048_000000000000000185.png,Adverse_A_scene_000048_000000000000000185.txt,Adverse_A,Adverse_A_scene_000048,000000000000000185
Adverse_A_scene_000048_000000000000000205.png,Adverse_A_scene_000048_000000000000000205.txt,Adverse_A,Adverse_A_scene_000048,000000000000000205
Adverse_A_scene_000049_000000000000000025.png,Adverse_A_scene_000049_000000000000000025.txt,Adverse_A,Adverse_A_scene_000049,000000000000000025
Adverse_A_scene_000049_000000000000000045.png,Adverse_A_scene_000049_000000000000000045.txt,Adverse_A,Adverse_A_scene_000049,000000000000000045
Adverse_A_scene_000049_000000000000000065.png,Adverse_A_scene_000049_000000000000000065.txt,Adverse_A,Adverse_A_scene_000049,000000000000000065
Adverse_A_scene_000049_000000000000000085.png,Adverse_A_scene_000049_000000000000000085.txt,Adverse_A,Adverse_A_scene_000049,000000000000000085
Adverse_A_scene_000049_000000000000000105.png,Adverse_A_scene_000049_000000000000000105.txt,Adverse_A,Adverse_A_scene_000049,000000000000000105
Adverse_A_scene_000049_000000000000000125.png,Adverse_A_scene_000049_000000000000000125.txt,Adverse_A,Adverse_A_scene_000049,000000000000000125
Adverse_A_scene_000049_000000000000000145.png,Adverse_A_scene_000049_000000000000000145.txt,Adverse_A,Adverse_A_scene_000049,000000000000000145
Adverse_A_scene_000049_000000000000000165.png,Adverse_A_scene_000049_000000000000000165.txt,Adverse_A,Adverse_A_scene_000049,000000000000000165
Adverse_A_scene_000049_000000000000000185.png,Adverse_A_scene_000049_000000000000000185.txt,Adverse_A,Adverse_A_scene_000049,000000000000000185
Adverse_A_scene_000049_000000000000000205.png,Adverse_A_scene_000049_000000000000000205.txt,Adverse_A,Adverse_A_scene_000049,000000000000000205
Adverse_A_scene_000050_000000000000000025.png,Adverse_A_scene_000050_000000000000000025.txt,Adverse_A,Adverse_A_scene_000050,000000000000000025
Adverse_A_scene_000050_000000000000000045.png,Adverse_A_scene_000050_000000000000000045.txt,Adverse_A,Adverse_A_scene_000050,000000000000000045
Adverse_A_scene_000050_000000000000000065.png,Adverse_A_scene_000050_000000000000000065.txt,Adverse_A,Adverse_A_scene_000050,000000000000000065
Adverse_A_scene_000050_000000000000000085.png,Adverse_A_scene_000050_000000000000000085.txt,Adverse_A,Adverse_A_scene_000050,000000000000000085
Adverse_A_scene_000050_000000000000000105.png,Adverse_A_scene_000050_000000000000000105.txt,Adverse_A,Adverse_A_scene_000050,000000000000000105
Adverse_A_scene_000050_000000000000000125.png,Adverse_A_scene_000050_000000000000000125.txt,Adverse_A,Adverse_A_scene_000050,000000000000000125
Adverse_A_scene_000050_000000000000000145.png,Adverse_A_scene_000050_000000000000000145.txt,Adverse_A,Adverse_A_scene_000050,000000000000000145
Adverse_A_scene_000050_000000000000000165.png,Adverse_A_scene_000050_000000000000000165.txt,Adverse_A,Adverse_A_scene_000050,000000000000000165
Adverse_A_scene_000050_000000000000000185.png,Adverse_A_scene_000050_000000000000000185.txt,Adverse_A,Adverse_A_scene_000050,000000000000000185
Adverse_A_scene_000050_000000000000000205.png,Adverse_A_scene_000050_000000000000000205.txt,Adverse_A,Adverse_A_scene_000050,000000000000000205
Adverse_A_scene_000051_000000000000000025.png,Adverse_A_scene_000051_000000000000000025.txt,Adverse_A,Adverse_A_scene_000051,000000000000000025
Adverse_A_scene_000051_000000000000000045.png,Adverse_A_scene_000051_000000000000000045.txt,Adverse_A,Adverse_A_scene_000051,000000000000000045
Adverse_A_scene_000051_000000000000000065.png,Adverse_A_scene_000051_000000000000000065.txt,Adverse_A,Adverse_A_scene_000051,000000000000000065
Adverse_A_scene_000051_000000000000000085.png,Adverse_A_scene_000051_000000000000000085.txt,Adverse_A,Adverse_A_scene_000051,000000000000000085
Adverse_A_scene_000051_000000000000000105.png,Adverse_A_scene_000051_000000000000000105.txt,Adverse_A,Adverse_A_scene_000051,000000000000000105
Adverse_A_scene_000051_000000000000000125.png,Adverse_A_scene_000051_000000000000000125.txt,Adverse_A,Adverse_A_scene_000051,000000000000000125
Adverse_A_scene_000051_000000000000000145.png,Adverse_A_scene_000051_000000000000000145.txt,Adverse_A,Adverse_A_scene_000051,000000000000000145
Adverse_A_scene_000051_000000000000000165.png,Adverse_A_scene_000051_000000000000000165.txt,Adverse_A,Adverse_A_scene_000051,000000000000000165
Adverse_A_scene_000051_000000000000000185.png,Adverse_A_scene_000051_000000000000000185.txt,Adverse_A,Adverse_A_scene_000051,000000000000000185
Adverse_A_scene_000051_000000000000000205.png,Adverse_A_scene_000051_000000000000000205.txt,Adverse_A,Adverse_A_scene_000051,000000000000000205
Adverse_A_scene_000052_000000000000000025.png,Adverse_A_scene_000052_000000000000000025.txt,Adverse_A,Adverse_A_scene_000052,000000000000000025
Adverse_A_scene_000052_000000000000000045.png,Adverse_A_scene_000052_000000000000000045.txt,Adverse_A,Adverse_A_scene_000052,000000000000000045
Adverse_A_scene_000052_000000000000000065.png,Adverse_A_scene_000052_000000000000000065.txt,Adverse_A,Adverse_A_scene_000052,000000000000000065
Adverse_A_scene_000052_000000000000000085.png,Adverse_A_scene_000052_000000000000000085.txt,Adverse_A,Adverse_A_scene_000052,000000000000000085
Adverse_A_scene_000052_000000000000000105.png,Adverse_A_scene_000052_000000000000000105.txt,Adverse_A,Adverse_A_scene_000052,000000000000000105
Adverse_A_scene_000052_000000000000000125.png,Adverse_A_scene_000052_000000000000000125.txt,Adverse_A,Adverse_A_scene_000052,000000000000000125
Adverse_A_scene_000052_000000000000000145.png,Adverse_A_scene_000052_000000000000000145.txt,Adverse_A,Adverse_A_scene_000052,000000000000000145
Adverse_A_scene_000052_000000000000000165.png,Adverse_A_scene_000052_000000000000000165.txt,Adverse_A,Adverse_A_scene_000052,000000000000000165
Adverse_A_scene_000052_000000000000000185.png,Adverse_A_scene_000052_000000000000000185.txt,Adverse_A,Adverse_A_scene_000052,000000000000000185
Adverse_A_scene_000052_000000000000000205.png,Adverse_A_scene_000052_000000000000000205.txt,Adverse_A,Adverse_A_scene_000052,000000000000000205
Adverse_A_scene_000053_000000000000000025.png,Adverse_A_scene_000053_000000000000000025.txt,Adverse_A,Adverse_A_scene_000053,000000000000000025
Adverse_A_scene_000053_000000000000000045.png,Adverse_A_scene_000053_000000000000000045.txt,Adverse_A,Adverse_A_scene_000053,000000000000000045
Adverse_A_scene_000053_000000000000000065.png,Adverse_A_scene_000053_000000000000000065.txt,Adverse_A,Adverse_A_scene_000053,000000000000000065
Adverse_A_scene_000053_000000000000000085.png,Adverse_A_scene_000053_000000000000000085.txt,Adverse_A,Adverse_A_scene_000053,000000000000000085
Adverse_A_scene_000053_000000000000000105.png,Adverse_A_scene_000053_000000000000000105.txt,Adverse_A,Adverse_A_scene_000053,000000000000000105
Adverse_A_scene_000053_000000000000000125.png,Adverse_A_scene_000053_000000000000000125.txt,Adverse_A,Adverse_A_scene_000053,000000000000000125
Adverse_A_scene_000053_000000000000000145.png,Adverse_A_scene_000053_000000000000000145.txt,Adverse_A,Adverse_A_scene_000053,000000000000000145
Adverse_A_scene_000053_000000000000000165.png,Adverse_A_scene_000053_000000000000000165.txt,Adverse_A,Adverse_A_scene_000053,000000000000000165
Adverse_A_scene_000053_000000000000000185.png,Adverse_A_scene_000053_000000000000000185.txt,Adverse_A,Adverse_A_scene_000053,000000000000000185
Adverse_A_scene_000053_000000000000000205.png,Adverse_A_scene_000053_000000000000000205.txt,Adverse_A,Adverse_A_scene_000053,000000000000000205
Adverse_A_scene_000054_000000000000000025.png,Adverse_A_scene_000054_000000000000000025.txt,Adverse_A,Adverse_A_scene_000054,000000000000000025
Adverse_A_scene_000054_000000000000000045.png,Adverse_A_scene_000054_000000000000000045.txt,Adverse_A,Adverse_A_scene_000054,000000000000000045
Adverse_A_scene_000054_000000000000000065.png,Adverse_A_scene_000054_000000000000000065.txt,Adverse_A,Adverse_A_scene_000054,000000000000000065
Adverse_A_scene_000054_000000000000000085.png,Adverse_A_scene_000054_000000000000000085.txt,Adverse_A,Adverse_A_scene_000054,000000000000000085
Adverse_A_scene_000054_000000000000000105.png,Adverse_A_scene_000054_000000000000000105.txt,Adverse_A,Adverse_A_scene_000054,000000000000000105
Adverse_A_scene_000054_000000000000000125.png,Adverse_A_scene_000054_000000000000000125.txt,Adverse_A,Adverse_A_scene_000054,000000000000000125
Adverse_A_scene_000054_000000000000000145.png,Adverse_A_scene_000054_000000000000000145.txt,Adverse_A,Adverse_A_scene_000054,000000000000000145
Adverse_A_scene_000054_000000000000000165.png,Adverse_A_scene_000054_000000000000000165.txt,Adverse_A,Adverse_A_scene_000054,000000000000000165
Adverse_A_scene_000054_000000000000000185.png,Adverse_A_scene_000054_000000000000000185.txt,Adverse_A,Adverse_A_scene_000054,000000000000000185
Adverse_A_scene_000054_000000000000000205.png,Adverse_A_scene_000054_000000000000000205.txt,Adverse_A,Adverse_A_scene_000054,000000000000000205
Adverse_A_scene_000055_000000000000000025.png,Adverse_A_scene_000055_000000000000000025.txt,Adverse_A,Adverse_A_scene_000055,000000000000000025
Adverse_A_scene_000055_000000000000000045.png,Adverse_A_scene_000055_000000000000000045.txt,Adverse_A,Adverse_A_scene_000055,000000000000000045
Adverse_A_scene_000055_000000000000000065.png,Adverse_A_scene_000055_000000000000000065.txt,Adverse_A,Adverse_A_scene_000055,000000000000000065
Adverse_A_scene_000055_000000000000000085.png,Adverse_A_scene_000055_000000000000000085.txt,Adverse_A,Adverse_A_scene_000055,000000000000000085
Adverse_A_scene_000055_000000000000000105.png,Adverse_A_scene_000055_000000000000000105.txt,Adverse_A,Adverse_A_scene_000055,000000000000000105
Adverse_A_scene_000055_000000000000000125.png,Adverse_A_scene_000055_000000000000000125.txt,Adverse_A,Adverse_A_scene_000055,000000000000000125
Adverse_A_scene_000055_000000000000000145.png,Adverse_A_scene_000055_000000000000000145.txt,Adverse_A,Adverse_A_scene_000055,000000000000000145
Adverse_A_scene_000055_000000000000000165.png,Adverse_A_scene_000055_000000000000000165.txt,Adverse_A,Adverse_A_scene_000055,000000000000000165
Adverse_A_scene_000055_000000000000000185.png,Adverse_A_scene_000055_000000000000000185.txt,Adverse_A,Adverse_A_scene_000055,000000000000000185
Adverse_A_scene_000055_000000000000000205.png,Adverse_A_scene_000055_000000000000000205.txt,Adverse_A,Adverse_A_scene_000055,000000000000000205
Adverse_A_scene_000056_000000000000000025.png,Adverse_A_scene_000056_000000000000000025.txt,Adverse_A,Adverse_A_scene_000056,000000000000000025
Adverse_A_scene_000056_000000000000000045.png,Adverse_A_scene_000056_000000000000000045.txt,Adverse_A,Adverse_A_scene_000056,000000000000000045
Adverse_A_scene_000056_000000000000000065.png,Adverse_A_scene_000056_000000000000000065.txt,Adverse_A,Adverse_A_scene_000056,000000000000000065
Adverse_A_scene_000056_000000000000000085.png,Adverse_A_scene_000056_000000000000000085.txt,Adverse_A,Adverse_A_scene_000056,000000000000000085
Adverse_A_scene_000056_000000000000000105.png,Adverse_A_scene_000056_000000000000000105.txt,Adverse_A,Adverse_A_scene_000056,000000000000000105
Adverse_A_scene_000056_000000000000000125.png,Adverse_A_scene_000056_000000000000000125.txt,Adverse_A,Adverse_A_scene_000056,000000000000000125
Adverse_A_scene_000056_000000000000000145.png,Adverse_A_scene_000056_000000000000000145.txt,Adverse_A,Adverse_A_scene_000056,000000000000000145
Adverse_A_scene_000056_000000000000000165.png,Adverse_A_scene_000056_000000000000000165.txt,Adverse_A,Adverse_A_scene_000056,000000000000000165
Adverse_A_scene_000056_000000000000000185.png,Adverse_A_scene_000056_000000000000000185.txt,Adverse_A,Adverse_A_scene_000056,000000000000000185
Adverse_A_scene_000056_000000000000000205.png,Adverse_A_scene_000056_000000000000000205.txt,Adverse_A,Adverse_A_scene_000056,000000000000000205
Adverse_A_scene_000057_000000000000000025.png,Adverse_A_scene_000057_000000000000000025.txt,Adverse_A,Adverse_A_scene_000057,000000000000000025
Adverse_A_scene_000057_000000000000000045.png,Adverse_A_scene_000057_000000000000000045.txt,Adverse_A,Adverse_A_scene_000057,000000000000000045
Adverse_A_scene_000057_000000000000000065.png,Adverse_A_scene_000057_000000000000000065.txt,Adverse_A,Adverse_A_scene_000057,000000000000000065
Adverse_A_scene_000057_000000000000000085.png,Adverse_A_scene_000057_000000000000000085.txt,Adverse_A,Adverse_A_scene_000057,000000000000000085
Adverse_A_scene_000057_000000000000000105.png,Adverse_A_scene_000057_000000000000000105.txt,Adverse_A,Adverse_A_scene_000057,000000000000000105
Adverse_A_scene_000057_000000000000000125.png,Adverse_A_scene_000057_000000000000000125.txt,Adverse_A,Adverse_A_scene_000057,000000000000000125
Adverse_A_scene_000057_000000000000000145.png,Adverse_A_scene_000057_000000000000000145.txt,Adverse_A,Adverse_A_scene_000057,000000000000000145
Adverse_A_scene_000057_000000000000000165.png,Adverse_A_scene_000057_000000000000000165.txt,Adverse_A,Adverse_A_scene_000057,000000000000000165
Adverse_A_scene_000057_000000000000000185.png,Adverse_A_scene_000057_000000000000000185.txt,Adverse_A,Adverse_A_scene_000057,000000000000000185
Adverse_A_scene_000057_000000000000000205.png,Adverse_A_scene_000057_000000000000000205.txt,Adverse_A,Adverse_A_scene_000057,000000000000000205
Adverse_A_scene_000058_000000000000000025.png,Adverse_A_scene_000058_000000000000000025.txt,Adverse_A,Adverse_A_scene_000058,000000000000000025
Adverse_A_scene_000058_000000000000000045.png,Adverse_A_scene_000058_000000000000000045.txt,Adverse_A,Adverse_A_scene_000058,000000000000000045
Adverse_A_scene_000058_000000000000000065.png,Adverse_A_scene_000058_000000000000000065.txt,Adverse_A,Adverse_A_scene_000058,000000000000000065
Adverse_A_scene_000058_000000000000000085.png,Adverse_A_scene_000058_000000000000000085.txt,Adverse_A,Adverse_A_scene_000058,000000000000000085
Adverse_A_scene_000058_000000000000000105.png,Adverse_A_scene_000058_000000000000000105.txt,Adverse_A,Adverse_A_scene_000058,000000000000000105
Adverse_A_scene_000058_000000000000000125.png,Adverse_A_scene_000058_000000000000000125.txt,Adverse_A,Adverse_A_scene_000058,000000000000000125
Adverse_A_scene_000058_000000000000000145.png,Adverse_A_scene_000058_000000000000000145.txt,Adverse_A,Adverse_A_scene_000058,000000000000000145
Adverse_A_scene_000058_000000000000000165.png,Adverse_A_scene_000058_000000000000000165.txt,Adverse_A,Adverse_A_scene_000058,000000000000000165
Adverse_A_scene_000058_000000000000000185.png,Adverse_A_scene_000058_000000000000000185.txt,Adverse_A,Adverse_A_scene_000058,000000000000000185
Adverse_A_scene_000058_000000000000000205.png,Adverse_A_scene_000058_000000000000000205.txt,Adverse_A,Adverse_A_scene_000058,000000000000000205
Adverse_A_scene_000059_000000000000000025.png,Adverse_A_scene_000059_000000000000000025.txt,Adverse_A,Adverse_A_scene_000059,000000000000000025
Adverse_A_scene_000059_000000000000000045.png,Adverse_A_scene_000059_000000000000000045.txt,Adverse_A,Adverse_A_scene_000059,000000000000000045
Adverse_A_scene_000059_000000000000000065.png,Adverse_A_scene_000059_000000000000000065.txt,Adverse_A,Adverse_A_scene_000059,000000000000000065
Adverse_A_scene_000059_000000000000000085.png,Adverse_A_scene_000059_000000000000000085.txt,Adverse_A,Adverse_A_scene_000059,000000000000000085
Adverse_A_scene_000059_000000000000000105.png,Adverse_A_scene_000059_000000000000000105.txt,Adverse_A,Adverse_A_scene_000059,000000000000000105
Adverse_A_scene_000059_000000000000000125.png,Adverse_A_scene_000059_000000000000000125.txt,Adverse_A,Adverse_A_scene_000059,000000000000000125
Adverse_A_scene_000059_000000000000000145.png,Adverse_A_scene_000059_000000000000000145.txt,Adverse_A,Adverse_A_scene_000059,000000000000000145
Adverse_A_scene_000059_000000000000000165.png,Adverse_A_scene_000059_000000000000000165.txt,Adverse_A,Adverse_A_scene_000059,000000000000000165
Adverse_A_scene_000059_000000000000000185.png,Adverse_A_scene_000059_000000000000000185.txt,Adverse_A,Adverse_A_scene_000059,000000000000000185
Adverse_A_scene_000059_000000000000000205.png,Adverse_A_scene_000059_000000000000000205.txt,Adverse_A,Adverse_A_scene_000059,000000000000000205
Adverse_A_scene_000060_000000000000000025.png,Adverse_A_scene_000060_000000000000000025.txt,Adverse_A,Adverse_A_scene_000060,000000000000000025
Adverse_A_scene_000060_000000000000000045.png,Adverse_A_scene_000060_000000000000000045.txt,Adverse_A,Adverse_A_scene_000060,000000000000000045
Adverse_A_scene_000060_000000000000000065.png,Adverse_A_scene_000060_000000000000000065.txt,Adverse_A,Adverse_A_scene_000060,000000000000000065
Adverse_A_scene_000060_000000000000000085.png,Adverse_A_scene_000060_000000000000000085.txt,Adverse_A,Adverse_A_scene_000060,000000000000000085
Adverse_A_scene_000060_000000000000000105.png,Adverse_A_scene_000060_000000000000000105.txt,Adverse_A,Adverse_A_scene_000060,000000000000000105
Adverse_A_scene_000060_000000000000000125.png,Adverse_A_scene_000060_000000000000000125.txt,Adverse_A,Adverse_A_scene_000060,000000000000000125
Adverse_A_scene_000060_000000000000000145.png,Adverse_A_scene_000060_000000000000000145.txt,Adverse_A,Adverse_A_scene_000060,000000000000000145
Adverse_A_scene_000060_000000000000000165.png,Adverse_A_scene_000060_000000000000000165.txt,Adverse_A,Adverse_A_scene_000060,000000000000000165
Adverse_A_scene_000060_000000000000000185.png,Adverse_A_scene_000060_000000000000000185.txt,Adverse_A,Adverse_A_scene_000060,000000000000000185
Adverse_A_scene_000060_000000000000000205.png,Adverse_A_scene_000060_000000000000000205.txt,Adverse_A,Adverse_A_scene_000060,000000000000000205
Adverse_A_scene_000061_000000000000000025.png,Adverse_A_scene_000061_000000000000000025.txt,Adverse_A,Adverse_A_scene_000061,000000000000000025
Adverse_A_scene_000061_000000000000000045.png,Adverse_A_scene_000061_000000000000000045.txt,Adverse_A,Adverse_A_scene_000061,000000000000000045
Adverse_A_scene_000061_000000000000000065.png,Adverse_A_scene_000061_000000000000000065.txt,Adverse_A,Adverse_A_scene_000061,000000000000000065
Adverse_A_scene_000061_000000000000000085.png,Adverse_A_scene_000061_000000000000000085.txt,Adverse_A,Adverse_A_scene_000061,000000000000000085
Adverse_A_scene_000061_000000000000000105.png,Adverse_A_scene_000061_000000000000000105.txt,Adverse_A,Adverse_A_scene_000061,000000000000000105
Adverse_A_scene_000061_000000000000000125.png,Adverse_A_scene_000061_000000000000000125.txt,Adverse_A,Adverse_A_scene_000061,000000000000000125
Adverse_A_scene_000061_000000000000000145.png,Adverse_A_scene_000061_000000000000000145.txt,Adverse_A,Adverse_A_scene_000061,000000000000000145
Adverse_A_scene_000061_000000000000000165.png,Adverse_A_scene_000061_000000000000000165.txt,Adverse_A,Adverse_A_scene_000061,000000000000000165
Adverse_A_scene_000061_000000000000000185.png,Adverse_A_scene_000061_000000000000000185.txt,Adverse_A,Adverse_A_scene_000061,000000000000000185
Adverse_A_scene_000061_000000000000000205.png,Adverse_A_scene_000061_000000000000000205.txt,Adverse_A,Adverse_A_scene_000061,000000000000000205
Adverse_A_scene_000062_000000000000000025.png,Adverse_A_scene_000062_000000000000000025.txt,Adverse_A,Adverse_A_scene_000062,000000000000000025
Adverse_A_scene_000062_000000000000000045.png,Adverse_A_scene_000062_000000000000000045.txt,Adverse_A,Adverse_A_scene_000062,000000000000000045
Adverse_A_scene_000062_000000000000000065.png,Adverse_A_scene_000062_000000000000000065.txt,Adverse_A,Adverse_A_scene_000062,000000000000000065
Adverse_A_scene_000062_000000000000000085.png,Adverse_A_scene_000062_000000000000000085.txt,Adverse_A,Adverse_A_scene_000062,000000000000000085
Adverse_A_scene_000062_000000000000000105.png,Adverse_A_scene_000062_000000000000000105.txt,Adverse_A,Adverse_A_scene_000062,000000000000000105
Adverse_A_scene_000062_000000000000000125.png,Adverse_A_scene_000062_000000000000000125.txt,Adverse_A,Adverse_A_scene_000062,000000000000000125
Adverse_A_scene_000062_000000000000000145.png,Adverse_A_scene_000062_000000000000000145.txt,Adverse_A,Adverse_A_scene_000062,000000000000000145
Adverse_A_scene_000062_000000000000000165.png,Adverse_A_scene_000062_000000000000000165.txt,Adverse_A,Adverse_A_scene_000062,000000000000000165
Adverse_A_scene_000062_000000000000000185.png,Adverse_A_scene_000062_000000000000000185.txt,Adverse_A,Adverse_A_scene_000062,000000000000000185
Adverse_A_scene_000062_000000000000000205.png,Adverse_A_scene_000062_000000000000000205.txt,Adverse_A,Adverse_A_scene_000062,000000000000000205
Adverse_A_scene_000063_000000000000000025.png,Adverse_A_scene_000063_000000000000000025.txt,Adverse_A,Adverse_A_scene_000063,000000000000000025
Adverse_A_scene_000063_000000000000000045.png,Adverse_A_scene_000063_000000000000000045.txt,Adverse_A,Adverse_A_scene_000063,000000000000000045
Adverse_A_scene_000063_000000000000000065.png,Adverse_A_scene_000063_000000000000000065.txt,Adverse_A,Adverse_A_scene_000063,000000000000000065
Adverse_A_scene_000063_000000000000000085.png,Adverse_A_scene_000063_000000000000000085.txt,Adverse_A,Adverse_A_scene_000063,000000000000000085
Adverse_A_scene_000063_000000000000000105.png,Adverse_A_scene_000063_000000000000000105.txt,Adverse_A,Adverse_A_scene_000063,000000000000000105
Adverse_A_scene_000063_000000000000000125.png,Adverse_A_scene_000063_000000000000000125.txt,Adverse_A,Adverse_A_scene_000063,000000000000000125
Adverse_A_scene_000063_000000000000000145.png,Adverse_A_scene_000063_000000000000000145.txt,Adverse_A,Adverse_A_scene_000063,000000000000000145
Adverse_A_scene_000063_000000000000000165.png,Adverse_A_scene_000063_000000000000000165.txt,Adverse_A,Adverse_A_scene_000063,000000000000000165
Adverse_A_scene_000063_000000000000000185.png,Adverse_A_scene_000063_000000000000000185.txt,Adverse_A,Adverse_A_scene_000063,000000000000000185
Adverse_A_scene_000063_000000000000000205.png,Adverse_A_scene_000063_000000000000000205.txt,Adverse_A,Adverse_A_scene_000063,000000000000000205
Adverse_A_scene_000064_000000000000000025.png,Adverse_A_scene_000064_000000000000000025.txt,Adverse_A,Adverse_A_scene_000064,000000000000000025
Adverse_A_scene_000064_000000000000000045.png,Adverse_A_scene_000064_000000000000000045.txt,Adverse_A,Adverse_A_scene_000064,000000000000000045
Adverse_A_scene_000064_000000000000000065.png,Adverse_A_scene_000064_000000000000000065.txt,Adverse_A,Adverse_A_scene_000064,000000000000000065
Adverse_A_scene_000064_000000000000000085.png,Adverse_A_scene_000064_000000000000000085.txt,Adverse_A,Adverse_A_scene_000064,000000000000000085
Adverse_A_scene_000064_000000000000000105.png,Adverse_A_scene_000064_000000000000000105.txt,Adverse_A,Adverse_A_scene_000064,000000000000000105
Adverse_A_scene_000064_000000000000000125.png,Adverse_A_scene_000064_000000000000000125.txt,Adverse_A,Adverse_A_scene_000064,000000000000000125
Adverse_A_scene_000064_000000000000000145.png,Adverse_A_scene_000064_000000000000000145.txt,Adverse_A,Adverse_A_scene_000064,000000000000000145
Adverse_A_scene_000064_000000000000000165.png,Adverse_A_scene_000064_000000000000000165.txt,Adverse_A,Adverse_A_scene_000064,000000000000000165
Adverse_A_scene_000064_000000000000000185.png,Adverse_A_scene_000064_000000000000000185.txt,Adverse_A,Adverse_A_scene_000064,000000000000000185
Adverse_A_scene_000064_000000000000000205.png,Adverse_A_scene_000064_000000000000000205.txt,Adverse_A,Adverse_A_scene_000064,000000000000000205
Adverse_A_scene_000065_000000000000000025.png,Adverse_A_scene_000065_000000000000000025.txt,Adverse_A,Adverse_A_scene_000065,000000000000000025
Adverse_A_scene_000065_000000000000000045.png,Adverse_A_scene_000065_000000000000000045.txt,Adverse_A,Adverse_A_scene_000065,000000000000000045
Adverse_A_scene_000065_000000000000000065.png,Adverse_A_scene_000065_000000000000000065.txt,Adverse_A,Adverse_A_scene_000065,000000000000000065
Adverse_A_scene_000065_000000000000000085.png,Adverse_A_scene_000065_000000000000000085.txt,Adverse_A,Adverse_A_scene_000065,000000000000000085
Adverse_A_scene_000065_000000000000000105.png,Adverse_A_scene_000065_000000000000000105.txt,Adverse_A,Adverse_A_scene_000065,000000000000000105
Adverse_A_scene_000065_000000000000000125.png,Adverse_A_scene_000065_000000000000000125.txt,Adverse_A,Adverse_A_scene_000065,000000000000000125
Adverse_A_scene_000065_000000000000000145.png,Adverse_A_scene_000065_000000000000000145.txt,Adverse_A,Adverse_A_scene_000065,000000000000000145
Adverse_A_scene_000065_000000000000000165.png,Adverse_A_scene_000065_000000000000000165.txt,Adverse_A,Adverse_A_scene_000065,000000000000000165
Adverse_A_scene_000065_000000000000000185.png,Adverse_A_scene_000065_000000000000000185.txt,Adverse_A,Adverse_A_scene_000065,000000000000000185
Adverse_A_scene_000065_000000000000000205.png,Adverse_A_scene_000065_000000000000000205.txt,Adverse_A,Adverse_A_scene_000065,000000000000000205
Adverse_A_scene_000066_000000000000000025.png,Adverse_A_scene_000066_000000000000000025.txt,Adverse_A,Adverse_A_scene_000066,000000000000000025
Adverse_A_scene_000066_000000000000000045.png,Adverse_A_scene_000066_000000000000000045.txt,Adverse_A,Adverse_A_scene_000066,000000000000000045
Adverse_A_scene_000066_000000000000000065.png,Adverse_A_scene_000066_000000000000000065.txt,Adverse_A,Adverse_A_scene_000066,000000000000000065
Adverse_A_scene_000066_000000000000000085.png,Adverse_A_scene_000066_000000000000000085.txt,Adverse_A,Adverse_A_scene_000066,000000000000000085
Adverse_A_scene_000066_000000000000000105.png,Adverse_A_scene_000066_000000000000000105.txt,Adverse_A,Adverse_A_scene_000066,000000000000000105
Adverse_A_scene_000066_000000000000000125.png,Adverse_A_scene_000066_000000000000000125.txt,Adverse_A,Adverse_A_scene_000066,000000000000000125
Adverse_A_scene_000066_000000000000000145.png,Adverse_A_scene_000066_000000000000000145.txt,Adverse_A,Adverse_A_scene_000066,000000000000000145
Adverse_A_scene_000066_000000000000000165.png,Adverse_A_scene_000066_000000000000000165.txt,Adverse_A,Adverse_A_scene_000066,000000000000000165
Adverse_A_scene_000066_000000000000000185.png,Adverse_A_scene_000066_000000000000000185.txt,Adverse_A,Adverse_A_scene_000066,000000000000000185
Adverse_A_scene_000066_000000000000000205.png,Adverse_A_scene_000066_000000000000000205.txt,Adverse_A,Adverse_A_scene_000066,000000000000000205
Adverse_A_scene_000067_000000000000000025.png,Adverse_A_scene_000067_000000000000000025.txt,Adverse_A,Adverse_A_scene_000067,000000000000000025
Adverse_A_scene_000067_000000000000000045.png,Adverse_A_scene_000067_000000000000000045.txt,Adverse_A,Adverse_A_scene_000067,000000000000000045
Adverse_A_scene_000067_000000000000000065.png,Adverse_A_scene_000067_000000000000000065.txt,Adverse_A,Adverse_A_scene_000067,000000000000000065
Adverse_A_scene_000067_000000000000000085.png,Adverse_A_scene_000067_000000000000000085.txt,Adverse_A,Adverse_A_scene_000067,000000000000000085
Adverse_A_scene_000067_000000000000000105.png,Adverse_A_scene_000067_000000000000000105.txt,Adverse_A,Adverse_A_scene_000067,000000000000000105
Adverse_A_scene_000067_000000000000000125.png,Adverse_A_scene_000067_000000000000000125.txt,Adverse_A,Adverse_A_scene_000067,000000000000000125
Adverse_A_scene_000067_000000000000000145.png,Adverse_A_scene_000067_000000000000000145.txt,Adverse_A,Adverse_A_scene_000067,000000000000000145
Adverse_A_scene_000067_000000000000000165.png,Adverse_A_scene_000067_000000000000000165.txt,Adverse_A,Adverse_A_scene_000067,000000000000000165
Adverse_A_scene_000067_000000000000000185.png,Adverse_A_scene_000067_000000000000000185.txt,Adverse_A,Adverse_A_scene_000067,000000000000000185
Adverse_A_scene_000067_000000000000000205.png,Adverse_A_scene_000067_000000000000000205.txt,Adverse_A,Adverse_A_scene_000067,000000000000000205
Adverse_A_scene_000068_000000000000000025.png,Adverse_A_scene_000068_000000000000000025.txt,Adverse_A,Adverse_A_scene_000068,000000000000000025
Adverse_A_scene_000068_000000000000000045.png,Adverse_A_scene_000068_000000000000000045.txt,Adverse_A,Adverse_A_scene_000068,000000000000000045
Adverse_A_scene_000068_000000000000000065.png,Adverse_A_scene_000068_000000000000000065.txt,Adverse_A,Adverse_A_scene_000068,000000000000000065
Adverse_A_scene_000068_000000000000000085.png,Adverse_A_scene_000068_000000000000000085.txt,Adverse_A,Adverse_A_scene_000068,000000000000000085
Adverse_A_scene_000068_000000000000000105.png,Adverse_A_scene_000068_000000000000000105.txt,Adverse_A,Adverse_A_scene_000068,000000000000000105
Adverse_A_scene_000068_000000000000000125.png,Adverse_A_scene_000068_000000000000000125.txt,Adverse_A,Adverse_A_scene_000068,000000000000000125
Adverse_A_scene_000068_000000000000000145.png,Adverse_A_scene_000068_000000000000000145.txt,Adverse_A,Adverse_A_scene_000068,000000000000000145
Adverse_A_scene_000068_000000000000000165.png,Adverse_A_scene_000068_000000000000000165.txt,Adverse_A,Adverse_A_scene_000068,000000000000000165
Adverse_A_scene_000068_000000000000000185.png,Adverse_A_scene_000068_000000000000000185.txt,Adverse_A,Adverse_A_scene_000068,000000000000000185
Adverse_A_scene_000068_000000000000000205.png,Adverse_A_scene_000068_000000000000000205.txt,Adverse_A,Adverse_A_scene_000068,000000000000000205
Adverse_A_scene_000069_000000000000000025.png,Adverse_A_scene_000069_000000000000000025.txt,Adverse_A,Adverse_A_scene_000069,000000000000000025
Adverse_A_scene_000069_000000000000000045.png,Adverse_A_scene_000069_000000000000000045.txt,Adverse_A,Adverse_A_scene_000069,000000000000000045
Adverse_A_scene_000069_000000000000000065.png,Adverse_A_scene_000069_000000000000000065.txt,Adverse_A,Adverse_A_scene_000069,000000000000000065
Adverse_A_scene_000069_000000000000000085.png,Adverse_A_scene_000069_000000000000000085.txt,Adverse_A,Adverse_A_scene_000069,000000000000000085
Adverse_A_scene_000069_000000000000000105.png,Adverse_A_scene_000069_000000000000000105.txt,Adverse_A,Adverse_A_scene_000069,000000000000000105
Adverse_A_scene_000069_000000000000000125.png,Adverse_A_scene_000069_000000000000000125.txt,Adverse_A,Adverse_A_scene_000069,000000000000000125
Adverse_A_scene_000069_000000000000000145.png,Adverse_A_scene_000069_000000000000000145.txt,Adverse_A,Adverse_A_scene_000069,000000000000000145
Adverse_A_scene_000069_000000000000000165.png,Adverse_A_scene_000069_000000000000000165.txt,Adverse_A,Adverse_A_scene_000069,000000000000000165
Adverse_A_scene_000069_000000000000000185.png,Adverse_A_scene_000069_000000000000000185.txt,Adverse_A,Adverse_A_scene_000069,000000000000000185
Adverse_A_scene_000069_000000000000000205.png,Adverse_A_scene_000069_000000000000000205.txt,Adverse_A,Adverse_A_scene_000069,000000000000000205
Adverse_A_scene_000070_000000000000000025.png,Adverse_A_scene_000070_000000000000000025.txt,Adverse_A,Adverse_A_scene_000070,000000000000000025
Adverse_A_scene_000070_000000000000000045.png,Adverse_A_scene_000070_000000000000000045.txt,Adverse_A,Adverse_A_scene_000070,000000000000000045
Adverse_A_scene_000070_000000000000000065.png,Adverse_A_scene_000070_000000000000000065.txt,Adverse_A,Adverse_A_scene_000070,000000000000000065
Adverse_A_scene_000070_000000000000000085.png,Adverse_A_scene_000070_000000000000000085.txt,Adverse_A,Adverse_A_scene_000070,000000000000000085
Adverse_A_scene_000070_000000000000000105.png,Adverse_A_scene_000070_000000000000000105.txt,Adverse_A,Adverse_A_scene_000070,000000000000000105
Adverse_A_scene_000070_000000000000000125.png,Adverse_A_scene_000070_000000000000000125.txt,Adverse_A,Adverse_A_scene_000070,000000000000000125
Adverse_A_scene_000070_000000000000000145.png,Adverse_A_scene_000070_000000000000000145.txt,Adverse_A,Adverse_A_scene_000070,000000000000000145
Adverse_A_scene_000070_000000000000000165.png,Adverse_A_scene_000070_000000000000000165.txt,Adverse_A,Adverse_A_scene_000070,000000000000000165
Adverse_A_scene_000070_000000000000000185.png,Adverse_A_scene_000070_000000000000000185.txt,Adverse_A,Adverse_A_scene_000070,000000000000000185
Adverse_A_scene_000070_000000000000000205.png,Adverse_A_scene_000070_000000000000000205.txt,Adverse_A,Adverse_A_scene_000070,000000000000000205
Adverse_A_scene_000071_000000000000000025.png,Adverse_A_scene_000071_000000000000000025.txt,Adverse_A,Adverse_A_scene_000071,000000000000000025
Adverse_A_scene_000071_000000000000000045.png,Adverse_A_scene_000071_000000000000000045.txt,Adverse_A,Adverse_A_scene_000071,000000000000000045
Adverse_A_scene_000071_000000000000000065.png,Adverse_A_scene_000071_000000000000000065.txt,Adverse_A,Adverse_A_scene_000071,000000000000000065
Adverse_A_scene_000071_000000000000000085.png,Adverse_A_scene_000071_000000000000000085.txt,Adverse_A,Adverse_A_scene_000071,000000000000000085
Adverse_A_scene_000071_000000000000000105.png,Adverse_A_scene_000071_000000000000000105.txt,Adverse_A,Adverse_A_scene_000071,000000000000000105
Adverse_A_scene_000071_000000000000000125.png,Adverse_A_scene_000071_000000000000000125.txt,Adverse_A,Adverse_A_scene_000071,000000000000000125
Adverse_A_scene_000071_000000000000000145.png,Adverse_A_scene_000071_000000000000000145.txt,Adverse_A,Adverse_A_scene_000071,000000000000000145
Adverse_A_scene_000071_000000000000000165.png,Adverse_A_scene_000071_000000000000000165.txt,Adverse_A,Adverse_A_scene_000071,000000000000000165
Adverse_A_scene_000071_000000000000000185.png,Adverse_A_scene_000071_000000000000000185.txt,Adverse_A,Adverse_A_scene_000071,000000000000000185
Adverse_A_scene_000071_000000000000000205.png,Adverse_A_scene_000071_000000000000000205.txt,Adverse_A,Adverse_A_scene_000071,000000000000000205
Adverse_A_scene_000072_000000000000000025.png,Adverse_A_scene_000072_000000000000000025.txt,Adverse_A,Adverse_A_scene_000072,000000000000000025
Adverse_A_scene_000072_000000000000000045.png,Adverse_A_scene_000072_000000000000000045.txt,Adverse_A,Adverse_A_scene_000072,000000000000000045
Adverse_A_scene_000072_000000000000000065.png,Adverse_A_scene_000072_000000000000000065.txt,Adverse_A,Adverse_A_scene_000072,000000000000000065
Adverse_A_scene_000072_000000000000000085.png,Adverse_A_scene_000072_000000000000000085.txt,Adverse_A,Adverse_A_scene_000072,000000000000000085
Adverse_A_scene_000072_000000000000000105.png,Adverse_A_scene_000072_000000000000000105.txt,Adverse_A,Adverse_A_scene_000072,000000000000000105
Adverse_A_scene_000072_000000000000000125.png,Adverse_A_scene_000072_000000000000000125.txt,Adverse_A,Adverse_A_scene_000072,000000000000000125
Adverse_A_scene_000072_000000000000000145.png,Adverse_A_scene_000072_000000000000000145.txt,Adverse_A,Adverse_A_scene_000072,000000000000000145
Adverse_A_scene_000072_000000000000000165.png,Adverse_A_scene_000072_000000000000000165.txt,Adverse_A,Adverse_A_scene_000072,000000000000000165
Adverse_A_scene_000072_000000000000000185.png,Adverse_A_scene_000072_000000000000000185.txt,Adverse_A,Adverse_A_scene_000072,000000000000000185
Adverse_A_scene_000072_000000000000000205.png,Adverse_A_scene_000072_000000000000000205.txt,Adverse_A,Adverse_A_scene_000072,000000000000000205
Adverse_A_scene_000073_000000000000000025.png,Adverse_A_scene_000073_000000000000000025.txt,Adverse_A,Adverse_A_scene_000073,000000000000000025
Adverse_A_scene_000073_000000000000000045.png,Adverse_A_scene_000073_000000000000000045.txt,Adverse_A,Adverse_A_scene_000073,000000000000000045
Adverse_A_scene_000073_000000000000000065.png,Adverse_A_scene_000073_000000000000000065.txt,Adverse_A,Adverse_A_scene_000073,000000000000000065
Adverse_A_scene_000073_000000000000000085.png,Adverse_A_scene_000073_000000000000000085.txt,Adverse_A,Adverse_A_scene_000073,000000000000000085
Adverse_A_scene_000073_000000000000000105.png,Adverse_A_scene_000073_000000000000000105.txt,Adverse_A,Adverse_A_scene_000073,000000000000000105
Adverse_A_scene_000073_000000000000000125.png,Adverse_A_scene_000073_000000000000000125.txt,Adverse_A,Adverse_A_scene_000073,000000000000000125
Adverse_A_scene_000073_000000000000000145.png,Adverse_A_scene_000073_000000000000000145.txt,Adverse_A,Adverse_A_scene_000073,000000000000000145
Adverse_A_scene_000073_000000000000000165.png,Adverse_A_scene_000073_000000000000000165.txt,Adverse_A,Adverse_A_scene_000073,000000000000000165
Adverse_A_scene_000073_000000000000000185.png,Adverse_A_scene_000073_000000000000000185.txt,Adverse_A,Adverse_A_scene_000073,000000000000000185
Adverse_A_scene_000073_000000000000000205.png,Adverse_A_scene_000073_000000000000000205.txt,Adverse_A,Adverse_A_scene_000073,000000000000000205
Adverse_A_scene_000074_000000000000000025.png,Adverse_A_scene_000074_000000000000000025.txt,Adverse_A,Adverse_A_scene_000074,000000000000000025
Adverse_A_scene_000074_000000000000000045.png,Adverse_A_scene_000074_000000000000000045.txt,Adverse_A,Adverse_A_scene_000074,000000000000000045
Adverse_A_scene_000074_000000000000000065.png,Adverse_A_scene_000074_000000000000000065.txt,Adverse_A,Adverse_A_scene_000074,000000000000000065
Adverse_A_scene_000074_000000000000000085.png,Adverse_A_scene_000074_000000000000000085.txt,Adverse_A,Adverse_A_scene_000074,000000000000000085
Adverse_A_scene_000074_000000000000000105.png,Adverse_A_scene_000074_000000000000000105.txt,Adverse_A,Adverse_A_scene_000074,000000000000000105
Adverse_A_scene_000074_000000000000000125.png,Adverse_A_scene_000074_000000000000000125.txt,Adverse_A,Adverse_A_scene_000074,000000000000000125
Adverse_A_scene_000074_000000000000000145.png,Adverse_A_scene_000074_000000000000000145.txt,Adverse_A,Adverse_A_scene_000074,000000000000000145
Adverse_A_scene_000074_000000000000000165.png,Adverse_A_scene_000074_000000000000000165.txt,Adverse_A,Adverse_A_scene_000074,000000000000000165
Adverse_A_scene_000074_000000000000000185.png,Adverse_A_scene_000074_000000000000000185.txt,Adverse_A,Adverse_A_scene_000074,000000000000000185
Adverse_A_scene_000074_000000000000000205.png,Adverse_A_scene_000074_000000000000000205.txt,Adverse_A,Adverse_A_scene_000074,000000000000000205
Adverse_A_scene_000075_000000000000000025.png,Adverse_A_scene_000075_000000000000000025.txt,Adverse_A,Adverse_A_scene_000075,000000000000000025
Adverse_A_scene_000075_000000000000000045.png,Adverse_A_scene_000075_000000000000000045.txt,Adverse_A,Adverse_A_scene_000075,000000000000000045
Adverse_A_scene_000075_000000000000000065.png,Adverse_A_scene_000075_000000000000000065.txt,Adverse_A,Adverse_A_scene_000075,000000000000000065
Adverse_A_scene_000075_000000000000000085.png,Adverse_A_scene_000075_000000000000000085.txt,Adverse_A,Adverse_A_scene_000075,000000000000000085
Adverse_A_scene_000075_000000000000000105.png,Adverse_A_scene_000075_000000000000000105.txt,Adverse_A,Adverse_A_scene_000075,000000000000000105
Adverse_A_scene_000075_000000000000000125.png,Adverse_A_scene_000075_000000000000000125.txt,Adverse_A,Adverse_A_scene_000075,000000000000000125
Adverse_A_scene_000075_000000000000000145.png,Adverse_A_scene_000075_000000000000000145.txt,Adverse_A,Adverse_A_scene_000075,000000000000000145
Adverse_A_scene_000075_000000000000000165.png,Adverse_A_scene_000075_000000000000000165.txt,Adverse_A,Adverse_A_scene_000075,000000000000000165
Adverse_A_scene_000075_000000000000000185.png,Adverse_A_scene_000075_000000000000000185.txt,Adverse_A,Adverse_A_scene_000075,000000000000000185
Adverse_A_scene_000075_000000000000000205.png,Adverse_A_scene_000075_000000000000000205.txt,Adverse_A,Adverse_A_scene_000075,000000000000000205
Adverse_A_scene_000076_000000000000000025.png,Adverse_A_scene_000076_000000000000000025.txt,Adverse_A,Adverse_A_scene_000076,000000000000000025
Adverse_A_scene_000076_000000000000000045.png,Adverse_A_scene_000076_000000000000000045.txt,Adverse_A,Adverse_A_scene_000076,000000000000000045
Adverse_A_scene_000076_000000000000000065.png,Adverse_A_scene_000076_000000000000000065.txt,Adverse_A,Adverse_A_scene_000076,000000000000000065
Adverse_A_scene_000076_000000000000000085.png,Adverse_A_scene_000076_000000000000000085.txt,Adverse_A,Adverse_A_scene_000076,000000000000000085
Adverse_A_scene_000076_000000000000000105.png,Adverse_A_scene_000076_000000000000000105.txt,Adverse_A,Adverse_A_scene_000076,000000000000000105
Adverse_A_scene_000076_000000000000000125.png,Adverse_A_scene_000076_000000000000000125.txt,Adverse_A,Adverse_A_scene_000076,000000000000000125
Adverse_A_scene_000076_000000000000000145.png,Adverse_A_scene_000076_000000000000000145.txt,Adverse_A,Adverse_A_scene_000076,000000000000000145
Adverse_A_scene_000076_000000000000000165.png,Adverse_A_scene_000076_000000000000000165.txt,Adverse_A,Adverse_A_scene_000076,000000000000000165
Adverse_A_scene_000076_000000000000000185.png,Adverse_A_scene_000076_000000000000000185.txt,Adverse_A,Adverse_A_scene_000076,000000000000000185
Adverse_A_scene_000076_000000000000000205.png,Adverse_A_scene_000076_000000000000000205.txt,Adverse_A,Adverse_A_scene_000076,000000000000000205
Adverse_A_scene_000077_000000000000000025.png,Adverse_A_scene_000077_000000000000000025.txt,Adverse_A,Adverse_A_scene_000077,000000000000000025
Adverse_A_scene_000077_000000000000000045.png,Adverse_A_scene_000077_000000000000000045.txt,Adverse_A,Adverse_A_scene_000077,000000000000000045
Adverse_A_scene_000077_000000000000000065.png,Adverse_A_scene_000077_000000000000000065.txt,Adverse_A,Adverse_A_scene_000077,000000000000000065
Adverse_A_scene_000077_000000000000000085.png,Adverse_A_scene_000077_000000000000000085.txt,Adverse_A,Adverse_A_scene_000077,000000000000000085
Adverse_A_scene_000077_000000000000000105.png,Adverse_A_scene_000077_000000000000000105.txt,Adverse_A,Adverse_A_scene_000077,000000000000000105
Adverse_A_scene_000077_000000000000000125.png,Adverse_A_scene_000077_000000000000000125.txt,Adverse_A,Adverse_A_scene_000077,000000000000000125
Adverse_A_scene_000077_000000000000000145.png,Adverse_A_scene_000077_000000000000000145.txt,Adverse_A,Adverse_A_scene_000077,000000000000000145
Adverse_A_scene_000077_000000000000000165.png,Adverse_A_scene_000077_000000000000000165.txt,Adverse_A,Adverse_A_scene_000077,000000000000000165
Adverse_A_scene_000077_000000000000000185.png,Adverse_A_scene_000077_000000000000000185.txt,Adverse_A,Adverse_A_scene_000077,000000000000000185
Adverse_A_scene_000077_000000000000000205.png,Adverse_A_scene_000077_000000000000000205.txt,Adverse_A,Adverse_A_scene_000077,000000000000000205
Adverse_A_scene_000078_000000000000000025.png,Adverse_A_scene_000078_000000000000000025.txt,Adverse_A,Adverse_A_scene_000078,000000000000000025
Adverse_A_scene_000078_000000000000000045.png,Adverse_A_scene_000078_000000000000000045.txt,Adverse_A,Adverse_A_scene_000078,000000000000000045
Adverse_A_scene_000078_000000000000000065.png,Adverse_A_scene_000078_000000000000000065.txt,Adverse_A,Adverse_A_scene_000078,000000000000000065
Adverse_A_scene_000078_000000000000000085.png,Adverse_A_scene_000078_000000000000000085.txt,Adverse_A,Adverse_A_scene_000078,000000000000000085
Adverse_A_scene_000078_000000000000000105.png,Adverse_A_scene_000078_000000000000000105.txt,Adverse_A,Adverse_A_scene_000078,000000000000000105
Adverse_A_scene_000078_000000000000000125.png,Adverse_A_scene_000078_000000000000000125.txt,Adverse_A,Adverse_A_scene_000078,000000000000000125
Adverse_A_scene_000078_000000000000000145.png,Adverse_A_scene_000078_000000000000000145.txt,Adverse_A,Adverse_A_scene_000078,000000000000000145
Adverse_A_scene_000078_000000000000000165.png,Adverse_A_scene_000078_000000000000000165.txt,Adverse_A,Adverse_A_scene_000078,000000000000000165
Adverse_A_scene_000078_000000000000000185.png,Adverse_A_scene_000078_000000000000000185.txt,Adverse_A,Adverse_A_scene_000078,000000000000000185
Adverse_A_scene_000078_000000000000000205.png,Adverse_A_scene_000078_000000000000000205.txt,Adverse_A,Adverse_A_scene_000078,000000000000000205
Adverse_A_scene_000079_000000000000000025.png,Adverse_A_scene_000079_000000000000000025.txt,Adverse_A,Adverse_A_scene_000079,000000000000000025
Adverse_A_scene_000079_000000000000000045.png,Adverse_A_scene_000079_000000000000000045.txt,Adverse_A,Adverse_A_scene_000079,000000000000000045
Adverse_A_scene_000079_000000000000000065.png,Adverse_A_scene_000079_000000000000000065.txt,Adverse_A,Adverse_A_scene_000079,000000000000000065
Adverse_A_scene_000079_000000000000000085.png,Adverse_A_scene_000079_000000000000000085.txt,Adverse_A,Adverse_A_scene_000079,000000000000000085
Adverse_A_scene_000079_000000000000000105.png,Adverse_A_scene_000079_000000000000000105.txt,Adverse_A,Adverse_A_scene_000079,000000000000000105
Adverse_A_scene_000079_000000000000000125.png,Adverse_A_scene_000079_000000000000000125.txt,Adverse_A,Adverse_A_scene_000079,000000000000000125
Adverse_A_scene_000079_000000000000000145.png,Adverse_A_scene_000079_000000000000000145.txt,Adverse_A,Adverse_A_scene_000079,000000000000000145
Adverse_A_scene_000079_000000000000000165.png,Adverse_A_scene_000079_000000000000000165.txt,Adverse_A,Adverse_A_scene_000079,000000000000000165
Adverse_A_scene_000079_000000000000000185.png,Adverse_A_scene_000079_000000000000000185.txt,Adverse_A,Adverse_A_scene_000079,000000000000000185
Adverse_A_scene_000079_000000000000000205.png,Adverse_A_scene_000079_000000000000000205.txt,Adverse_A,Adverse_A_scene_000079,000000000000000205
Adverse_A_scene_000080_000000000000000025.png,Adverse_A_scene_000080_000000000000000025.txt,Adverse_A,Adverse_A_scene_000080,000000000000000025
Adverse_A_scene_000080_000000000000000045.png,Adverse_A_scene_000080_000000000000000045.txt,Adverse_A,Adverse_A_scene_000080,000000000000000045
Adverse_A_scene_000080_000000000000000065.png,Adverse_A_scene_000080_000000000000000065.txt,Adverse_A,Adverse_A_scene_000080,000000000000000065
Adverse_A_scene_000080_000000000000000085.png,Adverse_A_scene_000080_000000000000000085.txt,Adverse_A,Adverse_A_scene_000080,000000000000000085
Adverse_A_scene_000080_000000000000000105.png,Adverse_A_scene_000080_000000000000000105.txt,Adverse_A,Adverse_A_scene_000080,000000000000000105
Adverse_A_scene_000080_000000000000000125.png,Adverse_A_scene_000080_000000000000000125.txt,Adverse_A,Adverse_A_scene_000080,000000000000000125
Adverse_A_scene_000080_000000000000000145.png,Adverse_A_scene_000080_000000000000000145.txt,Adverse_A,Adverse_A_scene_000080,000000000000000145
Adverse_A_scene_000080_000000000000000165.png,Adverse_A_scene_000080_000000000000000165.txt,Adverse_A,Adverse_A_scene_000080,000000000000000165
Adverse_A_scene_000080_000000000000000185.png,Adverse_A_scene_000080_000000000000000185.txt,Adverse_A,Adverse_A_scene_000080,000000000000000185
Adverse_A_scene_000080_000000000000000205.png,Adverse_A_scene_000080_000000000000000205.txt,Adverse_A,Adverse_A_scene_000080,000000000000000205
Adverse_A_scene_000081_000000000000000025.png,Adverse_A_scene_000081_000000000000000025.txt,Adverse_A,Adverse_A_scene_000081,000000000000000025
Adverse_A_scene_000081_000000000000000045.png,Adverse_A_scene_000081_000000000000000045.txt,Adverse_A,Adverse_A_scene_000081,000000000000000045
Adverse_A_scene_000081_000000000000000065.png,Adverse_A_scene_000081_000000000000000065.txt,Adverse_A,Adverse_A_scene_000081,000000000000000065
Adverse_A_scene_000081_000000000000000085.png,Adverse_A_scene_000081_000000000000000085.txt,Adverse_A,Adverse_A_scene_000081,000000000000000085
Adverse_A_scene_000081_000000000000000105.png,Adverse_A_scene_000081_000000000000000105.txt,Adverse_A,Adverse_A_scene_000081,000000000000000105
Adverse_A_scene_000081_000000000000000125.png,Adverse_A_scene_000081_000000000000000125.txt,Adverse_A,Adverse_A_scene_000081,000000000000000125
Adverse_A_scene_000081_000000000000000145.png,Adverse_A_scene_000081_000000000000000145.txt,Adverse_A,Adverse_A_scene_000081,000000000000000145
Adverse_A_scene_000081_000000000000000165.png,Adverse_A_scene_000081_000000000000000165.txt,Adverse_A,Adverse_A_scene_000081,000000000000000165
Adverse_A_scene_000081_000000000000000185.png,Adverse_A_scene_000081_000000000000000185.txt,Adverse_A,Adverse_A_scene_000081,000000000000000185
Adverse_A_scene_000081_000000000000000205.png,Adverse_A_scene_000081_000000000000000205.txt,Adverse_A,Adverse_A_scene_000081,000000000000000205
Adverse_A_scene_000084_000000000000000025.png,Adverse_A_scene_000084_000000000000000025.txt,Adverse_A,Adverse_A_scene_000084,000000000000000025
Adverse_A_scene_000084_000000000000000045.png,Adverse_A_scene_000084_000000000000000045.txt,Adverse_A,Adverse_A_scene_000084,000000000000000045
Adverse_A_scene_000084_000000000000000065.png,Adverse_A_scene_000084_000000000000000065.txt,Adverse_A,Adverse_A_scene_000084,000000000000000065
Adverse_A_scene_000084_000000000000000085.png,Adverse_A_scene_000084_000000000000000085.txt,Adverse_A,Adverse_A_scene_000084,000000000000000085
Adverse_A_scene_000084_000000000000000105.png,Adverse_A_scene_000084_000000000000000105.txt,Adverse_A,Adverse_A_scene_000084,000000000000000105
Adverse_A_scene_000084_000000000000000125.png,Adverse_A_scene_000084_000000000000000125.txt,Adverse_A,Adverse_A_scene_000084,000000000000000125
Adverse_A_scene_000084_000000000000000145.png,Adverse_A_scene_000084_000000000000000145.txt,Adverse_A,Adverse_A_scene_000084,000000000000000145
Adverse_A_scene_000084_000000000000000165.png,Adverse_A_scene_000084_000000000000000165.txt,Adverse_A,Adverse_A_scene_000084,000000000000000165
Adverse_A_scene_000084_000000000000000185.png,Adverse_A_scene_000084_000000000000000185.txt,Adverse_A,Adverse_A_scene_000084,000000000000000185
Adverse_A_scene_000084_000000000000000205.png,Adverse_A_scene_000084_000000000000000205.txt,Adverse_A,Adverse_A_scene_000084,000000000000000205
Adverse_A_scene_000085_000000000000000025.png,Adverse_A_scene_000085_000000000000000025.txt,Adverse_A,Adverse_A_scene_000085,000000000000000025
Adverse_A_scene_000085_000000000000000045.png,Adverse_A_scene_000085_000000000000000045.txt,Adverse_A,Adverse_A_scene_000085,000000000000000045
Adverse_A_scene_000085_000000000000000065.png,Adverse_A_scene_000085_000000000000000065.txt,Adverse_A,Adverse_A_scene_000085,000000000000000065
Adverse_A_scene_000085_000000000000000085.png,Adverse_A_scene_000085_000000000000000085.txt,Adverse_A,Adverse_A_scene_000085,000000000000000085
Adverse_A_scene_000085_000000000000000105.png,Adverse_A_scene_000085_000000000000000105.txt,Adverse_A,Adverse_A_scene_000085,000000000000000105
Adverse_A_scene_000085_000000000000000125.png,Adverse_A_scene_000085_000000000000000125.txt,Adverse_A,Adverse_A_scene_000085,000000000000000125
Adverse_A_scene_000085_000000000000000145.png,Adverse_A_scene_000085_000000000000000145.txt,Adverse_A,Adverse_A_scene_000085,000000000000000145
Adverse_A_scene_000085_000000000000000165.png,Adverse_A_scene_000085_000000000000000165.txt,Adverse_A,Adverse_A_scene_000085,000000000000000165
Adverse_A_scene_000085_000000000000000185.png,Adverse_A_scene_000085_000000000000000185.txt,Adverse_A,Adverse_A_scene_000085,000000000000000185
Adverse_A_scene_000085_000000000000000205.png,Adverse_A_scene_000085_000000000000000205.txt,Adverse_A,Adverse_A_scene_000085,000000000000000205
Adverse_A_scene_000086_000000000000000025.png,Adverse_A_scene_000086_000000000000000025.txt,Adverse_A,Adverse_A_scene_000086,000000000000000025
Adverse_A_scene_000086_000000000000000045.png,Adverse_A_scene_000086_000000000000000045.txt,Adverse_A,Adverse_A_scene_000086,000000000000000045
Adverse_A_scene_000086_000000000000000065.png,Adverse_A_scene_000086_000000000000000065.txt,Adverse_A,Adverse_A_scene_000086,000000000000000065
Adverse_A_scene_000086_000000000000000085.png,Adverse_A_scene_000086_000000000000000085.txt,Adverse_A,Adverse_A_scene_000086,000000000000000085
Adverse_A_scene_000086_000000000000000105.png,Adverse_A_scene_000086_000000000000000105.txt,Adverse_A,Adverse_A_scene_000086,000000000000000105
Adverse_A_scene_000086_000000000000000125.png,Adverse_A_scene_000086_000000000000000125.txt,Adverse_A,Adverse_A_scene_000086,000000000000000125
Adverse_A_scene_000086_000000000000000145.png,Adverse_A_scene_000086_000000000000000145.txt,Adverse_A,Adverse_A_scene_000086,000000000000000145
Adverse_A_scene_000086_000000000000000165.png,Adverse_A_scene_000086_000000000000000165.txt,Adverse_A,Adverse_A_scene_000086,000000000000000165
Adverse_A_scene_000086_000000000000000185.png,Adverse_A_scene_000086_000000000000000185.txt,Adverse_A,Adverse_A_scene_000086,000000000000000185
Adverse_A_scene_000086_000000000000000205.png,Adverse_A_scene_000086_000000000000000205.txt,Adverse_A,Adverse_A_scene_000086,000000000000000205
Adverse_A_scene_000087_000000000000000025.png,Adverse_A_scene_000087_000000000000000025.txt,Adverse_A,Adverse_A_scene_000087,000000000000000025
Adverse_A_scene_000087_000000000000000045.png,Adverse_A_scene_000087_000000000000000045.txt,Adverse_A,Adverse_A_scene_000087,000000000000000045
Adverse_A_scene_000087_000000000000000065.png,Adverse_A_scene_000087_000000000000000065.txt,Adverse_A,Adverse_A_scene_000087,000000000000000065
Adverse_A_scene_000087_000000000000000085.png,Adverse_A_scene_000087_000000000000000085.txt,Adverse_A,Adverse_A_scene_000087,000000000000000085
Adverse_A_scene_000087_000000000000000105.png,Adverse_A_scene_000087_000000000000000105.txt,Adverse_A,Adverse_A_scene_000087,000000000000000105
Adverse_A_scene_000087_000000000000000125.png,Adverse_A_scene_000087_000000000000000125.txt,Adverse_A,Adverse_A_scene_000087,000000000000000125
Adverse_A_scene_000087_000000000000000145.png,Adverse_A_scene_000087_000000000000000145.txt,Adverse_A,Adverse_A_scene_000087,000000000000000145
Adverse_A_scene_000087_000000000000000165.png,Adverse_A_scene_000087_000000000000000165.txt,Adverse_A,Adverse_A_scene_000087,000000000000000165
Adverse_A_scene_000087_000000000000000185.png,Adverse_A_scene_000087_000000000000000185.txt,Adverse_A,Adverse_A_scene_000087,000000000000000185
Adverse_A_scene_000087_000000000000000205.png,Adverse_A_scene_000087_000000000000000205.txt,Adverse_A,Adverse_A_scene_000087,000000000000000205
Adverse_A_scene_000088_000000000000000025.png,Adverse_A_scene_000088_000000000000000025.txt,Adverse_A,Adverse_A_scene_000088,000000000000000025
Adverse_A_scene_000088_000000000000000045.png,Adverse_A_scene_000088_000000000000000045.txt,Adverse_A,Adverse_A_scene_000088,000000000000000045
Adverse_A_scene_000088_000000000000000065.png,Adverse_A_scene_000088_000000000000000065.txt,Adverse_A,Adverse_A_scene_000088,000000000000000065
Adverse_A_scene_000088_000000000000000085.png,Adverse_A_scene_000088_000000000000000085.txt,Adverse_A,Adverse_A_scene_000088,000000000000000085
Adverse_A_scene_000088_000000000000000105.png,Adverse_A_scene_000088_000000000000000105.txt,Adverse_A,Adverse_A_scene_000088,000000000000000105
Adverse_A_scene_000088_000000000000000125.png,Adverse_A_scene_000088_000000000000000125.txt,Adverse_A,Adverse_A_scene_000088,000000000000000125
Adverse_A_scene_000088_000000000000000145.png,Adverse_A_scene_000088_000000000000000145.txt,Adverse_A,Adverse_A_scene_000088,000000000000000145
Adverse_A_scene_000088_000000000000000165.png,Adverse_A_scene_000088_000000000000000165.txt,Adverse_A,Adverse_A_scene_000088,000000000000000165
Adverse_A_scene_000088_000000000000000185.png,Adverse_A_scene_000088_000000000000000185.txt,Adverse_A,Adverse_A_scene_000088,000000000000000185
Adverse_A_scene_000088_000000000000000205.png,Adverse_A_scene_000088_000000000000000205.txt,Adverse_A,Adverse_A_scene_000088,000000000000000205
Adverse_A_scene_000089_000000000000000025.png,Adverse_A_scene_000089_000000000000000025.txt,Adverse_A,Adverse_A_scene_000089,000000000000000025
Adverse_A_scene_000089_000000000000000045.png,Adverse_A_scene_000089_000000000000000045.txt,Adverse_A,Adverse_A_scene_000089,000000000000000045
Adverse_A_scene_000089_000000000000000065.png,Adverse_A_scene_000089_000000000000000065.txt,Adverse_A,Adverse_A_scene_000089,000000000000000065
Adverse_A_scene_000089_000000000000000085.png,Adverse_A_scene_000089_000000000000000085.txt,Adverse_A,Adverse_A_scene_000089,000000000000000085
Adverse_A_scene_000089_000000000000000105.png,Adverse_A_scene_000089_000000000000000105.txt,Adverse_A,Adverse_A_scene_000089,000000000000000105
Adverse_A_scene_000089_000000000000000125.png,Adverse_A_scene_000089_000000000000000125.txt,Adverse_A,Adverse_A_scene_000089,000000000000000125
Adverse_A_scene_000089_000000000000000145.png,Adverse_A_scene_000089_000000000000000145.txt,Adverse_A,Adverse_A_scene_000089,000000000000000145
Adverse_A_scene_000089_000000000000000165.png,Adverse_A_scene_000089_000000000000000165.txt,Adverse_A,Adverse_A_scene_000089,000000000000000165
Adverse_A_scene_000089_000000000000000185.png,Adverse_A_scene_000089_000000000000000185.txt,Adverse_A,Adverse_A_scene_000089,000000000000000185
Adverse_A_scene_000089_000000000000000205.png,Adverse_A_scene_000089_000000000000000205.txt,Adverse_A,Adverse_A_scene_000089,000000000000000205
Adverse_A_scene_000090_000000000000000025.png,Adverse_A_scene_000090_000000000000000025.txt,Adverse_A,Adverse_A_scene_000090,000000000000000025
Adverse_A_scene_000090_000000000000000045.png,Adverse_A_scene_000090_000000000000000045.txt,Adverse_A,Adverse_A_scene_000090,000000000000000045
Adverse_A_scene_000090_000000000000000065.png,Adverse_A_scene_000090_000000000000000065.txt,Adverse_A,Adverse_A_scene_000090,000000000000000065
Adverse_A_scene_000090_000000000000000085.png,Adverse_A_scene_000090_000000000000000085.txt,Adverse_A,Adverse_A_scene_000090,000000000000000085
Adverse_A_scene_000090_000000000000000105.png,Adverse_A_scene_000090_000000000000000105.txt,Adverse_A,Adverse_A_scene_000090,000000000000000105
Adverse_A_scene_000090_000000000000000125.png,Adverse_A_scene_000090_000000000000000125.txt,Adverse_A,Adverse_A_scene_000090,000000000000000125
Adverse_A_scene_000090_000000000000000145.png,Adverse_A_scene_000090_000000000000000145.txt,Adverse_A,Adverse_A_scene_000090,000000000000000145
Adverse_A_scene_000090_000000000000000165.png,Adverse_A_scene_000090_000000000000000165.txt,Adverse_A,Adverse_A_scene_000090,000000000000000165
Adverse_A_scene_000090_000000000000000185.png,Adverse_A_scene_000090_000000000000000185.txt,Adverse_A,Adverse_A_scene_000090,000000000000000185
Adverse_A_scene_000090_000000000000000205.png,Adverse_A_scene_000090_000000000000000205.txt,Adverse_A,Adverse_A_scene_000090,000000000000000205
Adverse_A_scene_000091_000000000000000025.png,Adverse_A_scene_000091_000000000000000025.txt,Adverse_A,Adverse_A_scene_000091,000000000000000025
Adverse_A_scene_000091_000000000000000045.png,Adverse_A_scene_000091_000000000000000045.txt,Adverse_A,Adverse_A_scene_000091,000000000000000045
Adverse_A_scene_000091_000000000000000065.png,Adverse_A_scene_000091_000000000000000065.txt,Adverse_A,Adverse_A_scene_000091,000000000000000065
Adverse_A_scene_000091_000000000000000085.png,Adverse_A_scene_000091_000000000000000085.txt,Adverse_A,Adverse_A_scene_000091,000000000000000085
Adverse_A_scene_000091_000000000000000105.png,Adverse_A_scene_000091_000000000000000105.txt,Adverse_A,Adverse_A_scene_000091,000000000000000105
Adverse_A_scene_000091_000000000000000125.png,Adverse_A_scene_000091_000000000000000125.txt,Adverse_A,Adverse_A_scene_000091,000000000000000125
Adverse_A_scene_000091_000000000000000145.png,Adverse_A_scene_000091_000000000000000145.txt,Adverse_A,Adverse_A_scene_000091,000000000000000145
Adverse_A_scene_000091_000000000000000165.png,Adverse_A_scene_000091_000000000000000165.txt,Adverse_A,Adverse_A_scene_000091,000000000000000165
Adverse_A_scene_000091_000000000000000185.png,Adverse_A_scene_000091_000000000000000185.txt,Adverse_A,Adverse_A_scene_000091,000000000000000185
Adverse_A_scene_000091_000000000000000205.png,Adverse_A_scene_000091_000000000000000205.txt,Adverse_A,Adverse_A_scene_000091,000000000000000205
Adverse_A_scene_000092_000000000000000025.png,Adverse_A_scene_000092_000000000000000025.txt,Adverse_A,Adverse_A_scene_000092,000000000000000025
Adverse_A_scene_000092_000000000000000045.png,Adverse_A_scene_000092_000000000000000045.txt,Adverse_A,Adverse_A_scene_000092,000000000000000045
Adverse_A_scene_000092_000000000000000065.png,Adverse_A_scene_000092_000000000000000065.txt,Adverse_A,Adverse_A_scene_000092,000000000000000065
Adverse_A_scene_000092_000000000000000085.png,Adverse_A_scene_000092_000000000000000085.txt,Adverse_A,Adverse_A_scene_000092,000000000000000085
Adverse_A_scene_000092_000000000000000105.png,Adverse_A_scene_000092_000000000000000105.txt,Adverse_A,Adverse_A_scene_000092,000000000000000105
Adverse_A_scene_000092_000000000000000125.png,Adverse_A_scene_000092_000000000000000125.txt,Adverse_A,Adverse_A_scene_000092,000000000000000125
Adverse_A_scene_000092_000000000000000145.png,Adverse_A_scene_000092_000000000000000145.txt,Adverse_A,Adverse_A_scene_000092,000000000000000145
Adverse_A_scene_000092_000000000000000165.png,Adverse_A_scene_000092_000000000000000165.txt,Adverse_A,Adverse_A_scene_000092,000000000000000165
Adverse_A_scene_000092_000000000000000185.png,Adverse_A_scene_000092_000000000000000185.txt,Adverse_A,Adverse_A_scene_000092,000000000000000185
Adverse_A_scene_000092_000000000000000205.png,Adverse_A_scene_000092_000000000000000205.txt,Adverse_A,Adverse_A_scene_000092,000000000000000205
Adverse_A_scene_000093_000000000000000025.png,Adverse_A_scene_000093_000000000000000025.txt,Adverse_A,Adverse_A_scene_000093,000000000000000025
Adverse_A_scene_000093_000000000000000045.png,Adverse_A_scene_000093_000000000000000045.txt,Adverse_A,Adverse_A_scene_000093,000000000000000045
Adverse_A_scene_000093_000000000000000065.png,Adverse_A_scene_000093_000000000000000065.txt,Adverse_A,Adverse_A_scene_000093,000000000000000065
Adverse_A_scene_000093_000000000000000085.png,Adverse_A_scene_000093_000000000000000085.txt,Adverse_A,Adverse_A_scene_000093,000000000000000085
Adverse_A_scene_000093_000000000000000105.png,Adverse_A_scene_000093_000000000000000105.txt,Adverse_A,Adverse_A_scene_000093,000000000000000105
Adverse_A_scene_000093_000000000000000125.png,Adverse_A_scene_000093_000000000000000125.txt,Adverse_A,Adverse_A_scene_000093,000000000000000125
Adverse_A_scene_000093_000000000000000145.png,Adverse_A_scene_000093_000000000000000145.txt,Adverse_A,Adverse_A_scene_000093,000000000000000145
Adverse_A_scene_000093_000000000000000165.png,Adverse_A_scene_000093_000000000000000165.txt,Adverse_A,Adverse_A_scene_000093,000000000000000165
Adverse_A_scene_000093_000000000000000185.png,Adverse_A_scene_000093_000000000000000185.txt,Adverse_A,Adverse_A_scene_000093,000000000000000185
Adverse_A_scene_000093_000000000000000205.png,Adverse_A_scene_000093_000000000000000205.txt,Adverse_A,Adverse_A_scene_000093,000000000000000205
Adverse_A_scene_000094_000000000000000025.png,Adverse_A_scene_000094_000000000000000025.txt,Adverse_A,Adverse_A_scene_000094,000000000000000025
Adverse_A_scene_000094_000000000000000045.png,Adverse_A_scene_000094_000000000000000045.txt,Adverse_A,Adverse_A_scene_000094,000000000000000045
Adverse_A_scene_000094_000000000000000065.png,Adverse_A_scene_000094_000000000000000065.txt,Adverse_A,Adverse_A_scene_000094,000000000000000065
Adverse_A_scene_000094_000000000000000085.png,Adverse_A_scene_000094_000000000000000085.txt,Adverse_A,Adverse_A_scene_000094,000000000000000085
Adverse_A_scene_000094_000000000000000105.png,Adverse_A_scene_000094_000000000000000105.txt,Adverse_A,Adverse_A_scene_000094,000000000000000105
Adverse_A_scene_000094_000000000000000125.png,Adverse_A_scene_000094_000000000000000125.txt,Adverse_A,Adverse_A_scene_000094,000000000000000125
Adverse_A_scene_000094_000000000000000145.png,Adverse_A_scene_000094_000000000000000145.txt,Adverse_A,Adverse_A_scene_000094,000000000000000145
Adverse_A_scene_000094_000000000000000165.png,Adverse_A_scene_000094_000000000000000165.txt,Adverse_A,Adverse_A_scene_000094,000000000000000165
Adverse_A_scene_000094_000000000000000185.png,Adverse_A_scene_000094_000000000000000185.txt,Adverse_A,Adverse_A_scene_000094,000000000000000185
Adverse_A_scene_000094_000000000000000205.png,Adverse_A_scene_000094_000000000000000205.txt,Adverse_A,Adverse_A_scene_000094,000000000000000205
Adverse_A_scene_000095_000000000000000025.png,Adverse_A_scene_000095_000000000000000025.txt,Adverse_A,Adverse_A_scene_000095,000000000000000025
Adverse_A_scene_000095_000000000000000045.png,Adverse_A_scene_000095_000000000000000045.txt,Adverse_A,Adverse_A_scene_000095,000000000000000045
Adverse_A_scene_000095_000000000000000065.png,Adverse_A_scene_000095_000000000000000065.txt,Adverse_A,Adverse_A_scene_000095,000000000000000065
Adverse_A_scene_000095_000000000000000085.png,Adverse_A_scene_000095_000000000000000085.txt,Adverse_A,Adverse_A_scene_000095,000000000000000085
Adverse_A_scene_000095_000000000000000105.png,Adverse_A_scene_000095_000000000000000105.txt,Adverse_A,Adverse_A_scene_000095,000000000000000105
Adverse_A_scene_000095_000000000000000125.png,Adverse_A_scene_000095_000000000000000125.txt,Adverse_A,Adverse_A_scene_000095,000000000000000125
Adverse_A_scene_000095_000000000000000145.png,Adverse_A_scene_000095_000000000000000145.txt,Adverse_A,Adverse_A_scene_000095,000000000000000145
Adverse_A_scene_000095_000000000000000165.png,Adverse_A_scene_000095_000000000000000165.txt,Adverse_A,Adverse_A_scene_000095,000000000000000165
Adverse_A_scene_000095_000000000000000185.png,Adverse_A_scene_000095_000000000000000185.txt,Adverse_A,Adverse_A_scene_000095,000000000000000185
Adverse_A_scene_000095_000000000000000205.png,Adverse_A_scene_000095_000000000000000205.txt,Adverse_A,Adverse_A_scene_000095,000000000000000205
Adverse_A_scene_000096_000000000000000025.png,Adverse_A_scene_000096_000000000000000025.txt,Adverse_A,Adverse_A_scene_000096,000000000000000025
Adverse_A_scene_000096_000000000000000045.png,Adverse_A_scene_000096_000000000000000045.txt,Adverse_A,Adverse_A_scene_000096,000000000000000045
Adverse_A_scene_000096_000000000000000065.png,Adverse_A_scene_000096_000000000000000065.txt,Adverse_A,Adverse_A_scene_000096,000000000000000065
Adverse_A_scene_000096_000000000000000085.png,Adverse_A_scene_000096_000000000000000085.txt,Adverse_A,Adverse_A_scene_000096,000000000000000085
Adverse_A_scene_000096_000000000000000105.png,Adverse_A_scene_000096_000000000000000105.txt,Adverse_A,Adverse_A_scene_000096,000000000000000105
Adverse_A_scene_000096_000000000000000125.png,Adverse_A_scene_000096_000000000000000125.txt,Adverse_A,Adverse_A_scene_000096,000000000000000125
Adverse_A_scene_000096_000000000000000145.png,Adverse_A_scene_000096_000000000000000145.txt,Adverse_A,Adverse_A_scene_000096,000000000000000145
Adverse_A_scene_000096_000000000000000165.png,Adverse_A_scene_000096_000000000000000165.txt,Adverse_A,Adverse_A_scene_000096,000000000000000165
Adverse_A_scene_000096_000000000000000185.png,Adverse_A_scene_000096_000000000000000185.txt,Adverse_A,Adverse_A_scene_000096,000000000000000185
Adverse_A_scene_000096_000000000000000205.png,Adverse_A_scene_000096_000000000000000205.txt,Adverse_A,Adverse_A_scene_000096,000000000000000205
Adverse_A_scene_000097_000000000000000025.png,Adverse_A_scene_000097_000000000000000025.txt,Adverse_A,Adverse_A_scene_000097,000000000000000025
Adverse_A_scene_000097_000000000000000045.png,Adverse_A_scene_000097_000000000000000045.txt,Adverse_A,Adverse_A_scene_000097,000000000000000045
Adverse_A_scene_000097_000000000000000065.png,Adverse_A_scene_000097_000000000000000065.txt,Adverse_A,Adverse_A_scene_000097,000000000000000065
Adverse_A_scene_000097_000000000000000085.png,Adverse_A_scene_000097_000000000000000085.txt,Adverse_A,Adverse_A_scene_000097,000000000000000085
Adverse_A_scene_000097_000000000000000105.png,Adverse_A_scene_000097_000000000000000105.txt,Adverse_A,Adverse_A_scene_000097,000000000000000105
Adverse_A_scene_000097_000000000000000125.png,Adverse_A_scene_000097_000000000000000125.txt,Adverse_A,Adverse_A_scene_000097,000000000000000125
Adverse_A_scene_000097_000000000000000145.png,Adverse_A_scene_000097_000000000000000145.txt,Adverse_A,Adverse_A_scene_000097,000000000000000145
Adverse_A_scene_000097_000000000000000165.png,Adverse_A_scene_000097_000000000000000165.txt,Adverse_A,Adverse_A_scene_000097,000000000000000165
Adverse_A_scene_000097_000000000000000185.png,Adverse_A_scene_000097_000000000000000185.txt,Adverse_A,Adverse_A_scene_000097,000000000000000185
Adverse_A_scene_000097_000000000000000205.png,Adverse_A_scene_000097_000000000000000205.txt,Adverse_A,Adverse_A_scene_000097,000000000000000205
Adverse_A_scene_000098_000000000000000025.png,Adverse_A_scene_000098_000000000000000025.txt,Adverse_A,Adverse_A_scene_000098,000000000000000025
Adverse_A_scene_000098_000000000000000045.png,Adverse_A_scene_000098_000000000000000045.txt,Adverse_A,Adverse_A_scene_000098,000000000000000045
Adverse_A_scene_000098_000000000000000065.png,Adverse_A_scene_000098_000000000000000065.txt,Adverse_A,Adverse_A_scene_000098,000000000000000065
Adverse_A_scene_000098_000000000000000085.png,Adverse_A_scene_000098_000000000000000085.txt,Adverse_A,Adverse_A_scene_000098,000000000000000085
Adverse_A_scene_000098_000000000000000105.png,Adverse_A_scene_000098_000000000000000105.txt,Adverse_A,Adverse_A_scene_000098,000000000000000105
Adverse_A_scene_000098_000000000000000125.png,Adverse_A_scene_000098_000000000000000125.txt,Adverse_A,Adverse_A_scene_000098,000000000000000125
Adverse_A_scene_000098_000000000000000145.png,Adverse_A_scene_000098_000000000000000145.txt,Adverse_A,Adverse_A_scene_000098,000000000000000145
Adverse_A_scene_000098_000000000000000165.png,Adverse_A_scene_000098_000000000000000165.txt,Adverse_A,Adverse_A_scene_000098,000000000000000165
Adverse_A_scene_000098_000000000000000185.png,Adverse_A_scene_000098_000000000000000185.txt,Adverse_A,Adverse_A_scene_000098,000000000000000185
Adverse_A_scene_000098_000000000000000205.png,Adverse_A_scene_000098_000000000000000205.txt,Adverse_A,Adverse_A_scene_000098,000000000000000205
Adverse_A_scene_000099_000000000000000025.png,Adverse_A_scene_000099_000000000000000025.txt,Adverse_A,Adverse_A_scene_000099,000000000000000025
Adverse_A_scene_000099_000000000000000045.png,Adverse_A_scene_000099_000000000000000045.txt,Adverse_A,Adverse_A_scene_000099,000000000000000045
Adverse_A_scene_000099_000000000000000065.png,Adverse_A_scene_000099_000000000000000065.txt,Adverse_A,Adverse_A_scene_000099,000000000000000065
Adverse_A_scene_000099_000000000000000085.png,Adverse_A_scene_000099_000000000000000085.txt,Adverse_A,Adverse_A_scene_000099,000000000000000085
Adverse_A_scene_000099_000000000000000105.png,Adverse_A_scene_000099_000000000000000105.txt,Adverse_A,Adverse_A_scene_000099,000000000000000105
Adverse_A_scene_000099_000000000000000125.png,Adverse_A_scene_000099_000000000000000125.txt,Adverse_A,Adverse_A_scene_000099,000000000000000125
Adverse_A_scene_000099_000000000000000145.png,Adverse_A_scene_000099_000000000000000145.txt,Adverse_A,Adverse_A_scene_000099,000000000000000145
Adverse_A_scene_000099_000000000000000165.png,Adverse_A_scene_000099_000000000000000165.txt,Adverse_A,Adverse_A_scene_000099,000000000000000165
Adverse_A_scene_000099_000000000000000185.png,Adverse_A_scene_000099_000000000000000185.txt,Adverse_A,Adverse_A_scene_000099,000000000000000185
Adverse_A_scene_000099_000000000000000205.png,Adverse_A_scene_000099_000000000000000205.txt,Adverse_A,Adverse_A_scene_000099,000000000000000205
Adverse_A_scene_000100_000000000000000025.png,Adverse_A_scene_000100_000000000000000025.txt,Adverse_A,Adverse_A_scene_000100,000000000000000025
Adverse_A_scene_000100_000000000000000045.png,Adverse_A_scene_000100_000000000000000045.txt,Adverse_A,Adverse_A_scene_000100,000000000000000045
Adverse_A_scene_000100_000000000000000065.png,Adverse_A_scene_000100_000000000000000065.txt,Adverse_A,Adverse_A_scene_000100,000000000000000065
Adverse_A_scene_000100_000000000000000085.png,Adverse_A_scene_000100_000000000000000085.txt,Adverse_A,Adverse_A_scene_000100,000000000000000085
Adverse_A_scene_000100_000000000000000105.png,Adverse_A_scene_000100_000000000000000105.txt,Adverse_A,Adverse_A_scene_000100,000000000000000105
Adverse_A_scene_000100_000000000000000125.png,Adverse_A_scene_000100_000000000000000125.txt,Adverse_A,Adverse_A_scene_000100,000000000000000125
Adverse_A_scene_000100_000000000000000145.png,Adverse_A_scene_000100_000000000000000145.txt,Adverse_A,Adverse_A_scene_000100,000000000000000145
Adverse_A_scene_000100_000000000000000165.png,Adverse_A_scene_000100_000000000000000165.txt,Adverse_A,Adverse_A_scene_000100,000000000000000165
Adverse_A_scene_000100_000000000000000185.png,Adverse_A_scene_000100_000000000000000185.txt,Adverse_A,Adverse_A_scene_000100,000000000000000185
Adverse_A_scene_000100_000000000000000205.png,Adverse_A_scene_000100_000000000000000205.txt,Adverse_A,Adverse_A_scene_000100,000000000000000205
Adverse_A_scene_000101_000000000000000025.png,Adverse_A_scene_000101_000000000000000025.txt,Adverse_A,Adverse_A_scene_000101,000000000000000025
Adverse_A_scene_000101_000000000000000045.png,Adverse_A_scene_000101_000000000000000045.txt,Adverse_A,Adverse_A_scene_000101,000000000000000045
Adverse_A_scene_000101_000000000000000065.png,Adverse_A_scene_000101_000000000000000065.txt,Adverse_A,Adverse_A_scene_000101,000000000000000065
Adverse_A_scene_000101_000000000000000085.png,Adverse_A_scene_000101_000000000000000085.txt,Adverse_A,Adverse_A_scene_000101,000000000000000085
Adverse_A_scene_000101_000000000000000105.png,Adverse_A_scene_000101_000000000000000105.txt,Adverse_A,Adverse_A_scene_000101,000000000000000105
Adverse_A_scene_000101_000000000000000125.png,Adverse_A_scene_000101_000000000000000125.txt,Adverse_A,Adverse_A_scene_000101,000000000000000125
Adverse_A_scene_000101_000000000000000145.png,Adverse_A_scene_000101_000000000000000145.txt,Adverse_A,Adverse_A_scene_000101,000000000000000145
Adverse_A_scene_000101_000000000000000165.png,Adverse_A_scene_000101_000000000000000165.txt,Adverse_A,Adverse_A_scene_000101,000000000000000165
Adverse_A_scene_000101_000000000000000185.png,Adverse_A_scene_000101_000000000000000185.txt,Adverse_A,Adverse_A_scene_000101,000000000000000185
Adverse_A_scene_000101_000000000000000205.png,Adverse_A_scene_000101_000000000000000205.txt,Adverse_A,Adverse_A_scene_000101,000000000000000205
Adverse_A_scene_000102_000000000000000025.png,Adverse_A_scene_000102_000000000000000025.txt,Adverse_A,Adverse_A_scene_000102,000000000000000025
Adverse_A_scene_000102_000000000000000045.png,Adverse_A_scene_000102_000000000000000045.txt,Adverse_A,Adverse_A_scene_000102,000000000000000045
Adverse_A_scene_000102_000000000000000065.png,Adverse_A_scene_000102_000000000000000065.txt,Adverse_A,Adverse_A_scene_000102,000000000000000065
Adverse_A_scene_000102_000000000000000085.png,Adverse_A_scene_000102_000000000000000085.txt,Adverse_A,Adverse_A_scene_000102,000000000000000085
Adverse_A_scene_000102_000000000000000105.png,Adverse_A_scene_000102_000000000000000105.txt,Adverse_A,Adverse_A_scene_000102,000000000000000105
Adverse_A_scene_000102_000000000000000125.png,Adverse_A_scene_000102_000000000000000125.txt,Adverse_A,Adverse_A_scene_000102,000000000000000125
Adverse_A_scene_000102_000000000000000145.png,Adverse_A_scene_000102_000000000000000145.txt,Adverse_A,Adverse_A_scene_000102,000000000000000145
Adverse_A_scene_000102_000000000000000165.png,Adverse_A_scene_000102_000000000000000165.txt,Adverse_A,Adverse_A_scene_000102,000000000000000165
Adverse_A_scene_000102_000000000000000185.png,Adverse_A_scene_000102_000000000000000185.txt,Adverse_A,Adverse_A_scene_000102,000000000000000185
Adverse_A_scene_000102_000000000000000205.png,Adverse_A_scene_000102_000000000000000205.txt,Adverse_A,Adverse_A_scene_000102,000000000000000205
Adverse_A_scene_000103_000000000000000025.png,Adverse_A_scene_000103_000000000000000025.txt,Adverse_A,Adverse_A_scene_000103,000000000000000025
Adverse_A_scene_000103_000000000000000045.png,Adverse_A_scene_000103_000000000000000045.txt,Adverse_A,Adverse_A_scene_000103,000000000000000045
Adverse_A_scene_000103_000000000000000065.png,Adverse_A_scene_000103_000000000000000065.txt,Adverse_A,Adverse_A_scene_000103,000000000000000065
Adverse_A_scene_000103_000000000000000085.png,Adverse_A_scene_000103_000000000000000085.txt,Adverse_A,Adverse_A_scene_000103,000000000000000085
Adverse_A_scene_000103_000000000000000105.png,Adverse_A_scene_000103_000000000000000105.txt,Adverse_A,Adverse_A_scene_000103,000000000000000105
Adverse_A_scene_000103_000000000000000125.png,Adverse_A_scene_000103_000000000000000125.txt,Adverse_A,Adverse_A_scene_000103,000000000000000125
Adverse_A_scene_000103_000000000000000145.png,Adverse_A_scene_000103_000000000000000145.txt,Adverse_A,Adverse_A_scene_000103,000000000000000145
Adverse_A_scene_000103_000000000000000165.png,Adverse_A_scene_000103_000000000000000165.txt,Adverse_A,Adverse_A_scene_000103,000000000000000165
Adverse_A_scene_000103_000000000000000185.png,Adverse_A_scene_000103_000000000000000185.txt,Adverse_A,Adverse_A_scene_000103,000000000000000185
Adverse_A_scene_000103_000000000000000205.png,Adverse_A_scene_000103_000000000000000205.txt,Adverse_A,Adverse_A_scene_000103,000000000000000205
Adverse_A_scene_000104_000000000000000025.png,Adverse_A_scene_000104_000000000000000025.txt,Adverse_A,Adverse_A_scene_000104,000000000000000025
Adverse_A_scene_000104_000000000000000045.png,Adverse_A_scene_000104_000000000000000045.txt,Adverse_A,Adverse_A_scene_000104,000000000000000045
Adverse_A_scene_000104_000000000000000065.png,Adverse_A_scene_000104_000000000000000065.txt,Adverse_A,Adverse_A_scene_000104,000000000000000065
Adverse_A_scene_000104_000000000000000085.png,Adverse_A_scene_000104_000000000000000085.txt,Adverse_A,Adverse_A_scene_000104,000000000000000085
Adverse_A_scene_000104_000000000000000105.png,Adverse_A_scene_000104_000000000000000105.txt,Adverse_A,Adverse_A_scene_000104,000000000000000105
Adverse_A_scene_000104_000000000000000125.png,Adverse_A_scene_000104_000000000000000125.txt,Adverse_A,Adverse_A_scene_000104,000000000000000125
Adverse_A_scene_000104_000000000000000145.png,Adverse_A_scene_000104_000000000000000145.txt,Adverse_A,Adverse_A_scene_000104,000000000000000145
Adverse_A_scene_000104_000000000000000165.png,Adverse_A_scene_000104_000000000000000165.txt,Adverse_A,Adverse_A_scene_000104,000000000000000165
Adverse_A_scene_000104_000000000000000185.png,Adverse_A_scene_000104_000000000000000185.txt,Adverse_A,Adverse_A_scene_000104,000000000000000185
Adverse_A_scene_000104_000000000000000205.png,Adverse_A_scene_000104_000000000000000205.txt,Adverse_A,Adverse_A_scene_000104,000000000000000205
Adverse_A_scene_000105_000000000000000025.png,Adverse_A_scene_000105_000000000000000025.txt,Adverse_A,Adverse_A_scene_000105,000000000000000025
Adverse_A_scene_000105_000000000000000045.png,Adverse_A_scene_000105_000000000000000045.txt,Adverse_A,Adverse_A_scene_000105,000000000000000045
Adverse_A_scene_000105_000000000000000065.png,Adverse_A_scene_000105_000000000000000065.txt,Adverse_A,Adverse_A_scene_000105,000000000000000065
Adverse_A_scene_000105_000000000000000085.png,Adverse_A_scene_000105_000000000000000085.txt,Adverse_A,Adverse_A_scene_000105,000000000000000085
Adverse_A_scene_000105_000000000000000105.png,Adverse_A_scene_000105_000000000000000105.txt,Adverse_A,Adverse_A_scene_000105,000000000000000105
Adverse_A_scene_000105_000000000000000125.png,Adverse_A_scene_000105_000000000000000125.txt,Adverse_A,Adverse_A_scene_000105,000000000000000125
Adverse_A_scene_000105_000000000000000145.png,Adverse_A_scene_000105_000000000000000145.txt,Adverse_A,Adverse_A_scene_000105,000000000000000145
Adverse_A_scene_000105_000000000000000165.png,Adverse_A_scene_000105_000000000000000165.txt,Adverse_A,Adverse_A_scene_000105,000000000000000165
Adverse_A_scene_000105_000000000000000185.png,Adverse_A_scene_000105_000000000000000185.txt,Adverse_A,Adverse_A_scene_000105,000000000000000185
Adverse_A_scene_000105_000000000000000205.png,Adverse_A_scene_000105_000000000000000205.txt,Adverse_A,Adverse_A_scene_000105,000000000000000205
Adverse_A_scene_000106_000000000000000025.png,Adverse_A_scene_000106_000000000000000025.txt,Adverse_A,Adverse_A_scene_000106,000000000000000025
Adverse_A_scene_000106_000000000000000045.png,Adverse_A_scene_000106_000000000000000045.txt,Adverse_A,Adverse_A_scene_000106,000000000000000045
Adverse_A_scene_000106_000000000000000065.png,Adverse_A_scene_000106_000000000000000065.txt,Adverse_A,Adverse_A_scene_000106,000000000000000065
Adverse_A_scene_000106_000000000000000085.png,Adverse_A_scene_000106_000000000000000085.txt,Adverse_A,Adverse_A_scene_000106,000000000000000085
Adverse_A_scene_000106_000000000000000105.png,Adverse_A_scene_000106_000000000000000105.txt,Adverse_A,Adverse_A_scene_000106,000000000000000105
Adverse_A_scene_000106_000000000000000125.png,Adverse_A_scene_000106_000000000000000125.txt,Adverse_A,Adverse_A_scene_000106,000000000000000125
Adverse_A_scene_000106_000000000000000145.png,Adverse_A_scene_000106_000000000000000145.txt,Adverse_A,Adverse_A_scene_000106,000000000000000145
Adverse_A_scene_000106_000000000000000165.png,Adverse_A_scene_000106_000000000000000165.txt,Adverse_A,Adverse_A_scene_000106,000000000000000165
Adverse_A_scene_000106_000000000000000185.png,Adverse_A_scene_000106_000000000000000185.txt,Adverse_A,Adverse_A_scene_000106,000000000000000185
Adverse_A_scene_000106_000000000000000205.png,Adverse_A_scene_000106_000000000000000205.txt,Adverse_A,Adverse_A_scene_000106,000000000000000205
Adverse_A_scene_000107_000000000000000025.png,Adverse_A_scene_000107_000000000000000025.txt,Adverse_A,Adverse_A_scene_000107,000000000000000025
Adverse_A_scene_000107_000000000000000045.png,Adverse_A_scene_000107_000000000000000045.txt,Adverse_A,Adverse_A_scene_000107,000000000000000045
Adverse_A_scene_000107_000000000000000065.png,Adverse_A_scene_000107_000000000000000065.txt,Adverse_A,Adverse_A_scene_000107,000000000000000065
Adverse_A_scene_000107_000000000000000085.png,Adverse_A_scene_000107_000000000000000085.txt,Adverse_A,Adverse_A_scene_000107,000000000000000085
Adverse_A_scene_000107_000000000000000105.png,Adverse_A_scene_000107_000000000000000105.txt,Adverse_A,Adverse_A_scene_000107,000000000000000105
Adverse_A_scene_000107_000000000000000125.png,Adverse_A_scene_000107_000000000000000125.txt,Adverse_A,Adverse_A_scene_000107,000000000000000125
Adverse_A_scene_000107_000000000000000145.png,Adverse_A_scene_000107_000000000000000145.txt,Adverse_A,Adverse_A_scene_000107,000000000000000145
Adverse_A_scene_000107_000000000000000165.png,Adverse_A_scene_000107_000000000000000165.txt,Adverse_A,Adverse_A_scene_000107,000000000000000165
Adverse_A_scene_000107_000000000000000185.png,Adverse_A_scene_000107_000000000000000185.txt,Adverse_A,Adverse_A_scene_000107,000000000000000185
Adverse_A_scene_000107_000000000000000205.png,Adverse_A_scene_000107_000000000000000205.txt,Adverse_A,Adverse_A_scene_000107,000000000000000205
Adverse_A_scene_000108_000000000000000025.png,Adverse_A_scene_000108_000000000000000025.txt,Adverse_A,Adverse_A_scene_000108,000000000000000025
Adverse_A_scene_000108_000000000000000045.png,Adverse_A_scene_000108_000000000000000045.txt,Adverse_A,Adverse_A_scene_000108,000000000000000045
Adverse_A_scene_000108_000000000000000065.png,Adverse_A_scene_000108_000000000000000065.txt,Adverse_A,Adverse_A_scene_000108,000000000000000065
Adverse_A_scene_000108_000000000000000085.png,Adverse_A_scene_000108_000000000000000085.txt,Adverse_A,Adverse_A_scene_000108,000000000000000085
Adverse_A_scene_000108_000000000000000105.png,Adverse_A_scene_000108_000000000000000105.txt,Adverse_A,Adverse_A_scene_000108,000000000000000105
Adverse_A_scene_000108_000000000000000125.png,Adverse_A_scene_000108_000000000000000125.txt,Adverse_A,Adverse_A_scene_000108,000000000000000125
Adverse_A_scene_000108_000000000000000145.png,Adverse_A_scene_000108_000000000000000145.txt,Adverse_A,Adverse_A_scene_000108,000000000000000145
Adverse_A_scene_000108_000000000000000165.png,Adverse_A_scene_000108_000000000000000165.txt,Adverse_A,Adverse_A_scene_000108,000000000000000165
Adverse_A_scene_000108_000000000000000185.png,Adverse_A_scene_000108_000000000000000185.txt,Adverse_A,Adverse_A_scene_000108,000000000000000185
Adverse_A_scene_000108_000000000000000205.png,Adverse_A_scene_000108_000000000000000205.txt,Adverse_A,Adverse_A_scene_000108,000000000000000205
Adverse_A_scene_000109_000000000000000025.png,Adverse_A_scene_000109_000000000000000025.txt,Adverse_A,Adverse_A_scene_000109,000000000000000025
Adverse_A_scene_000109_000000000000000045.png,Adverse_A_scene_000109_000000000000000045.txt,Adverse_A,Adverse_A_scene_000109,000000000000000045
Adverse_A_scene_000109_000000000000000065.png,Adverse_A_scene_000109_000000000000000065.txt,Adverse_A,Adverse_A_scene_000109,000000000000000065
Adverse_A_scene_000109_000000000000000085.png,Adverse_A_scene_000109_000000000000000085.txt,Adverse_A,Adverse_A_scene_000109,000000000000000085
Adverse_A_scene_000109_000000000000000105.png,Adverse_A_scene_000109_000000000000000105.txt,Adverse_A,Adverse_A_scene_000109,000000000000000105
Adverse_A_scene_000109_000000000000000125.png,Adverse_A_scene_000109_000000000000000125.txt,Adverse_A,Adverse_A_scene_000109,000000000000000125
Adverse_A_scene_000109_000000000000000145.png,Adverse_A_scene_000109_000000000000000145.txt,Adverse_A,Adverse_A_scene_000109,000000000000000145
Adverse_A_scene_000109_000000000000000165.png,Adverse_A_scene_000109_000000000000000165.txt,Adverse_A,Adverse_A_scene_000109,000000000000000165
Adverse_A_scene_000109_000000000000000185.png,Adverse_A_scene_000109_000000000000000185.txt,Adverse_A,Adverse_A_scene_000109,000000000000000185
Adverse_A_scene_000109_000000000000000205.png,Adverse_A_scene_000109_000000000000000205.txt,Adverse_A,Adverse_A_scene_000109,000000000000000205
Adverse_A_scene_000110_000000000000000025.png,Adverse_A_scene_000110_000000000000000025.txt,Adverse_A,Adverse_A_scene_000110,000000000000000025
Adverse_A_scene_000110_000000000000000045.png,Adverse_A_scene_000110_000000000000000045.txt,Adverse_A,Adverse_A_scene_000110,000000000000000045
Adverse_A_scene_000110_000000000000000065.png,Adverse_A_scene_000110_000000000000000065.txt,Adverse_A,Adverse_A_scene_000110,000000000000000065
Adverse_A_scene_000110_000000000000000085.png,Adverse_A_scene_000110_000000000000000085.txt,Adverse_A,Adverse_A_scene_000110,000000000000000085
Adverse_A_scene_000110_000000000000000105.png,Adverse_A_scene_000110_000000000000000105.txt,Adverse_A,Adverse_A_scene_000110,000000000000000105
Adverse_A_scene_000110_000000000000000125.png,Adverse_A_scene_000110_000000000000000125.txt,Adverse_A,Adverse_A_scene_000110,000000000000000125
Adverse_A_scene_000110_000000000000000145.png,Adverse_A_scene_000110_000000000000000145.txt,Adverse_A,Adverse_A_scene_000110,000000000000000145
Adverse_A_scene_000110_000000000000000165.png,Adverse_A_scene_000110_000000000000000165.txt,Adverse_A,Adverse_A_scene_000110,000000000000000165
Adverse_A_scene_000110_000000000000000185.png,Adverse_A_scene_000110_000000000000000185.txt,Adverse_A,Adverse_A_scene_000110,000000000000000185
Adverse_A_scene_000110_000000000000000205.png,Adverse_A_scene_000110_000000000000000205.txt,Adverse_A,Adverse_A_scene_000110,000000000000000205
Adverse_A_scene_000111_000000000000000025.png,Adverse_A_scene_000111_000000000000000025.txt,Adverse_A,Adverse_A_scene_000111,000000000000000025
Adverse_A_scene_000111_000000000000000045.png,Adverse_A_scene_000111_000000000000000045.txt,Adverse_A,Adverse_A_scene_000111,000000000000000045
Adverse_A_scene_000111_000000000000000065.png,Adverse_A_scene_000111_000000000000000065.txt,Adverse_A,Adverse_A_scene_000111,000000000000000065
Adverse_A_scene_000111_000000000000000085.png,Adverse_A_scene_000111_000000000000000085.txt,Adverse_A,Adverse_A_scene_000111,000000000000000085
Adverse_A_scene_000111_000000000000000105.png,Adverse_A_scene_000111_000000000000000105.txt,Adverse_A,Adverse_A_scene_000111,000000000000000105
Adverse_A_scene_000111_000000000000000125.png,Adverse_A_scene_000111_000000000000000125.txt,Adverse_A,Adverse_A_scene_000111,000000000000000125
Adverse_A_scene_000111_000000000000000145.png,Adverse_A_scene_000111_000000000000000145.txt,Adverse_A,Adverse_A_scene_000111,000000000000000145
Adverse_A_scene_000111_000000000000000165.png,Adverse_A_scene_000111_000000000000000165.txt,Adverse_A,Adverse_A_scene_000111,000000000000000165
Adverse_A_scene_000111_000000000000000185.png,Adverse_A_scene_000111_000000000000000185.txt,Adverse_A,Adverse_A_scene_000111,000000000000000185
Adverse_A_scene_000111_000000000000000205.png,Adverse_A_scene_000111_000000000000000205.txt,Adverse_A,Adverse_A_scene_000111,000000000000000205
Adverse_A_scene_000112_000000000000000025.png,Adverse_A_scene_000112_000000000000000025.txt,Adverse_A,Adverse_A_scene_000112,000000000000000025
Adverse_A_scene_000112_000000000000000045.png,Adverse_A_scene_000112_000000000000000045.txt,Adverse_A,Adverse_A_scene_000112,000000000000000045
Adverse_A_scene_000112_000000000000000065.png,Adverse_A_scene_000112_000000000000000065.txt,Adverse_A,Adverse_A_scene_000112,000000000000000065
Adverse_A_scene_000112_000000000000000085.png,Adverse_A_scene_000112_000000000000000085.txt,Adverse_A,Adverse_A_scene_000112,000000000000000085
Adverse_A_scene_000112_000000000000000105.png,Adverse_A_scene_000112_000000000000000105.txt,Adverse_A,Adverse_A_scene_000112,000000000000000105
Adverse_A_scene_000112_000000000000000125.png,Adverse_A_scene_000112_000000000000000125.txt,Adverse_A,Adverse_A_scene_000112,000000000000000125
Adverse_A_scene_000112_000000000000000145.png,Adverse_A_scene_000112_000000000000000145.txt,Adverse_A,Adverse_A_scene_000112,000000000000000145
Adverse_A_scene_000112_000000000000000165.png,Adverse_A_scene_000112_000000000000000165.txt,Adverse_A,Adverse_A_scene_000112,000000000000000165
Adverse_A_scene_000112_000000000000000185.png,Adverse_A_scene_000112_000000000000000185.txt,Adverse_A,Adverse_A_scene_000112,000000000000000185
Adverse_A_scene_000112_000000000000000205.png,Adverse_A_scene_000112_000000000000000205.txt,Adverse_A,Adverse_A_scene_000112,000000000000000205
Adverse_A_scene_000113_000000000000000025.png,Adverse_A_scene_000113_000000000000000025.txt,Adverse_A,Adverse_A_scene_000113,000000000000000025
Adverse_A_scene_000113_000000000000000045.png,Adverse_A_scene_000113_000000000000000045.txt,Adverse_A,Adverse_A_scene_000113,000000000000000045
Adverse_A_scene_000113_000000000000000065.png,Adverse_A_scene_000113_000000000000000065.txt,Adverse_A,Adverse_A_scene_000113,000000000000000065
Adverse_A_scene_000113_000000000000000085.png,Adverse_A_scene_000113_000000000000000085.txt,Adverse_A,Adverse_A_scene_000113,000000000000000085
Adverse_A_scene_000113_000000000000000105.png,Adverse_A_scene_000113_000000000000000105.txt,Adverse_A,Adverse_A_scene_000113,000000000000000105
Adverse_A_scene_000113_000000000000000125.png,Adverse_A_scene_000113_000000000000000125.txt,Adverse_A,Adverse_A_scene_000113,000000000000000125
Adverse_A_scene_000113_000000000000000145.png,Adverse_A_scene_000113_000000000000000145.txt,Adverse_A,Adverse_A_scene_000113,000000000000000145
Adverse_A_scene_000113_000000000000000165.png,Adverse_A_scene_000113_000000000000000165.txt,Adverse_A,Adverse_A_scene_000113,000000000000000165
Adverse_A_scene_000113_000000000000000185.png,Adverse_A_scene_000113_000000000000000185.txt,Adverse_A,Adverse_A_scene_000113,000000000000000185
Adverse_A_scene_000113_000000000000000205.png,Adverse_A_scene_000113_000000000000000205.txt,Adverse_A,Adverse_A_scene_000113,000000000000000205
Adverse_A_scene_000114_000000000000000025.png,Adverse_A_scene_000114_000000000000000025.txt,Adverse_A,Adverse_A_scene_000114,000000000000000025
Adverse_A_scene_000114_000000000000000045.png,Adverse_A_scene_000114_000000000000000045.txt,Adverse_A,Adverse_A_scene_000114,000000000000000045
Adverse_A_scene_000114_000000000000000065.png,Adverse_A_scene_000114_000000000000000065.txt,Adverse_A,Adverse_A_scene_000114,000000000000000065
Adverse_A_scene_000114_000000000000000085.png,Adverse_A_scene_000114_000000000000000085.txt,Adverse_A,Adverse_A_scene_000114,000000000000000085
Adverse_A_scene_000114_000000000000000105.png,Adverse_A_scene_000114_000000000000000105.txt,Adverse_A,Adverse_A_scene_000114,000000000000000105
Adverse_A_scene_000114_000000000000000125.png,Adverse_A_scene_000114_000000000000000125.txt,Adverse_A,Adverse_A_scene_000114,000000000000000125
Adverse_A_scene_000114_000000000000000145.png,Adverse_A_scene_000114_000000000000000145.txt,Adverse_A,Adverse_A_scene_000114,000000000000000145
Adverse_A_scene_000114_000000000000000165.png,Adverse_A_scene_000114_000000000000000165.txt,Adverse_A,Adverse_A_scene_000114,000000000000000165
Adverse_A_scene_000114_000000000000000185.png,Adverse_A_scene_000114_000000000000000185.txt,Adverse_A,Adverse_A_scene_000114,000000000000000185
Adverse_A_scene_000114_000000000000000205.png,Adverse_A_scene_000114_000000000000000205.txt,Adverse_A,Adverse_A_scene_000114,000000000000000205
Adverse_A_scene_000115_000000000000000025.png,Adverse_A_scene_000115_000000000000000025.txt,Adverse_A,Adverse_A_scene_000115,000000000000000025
Adverse_A_scene_000115_000000000000000045.png,Adverse_A_scene_000115_000000000000000045.txt,Adverse_A,Adverse_A_scene_000115,000000000000000045
Adverse_A_scene_000115_000000000000000065.png,Adverse_A_scene_000115_000000000000000065.txt,Adverse_A,Adverse_A_scene_000115,000000000000000065
Adverse_A_scene_000115_000000000000000085.png,Adverse_A_scene_000115_000000000000000085.txt,Adverse_A,Adverse_A_scene_000115,000000000000000085
Adverse_A_scene_000115_000000000000000105.png,Adverse_A_scene_000115_000000000000000105.txt,Adverse_A,Adverse_A_scene_000115,000000000000000105
Adverse_A_scene_000115_000000000000000125.png,Adverse_A_scene_000115_000000000000000125.txt,Adverse_A,Adverse_A_scene_000115,000000000000000125
Adverse_A_scene_000115_000000000000000145.png,Adverse_A_scene_000115_000000000000000145.txt,Adverse_A,Adverse_A_scene_000115,000000000000000145
Adverse_A_scene_000115_000000000000000165.png,Adverse_A_scene_000115_000000000000000165.txt,Adverse_A,Adverse_A_scene_000115,000000000000000165
Adverse_A_scene_000115_000000000000000185.png,Adverse_A_scene_000115_000000000000000185.txt,Adverse_A,Adverse_A_scene_000115,000000000000000185
Adverse_A_scene_000115_000000000000000205.png,Adverse_A_scene_000115_000000000000000205.txt,Adverse_A,Adverse_A_scene_000115,000000000000000205
Adverse_A_scene_000116_000000000000000025.png,Adverse_A_scene_000116_000000000000000025.txt,Adverse_A,Adverse_A_scene_000116,000000000000000025
Adverse_A_scene_000116_000000000000000045.png,Adverse_A_scene_000116_000000000000000045.txt,Adverse_A,Adverse_A_scene_000116,000000000000000045
Adverse_A_scene_000116_000000000000000065.png,Adverse_A_scene_000116_000000000000000065.txt,Adverse_A,Adverse_A_scene_000116,000000000000000065
Adverse_A_scene_000116_000000000000000085.png,Adverse_A_scene_000116_000000000000000085.txt,Adverse_A,Adverse_A_scene_000116,000000000000000085
Adverse_A_scene_000116_000000000000000105.png,Adverse_A_scene_000116_000000000000000105.txt,Adverse_A,Adverse_A_scene_000116,000000000000000105
Adverse_A_scene_000116_000000000000000125.png,Adverse_A_scene_000116_000000000000000125.txt,Adverse_A,Adverse_A_scene_000116,000000000000000125
Adverse_A_scene_000116_000000000000000145.png,Adverse_A_scene_000116_000000000000000145.txt,Adverse_A,Adverse_A_scene_000116,000000000000000145
Adverse_A_scene_000116_000000000000000165.png,Adverse_A_scene_000116_000000000000000165.txt,Adverse_A,Adverse_A_scene_000116,000000000000000165
Adverse_A_scene_000116_000000000000000185.png,Adverse_A_scene_000116_000000000000000185.txt,Adverse_A,Adverse_A_scene_000116,000000000000000185
Adverse_A_scene_000116_000000000000000205.png,Adverse_A_scene_000116_000000000000000205.txt,Adverse_A,Adverse_A_scene_000116,000000000000000205
Adverse_A_scene_000117_000000000000000025.png,Adverse_A_scene_000117_000000000000000025.txt,Adverse_A,Adverse_A_scene_000117,000000000000000025
Adverse_A_scene_000117_000000000000000045.png,Adverse_A_scene_000117_000000000000000045.txt,Adverse_A,Adverse_A_scene_000117,000000000000000045
Adverse_A_scene_000117_000000000000000065.png,Adverse_A_scene_000117_000000000000000065.txt,Adverse_A,Adverse_A_scene_000117,000000000000000065
Adverse_A_scene_000117_000000000000000085.png,Adverse_A_scene_000117_000000000000000085.txt,Adverse_A,Adverse_A_scene_000117,000000000000000085
Adverse_A_scene_000117_000000000000000105.png,Adverse_A_scene_000117_000000000000000105.txt,Adverse_A,Adverse_A_scene_000117,000000000000000105
Adverse_A_scene_000117_000000000000000125.png,Adverse_A_scene_000117_000000000000000125.txt,Adverse_A,Adverse_A_scene_000117,000000000000000125
Adverse_A_scene_000117_000000000000000145.png,Adverse_A_scene_000117_000000000000000145.txt,Adverse_A,Adverse_A_scene_000117,000000000000000145
Adverse_A_scene_000117_000000000000000165.png,Adverse_A_scene_000117_000000000000000165.txt,Adverse_A,Adverse_A_scene_000117,000000000000000165
Adverse_A_scene_000117_000000000000000185.png,Adverse_A_scene_000117_000000000000000185.txt,Adverse_A,Adverse_A_scene_000117,000000000000000185
Adverse_A_scene_000117_000000000000000205.png,Adverse_A_scene_000117_000000000000000205.txt,Adverse_A,Adverse_A_scene_000117,000000000000000205
Adverse_A_scene_000118_000000000000000025.png,Adverse_A_scene_000118_000000000000000025.txt,Adverse_A,Adverse_A_scene_000118,000000000000000025
Adverse_A_scene_000118_000000000000000045.png,Adverse_A_scene_000118_000000000000000045.txt,Adverse_A,Adverse_A_scene_000118,000000000000000045
Adverse_A_scene_000118_000000000000000065.png,Adverse_A_scene_000118_000000000000000065.txt,Adverse_A,Adverse_A_scene_000118,000000000000000065
Adverse_A_scene_000118_000000000000000085.png,Adverse_A_scene_000118_000000000000000085.txt,Adverse_A,Adverse_A_scene_000118,000000000000000085
Adverse_A_scene_000118_000000000000000105.png,Adverse_A_scene_000118_000000000000000105.txt,Adverse_A,Adverse_A_scene_000118,000000000000000105
Adverse_A_scene_000118_000000000000000125.png,Adverse_A_scene_000118_000000000000000125.txt,Adverse_A,Adverse_A_scene_000118,000000000000000125
Adverse_A_scene_000118_000000000000000145.png,Adverse_A_scene_000118_000000000000000145.txt,Adverse_A,Adverse_A_scene_000118,000000000000000145
Adverse_A_scene_000118_000000000000000165.png,Adverse_A_scene_000118_000000000000000165.txt,Adverse_A,Adverse_A_scene_000118,000000000000000165
Adverse_A_scene_000118_000000000000000185.png,Adverse_A_scene_000118_000000000000000185.txt,Adverse_A,Adverse_A_scene_000118,000000000000000185
Adverse_A_scene_000118_000000000000000205.png,Adverse_A_scene_000118_000000000000000205.txt,Adverse_A,Adverse_A_scene_000118,000000000000000205
Adverse_A_scene_000119_000000000000000025.png,Adverse_A_scene_000119_000000000000000025.txt,Adverse_A,Adverse_A_scene_000119,000000000000000025
Adverse_A_scene_000119_000000000000000045.png,Adverse_A_scene_000119_000000000000000045.txt,Adverse_A,Adverse_A_scene_000119,000000000000000045
Adverse_A_scene_000119_000000000000000065.png,Adverse_A_scene_000119_000000000000000065.txt,Adverse_A,Adverse_A_scene_000119,000000000000000065
Adverse_A_scene_000119_000000000000000085.png,Adverse_A_scene_000119_000000000000000085.txt,Adverse_A,Adverse_A_scene_000119,000000000000000085
Adverse_A_scene_000119_000000000000000105.png,Adverse_A_scene_000119_000000000000000105.txt,Adverse_A,Adverse_A_scene_000119,000000000000000105
Adverse_A_scene_000119_000000000000000125.png,Adverse_A_scene_000119_000000000000000125.txt,Adverse_A,Adverse_A_scene_000119,000000000000000125
Adverse_A_scene_000119_000000000000000145.png,Adverse_A_scene_000119_000000000000000145.txt,Adverse_A,Adverse_A_scene_000119,000000000000000145
Adverse_A_scene_000119_000000000000000165.png,Adverse_A_scene_000119_000000000000000165.txt,Adverse_A,Adverse_A_scene_000119,000000000000000165
Adverse_A_scene_000119_000000000000000185.png,Adverse_A_scene_000119_000000000000000185.txt,Adverse_A,Adverse_A_scene_000119,000000000000000185
Adverse_A_scene_000119_000000000000000205.png,Adverse_A_scene_000119_000000000000000205.txt,Adverse_A,Adverse_A_scene_000119,000000000000000205
Adverse_A_scene_000120_000000000000000025.png,Adverse_A_scene_000120_000000000000000025.txt,Adverse_A,Adverse_A_scene_000120,000000000000000025
Adverse_A_scene_000120_000000000000000045.png,Adverse_A_scene_000120_000000000000000045.txt,Adverse_A,Adverse_A_scene_000120,000000000000000045
Adverse_A_scene_000120_000000000000000065.png,Adverse_A_scene_000120_000000000000000065.txt,Adverse_A,Adverse_A_scene_000120,000000000000000065
Adverse_A_scene_000120_000000000000000085.png,Adverse_A_scene_000120_000000000000000085.txt,Adverse_A,Adverse_A_scene_000120,000000000000000085
Adverse_A_scene_000120_000000000000000105.png,Adverse_A_scene_000120_000000000000000105.txt,Adverse_A,Adverse_A_scene_000120,000000000000000105
Adverse_A_scene_000120_000000000000000125.png,Adverse_A_scene_000120_000000000000000125.txt,Adverse_A,Adverse_A_scene_000120,000000000000000125
Adverse_A_scene_000120_000000000000000145.png,Adverse_A_scene_000120_000000000000000145.txt,Adverse_A,Adverse_A_scene_000120,000000000000000145
Adverse_A_scene_000120_000000000000000165.png,Adverse_A_scene_000120_000000000000000165.txt,Adverse_A,Adverse_A_scene_000120,000000000000000165
Adverse_A_scene_000120_000000000000000185.png,Adverse_A_scene_000120_000000000000000185.txt,Adverse_A,Adverse_A_scene_000120,000000000000000185
Adverse_A_scene_000120_000000000000000205.png,Adverse_A_scene_000120_000000000000000205.txt,Adverse_A,Adverse_A_scene_000120,000000000000000205
Adverse_A_scene_000121_000000000000000025.png,Adverse_A_scene_000121_000000000000000025.txt,Adverse_A,Adverse_A_scene_000121,000000000000000025
Adverse_A_scene_000121_000000000000000045.png,Adverse_A_scene_000121_000000000000000045.txt,Adverse_A,Adverse_A_scene_000121,000000000000000045
Adverse_A_scene_000121_000000000000000065.png,Adverse_A_scene_000121_000000000000000065.txt,Adverse_A,Adverse_A_scene_000121,000000000000000065
Adverse_A_scene_000121_000000000000000085.png,Adverse_A_scene_000121_000000000000000085.txt,Adverse_A,Adverse_A_scene_000121,000000000000000085
Adverse_A_scene_000121_000000000000000105.png,Adverse_A_scene_000121_000000000000000105.txt,Adverse_A,Adverse_A_scene_000121,000000000000000105
Adverse_A_scene_000121_000000000000000125.png,Adverse_A_scene_000121_000000000000000125.txt,Adverse_A,Adverse_A_scene_000121,000000000000000125
Adverse_A_scene_000121_000000000000000145.png,Adverse_A_scene_000121_000000000000000145.txt,Adverse_A,Adverse_A_scene_000121,000000000000000145
Adverse_A_scene_000121_000000000000000165.png,Adverse_A_scene_000121_000000000000000165.txt,Adverse_A,Adverse_A_scene_000121,000000000000000165
Adverse_A_scene_000121_000000000000000185.png,Adverse_A_scene_000121_000000000000000185.txt,Adverse_A,Adverse_A_scene_000121,000000000000000185
Adverse_A_scene_000121_000000000000000205.png,Adverse_A_scene_000121_000000000000000205.txt,Adverse_A,Adverse_A_scene_000121,000000000000000205
Adverse_A_scene_000122_000000000000000025.png,Adverse_A_scene_000122_000000000000000025.txt,Adverse_A,Adverse_A_scene_000122,000000000000000025
Adverse_A_scene_000122_000000000000000045.png,Adverse_A_scene_000122_000000000000000045.txt,Adverse_A,Adverse_A_scene_000122,000000000000000045
Adverse_A_scene_000122_000000000000000065.png,Adverse_A_scene_000122_000000000000000065.txt,Adverse_A,Adverse_A_scene_000122,000000000000000065
Adverse_A_scene_000122_000000000000000085.png,Adverse_A_scene_000122_000000000000000085.txt,Adverse_A,Adverse_A_scene_000122,000000000000000085
Adverse_A_scene_000122_000000000000000105.png,Adverse_A_scene_000122_000000000000000105.txt,Adverse_A,Adverse_A_scene_000122,000000000000000105
Adverse_A_scene_000122_000000000000000125.png,Adverse_A_scene_000122_000000000000000125.txt,Adverse_A,Adverse_A_scene_000122,000000000000000125
Adverse_A_scene_000122_000000000000000145.png,Adverse_A_scene_000122_000000000000000145.txt,Adverse_A,Adverse_A_scene_000122,000000000000000145
Adverse_A_scene_000122_000000000000000165.png,Adverse_A_scene_000122_000000000000000165.txt,Adverse_A,Adverse_A_scene_000122,000000000000000165
Adverse_A_scene_000122_000000000000000185.png,Adverse_A_scene_000122_000000000000000185.txt,Adverse_A,Adverse_A_scene_000122,000000000000000185
Adverse_A_scene_000122_000000000000000205.png,Adverse_A_scene_000122_000000000000000205.txt,Adverse_A,Adverse_A_scene_000122,000000000000000205
Adverse_A_scene_000123_000000000000000025.png,Adverse_A_scene_000123_000000000000000025.txt,Adverse_A,Adverse_A_scene_000123,000000000000000025
Adverse_A_scene_000123_000000000000000045.png,Adverse_A_scene_000123_000000000000000045.txt,Adverse_A,Adverse_A_scene_000123,000000000000000045
Adverse_A_scene_000123_000000000000000065.png,Adverse_A_scene_000123_000000000000000065.txt,Adverse_A,Adverse_A_scene_000123,000000000000000065
Adverse_A_scene_000123_000000000000000085.png,Adverse_A_scene_000123_000000000000000085.txt,Adverse_A,Adverse_A_scene_000123,000000000000000085
Adverse_A_scene_000123_000000000000000105.png,Adverse_A_scene_000123_000000000000000105.txt,Adverse_A,Adverse_A_scene_000123,000000000000000105
Adverse_A_scene_000123_000000000000000125.png,Adverse_A_scene_000123_000000000000000125.txt,Adverse_A,Adverse_A_scene_000123,000000000000000125
Adverse_A_scene_000123_000000000000000145.png,Adverse_A_scene_000123_000000000000000145.txt,Adverse_A,Adverse_A_scene_000123,000000000000000145
Adverse_A_scene_000123_000000000000000165.png,Adverse_A_scene_000123_000000000000000165.txt,Adverse_A,Adverse_A_scene_000123,000000000000000165
Adverse_A_scene_000123_000000000000000185.png,Adverse_A_scene_000123_000000000000000185.txt,Adverse_A,Adverse_A_scene_000123,000000000000000185
Adverse_A_scene_000123_000000000000000205.png,Adverse_A_scene_000123_000000000000000205.txt,Adverse_A,Adverse_A_scene_000123,000000000000000205
Adverse_A_scene_000124_000000000000000025.png,Adverse_A_scene_000124_000000000000000025.txt,Adverse_A,Adverse_A_scene_000124,000000000000000025
Adverse_A_scene_000124_000000000000000045.png,Adverse_A_scene_000124_000000000000000045.txt,Adverse_A,Adverse_A_scene_000124,000000000000000045
Adverse_A_scene_000124_000000000000000065.png,Adverse_A_scene_000124_000000000000000065.txt,Adverse_A,Adverse_A_scene_000124,000000000000000065
Adverse_A_scene_000124_000000000000000085.png,Adverse_A_scene_000124_000000000000000085.txt,Adverse_A,Adverse_A_scene_000124,000000000000000085
Adverse_A_scene_000124_000000000000000105.png,Adverse_A_scene_000124_000000000000000105.txt,Adverse_A,Adverse_A_scene_000124,000000000000000105
Adverse_A_scene_000124_000000000000000125.png,Adverse_A_scene_000124_000000000000000125.txt,Adverse_A,Adverse_A_scene_000124,000000000000000125
Adverse_A_scene_000124_000000000000000145.png,Adverse_A_scene_000124_000000000000000145.txt,Adverse_A,Adverse_A_scene_000124,000000000000000145
Adverse_A_scene_000124_000000000000000165.png,Adverse_A_scene_000124_000000000000000165.txt,Adverse_A,Adverse_A_scene_000124,000000000000000165
Adverse_A_scene_000124_000000000000000185.png,Adverse_A_scene_000124_000000000000000185.txt,Adverse_A,Adverse_A_scene_000124,000000000000000185
Adverse_A_scene_000124_000000000000000205.png,Adverse_A_scene_000124_000000000000000205.txt,Adverse_A,Adverse_A_scene_000124,000000000000000205
Adverse_A_scene_000125_000000000000000025.png,Adverse_A_scene_000125_000000000000000025.txt,Adverse_A,Adverse_A_scene_000125,000000000000000025
Adverse_A_scene_000125_000000000000000045.png,Adverse_A_scene_000125_000000000000000045.txt,Adverse_A,Adverse_A_scene_000125,000000000000000045
Adverse_A_scene_000125_000000000000000065.png,Adverse_A_scene_000125_000000000000000065.txt,Adverse_A,Adverse_A_scene_000125,000000000000000065
Adverse_A_scene_000125_000000000000000085.png,Adverse_A_scene_000125_000000000000000085.txt,Adverse_A,Adverse_A_scene_000125,000000000000000085
Adverse_A_scene_000125_000000000000000105.png,Adverse_A_scene_000125_000000000000000105.txt,Adverse_A,Adverse_A_scene_000125,000000000000000105
Adverse_A_scene_000125_000000000000000125.png,Adverse_A_scene_000125_000000000000000125.txt,Adverse_A,Adverse_A_scene_000125,000000000000000125
Adverse_A_scene_000125_000000000000000145.png,Adverse_A_scene_000125_000000000000000145.txt,Adverse_A,Adverse_A_scene_000125,000000000000000145
Adverse_A_scene_000125_000000000000000165.png,Adverse_A_scene_000125_000000000000000165.txt,Adverse_A,Adverse_A_scene_000125,000000000000000165
Adverse_A_scene_000125_000000000000000185.png,Adverse_A_scene_000125_000000000000000185.txt,Adverse_A,Adverse_A_scene_000125,000000000000000185
Adverse_A_scene_000125_000000000000000205.png,Adverse_A_scene_000125_000000000000000205.txt,Adverse_A,Adverse_A_scene_000125,000000000000000205
Adverse_A_scene_000126_000000000000000025.png,Adverse_A_scene_000126_000000000000000025.txt,Adverse_A,Adverse_A_scene_000126,000000000000000025
Adverse_A_scene_000126_000000000000000045.png,Adverse_A_scene_000126_000000000000000045.txt,Adverse_A,Adverse_A_scene_000126,000000000000000045
Adverse_A_scene_000126_000000000000000065.png,Adverse_A_scene_000126_000000000000000065.txt,Adverse_A,Adverse_A_scene_000126,000000000000000065
Adverse_A_scene_000126_000000000000000085.png,Adverse_A_scene_000126_000000000000000085.txt,Adverse_A,Adverse_A_scene_000126,000000000000000085
Adverse_A_scene_000126_000000000000000105.png,Adverse_A_scene_000126_000000000000000105.txt,Adverse_A,Adverse_A_scene_000126,000000000000000105
Adverse_A_scene_000126_000000000000000125.png,Adverse_A_scene_000126_000000000000000125.txt,Adverse_A,Adverse_A_scene_000126,000000000000000125
Adverse_A_scene_000126_000000000000000145.png,Adverse_A_scene_000126_000000000000000145.txt,Adverse_A,Adverse_A_scene_000126,000000000000000145
Adverse_A_scene_000126_000000000000000165.png,Adverse_A_scene_000126_000000000000000165.txt,Adverse_A,Adverse_A_scene_000126,000000000000000165
Adverse_A_scene_000126_000000000000000185.png,Adverse_A_scene_000126_000000000000000185.txt,Adverse_A,Adverse_A_scene_000126,000000000000000185
Adverse_A_scene_000126_000000000000000205.png,Adverse_A_scene_000126_000000000000000205.txt,Adverse_A,Adverse_A_scene_000126,000000000000000205
Adverse_A_scene_000127_000000000000000025.png,Adverse_A_scene_000127_000000000000000025.txt,Adverse_A,Adverse_A_scene_000127,000000000000000025
Adverse_A_scene_000127_000000000000000045.png,Adverse_A_scene_000127_000000000000000045.txt,Adverse_A,Adverse_A_scene_000127,000000000000000045
Adverse_A_scene_000127_000000000000000065.png,Adverse_A_scene_000127_000000000000000065.txt,Adverse_A,Adverse_A_scene_000127,000000000000000065
Adverse_A_scene_000127_000000000000000085.png,Adverse_A_scene_000127_000000000000000085.txt,Adverse_A,Adverse_A_scene_000127,000000000000000085
Adverse_A_scene_000127_000000000000000105.png,Adverse_A_scene_000127_000000000000000105.txt,Adverse_A,Adverse_A_scene_000127,000000000000000105
Adverse_A_scene_000127_000000000000000125.png,Adverse_A_scene_000127_000000000000000125.txt,Adverse_A,Adverse_A_scene_000127,000000000000000125
Adverse_A_scene_000127_000000000000000145.png,Adverse_A_scene_000127_000000000000000145.txt,Adverse_A,Adverse_A_scene_000127,000000000000000145
Adverse_A_scene_000127_000000000000000165.png,Adverse_A_scene_000127_000000000000000165.txt,Adverse_A,Adverse_A_scene_000127,000000000000000165
Adverse_A_scene_000127_000000000000000185.png,Adverse_A_scene_000127_000000000000000185.txt,Adverse_A,Adverse_A_scene_000127,000000000000000185
Adverse_A_scene_000127_000000000000000205.png,Adverse_A_scene_000127_000000000000000205.txt,Adverse_A,Adverse_A_scene_000127,000000000000000205
Adverse_A_scene_000128_000000000000000025.png,Adverse_A_scene_000128_000000000000000025.txt,Adverse_A,Adverse_A_scene_000128,000000000000000025
Adverse_A_scene_000128_000000000000000045.png,Adverse_A_scene_000128_000000000000000045.txt,Adverse_A,Adverse_A_scene_000128,000000000000000045
Adverse_A_scene_000128_000000000000000065.png,Adverse_A_scene_000128_000000000000000065.txt,Adverse_A,Adverse_A_scene_000128,000000000000000065
Adverse_A_scene_000128_000000000000000085.png,Adverse_A_scene_000128_000000000000000085.txt,Adverse_A,Adverse_A_scene_000128,000000000000000085
Adverse_A_scene_000128_000000000000000105.png,Adverse_A_scene_000128_000000000000000105.txt,Adverse_A,Adverse_A_scene_000128,000000000000000105
Adverse_A_scene_000128_000000000000000125.png,Adverse_A_scene_000128_000000000000000125.txt,Adverse_A,Adverse_A_scene_000128,000000000000000125
Adverse_A_scene_000128_000000000000000145.png,Adverse_A_scene_000128_000000000000000145.txt,Adverse_A,Adverse_A_scene_000128,000000000000000145
Adverse_A_scene_000128_000000000000000165.png,Adverse_A_scene_000128_000000000000000165.txt,Adverse_A,Adverse_A_scene_000128,000000000000000165
Adverse_A_scene_000128_000000000000000185.png,Adverse_A_scene_000128_000000000000000185.txt,Adverse_A,Adverse_A_scene_000128,000000000000000185
Adverse_A_scene_000128_000000000000000205.png,Adverse_A_scene_000128_000000000000000205.txt,Adverse_A,Adverse_A_scene_000128,000000000000000205
Adverse_A_scene_000129_000000000000000025.png,Adverse_A_scene_000129_000000000000000025.txt,Adverse_A,Adverse_A_scene_000129,000000000000000025
Adverse_A_scene_000129_000000000000000045.png,Adverse_A_scene_000129_000000000000000045.txt,Adverse_A,Adverse_A_scene_000129,000000000000000045
Adverse_A_scene_000129_000000000000000065.png,Adverse_A_scene_000129_000000000000000065.txt,Adverse_A,Adverse_A_scene_000129,000000000000000065
Adverse_A_scene_000129_000000000000000085.png,Adverse_A_scene_000129_000000000000000085.txt,Adverse_A,Adverse_A_scene_000129,000000000000000085
Adverse_A_scene_000129_000000000000000105.png,Adverse_A_scene_000129_000000000000000105.txt,Adverse_A,Adverse_A_scene_000129,000000000000000105
Adverse_A_scene_000129_000000000000000125.png,Adverse_A_scene_000129_000000000000000125.txt,Adverse_A,Adverse_A_scene_000129,000000000000000125
Adverse_A_scene_000129_000000000000000145.png,Adverse_A_scene_000129_000000000000000145.txt,Adverse_A,Adverse_A_scene_000129,000000000000000145
Adverse_A_scene_000129_000000000000000165.png,Adverse_A_scene_000129_000000000000000165.txt,Adverse_A,Adverse_A_scene_000129,000000000000000165
Adverse_A_scene_000129_000000000000000185.png,Adverse_A_scene_000129_000000000000000185.txt,Adverse_A,Adverse_A_scene_000129,000000000000000185
Adverse_A_scene_000129_000000000000000205.png,Adverse_A_scene_000129_000000000000000205.txt,Adverse_A,Adverse_A_scene_000129,000000000000000205
Adverse_A_scene_000130_000000000000000025.png,Adverse_A_scene_000130_000000000000000025.txt,Adverse_A,Adverse_A_scene_000130,000000000000000025
Adverse_A_scene_000130_000000000000000045.png,Adverse_A_scene_000130_000000000000000045.txt,Adverse_A,Adverse_A_scene_000130,000000000000000045
Adverse_A_scene_000130_000000000000000065.png,Adverse_A_scene_000130_000000000000000065.txt,Adverse_A,Adverse_A_scene_000130,000000000000000065
Adverse_A_scene_000130_000000000000000085.png,Adverse_A_scene_000130_000000000000000085.txt,Adverse_A,Adverse_A_scene_000130,000000000000000085
Adverse_A_scene_000130_000000000000000105.png,Adverse_A_scene_000130_000000000000000105.txt,Adverse_A,Adverse_A_scene_000130,000000000000000105
Adverse_A_scene_000130_000000000000000125.png,Adverse_A_scene_000130_000000000000000125.txt,Adverse_A,Adverse_A_scene_000130,000000000000000125
Adverse_A_scene_000130_000000000000000145.png,Adverse_A_scene_000130_000000000000000145.txt,Adverse_A,Adverse_A_scene_000130,000000000000000145
Adverse_A_scene_000130_000000000000000165.png,Adverse_A_scene_000130_000000000000000165.txt,Adverse_A,Adverse_A_scene_000130,000000000000000165
Adverse_A_scene_000130_000000000000000185.png,Adverse_A_scene_000130_000000000000000185.txt,Adverse_A,Adverse_A_scene_000130,000000000000000185
Adverse_A_scene_000130_000000000000000205.png,Adverse_A_scene_000130_000000000000000205.txt,Adverse_A,Adverse_A_scene_000130,000000000000000205
Adverse_A_scene_000131_000000000000000025.png,Adverse_A_scene_000131_000000000000000025.txt,Adverse_A,Adverse_A_scene_000131,000000000000000025
Adverse_A_scene_000131_000000000000000045.png,Adverse_A_scene_000131_000000000000000045.txt,Adverse_A,Adverse_A_scene_000131,000000000000000045
Adverse_A_scene_000131_000000000000000065.png,Adverse_A_scene_000131_000000000000000065.txt,Adverse_A,Adverse_A_scene_000131,000000000000000065
Adverse_A_scene_000131_000000000000000085.png,Adverse_A_scene_000131_000000000000000085.txt,Adverse_A,Adverse_A_scene_000131,000000000000000085
Adverse_A_scene_000131_000000000000000105.png,Adverse_A_scene_000131_000000000000000105.txt,Adverse_A,Adverse_A_scene_000131,000000000000000105
Adverse_A_scene_000131_000000000000000125.png,Adverse_A_scene_000131_000000000000000125.txt,Adverse_A,Adverse_A_scene_000131,000000000000000125
Adverse_A_scene_000131_000000000000000145.png,Adverse_A_scene_000131_000000000000000145.txt,Adverse_A,Adverse_A_scene_000131,000000000000000145
Adverse_A_scene_000131_000000000000000165.png,Adverse_A_scene_000131_000000000000000165.txt,Adverse_A,Adverse_A_scene_000131,000000000000000165
Adverse_A_scene_000131_000000000000000185.png,Adverse_A_scene_000131_000000000000000185.txt,Adverse_A,Adverse_A_scene_000131,000000000000000185
Adverse_A_scene_000131_000000000000000205.png,Adverse_A_scene_000131_000000000000000205.txt,Adverse_A,Adverse_A_scene_000131,000000000000000205
Adverse_A_scene_000132_000000000000000025.png,Adverse_A_scene_000132_000000000000000025.txt,Adverse_A,Adverse_A_scene_000132,000000000000000025
Adverse_A_scene_000132_000000000000000045.png,Adverse_A_scene_000132_000000000000000045.txt,Adverse_A,Adverse_A_scene_000132,000000000000000045
Adverse_A_scene_000132_000000000000000065.png,Adverse_A_scene_000132_000000000000000065.txt,Adverse_A,Adverse_A_scene_000132,000000000000000065
Adverse_A_scene_000132_000000000000000085.png,Adverse_A_scene_000132_000000000000000085.txt,Adverse_A,Adverse_A_scene_000132,000000000000000085
Adverse_A_scene_000132_000000000000000105.png,Adverse_A_scene_000132_000000000000000105.txt,Adverse_A,Adverse_A_scene_000132,000000000000000105
Adverse_A_scene_000132_000000000000000125.png,Adverse_A_scene_000132_000000000000000125.txt,Adverse_A,Adverse_A_scene_000132,000000000000000125
Adverse_A_scene_000132_000000000000000145.png,Adverse_A_scene_000132_000000000000000145.txt,Adverse_A,Adverse_A_scene_000132,000000000000000145
Adverse_A_scene_000132_000000000000000165.png,Adverse_A_scene_000132_000000000000000165.txt,Adverse_A,Adverse_A_scene_000132,000000000000000165
Adverse_A_scene_000132_000000000000000185.png,Adverse_A_scene_000132_000000000000000185.txt,Adverse_A,Adverse_A_scene_000132,000000000000000185
Adverse_A_scene_000132_000000000000000205.png,Adverse_A_scene_000132_000000000000000205.txt,Adverse_A,Adverse_A_scene_000132,000000000000000205
Adverse_A_scene_000133_000000000000000025.png,Adverse_A_scene_000133_000000000000000025.txt,Adverse_A,Adverse_A_scene_000133,000000000000000025
Adverse_A_scene_000133_000000000000000045.png,Adverse_A_scene_000133_000000000000000045.txt,Adverse_A,Adverse_A_scene_000133,000000000000000045
Adverse_A_scene_000133_000000000000000065.png,Adverse_A_scene_000133_000000000000000065.txt,Adverse_A,Adverse_A_scene_000133,000000000000000065
Adverse_A_scene_000133_000000000000000085.png,Adverse_A_scene_000133_000000000000000085.txt,Adverse_A,Adverse_A_scene_000133,000000000000000085
Adverse_A_scene_000133_000000000000000105.png,Adverse_A_scene_000133_000000000000000105.txt,Adverse_A,Adverse_A_scene_000133,000000000000000105
Adverse_A_scene_000133_000000000000000125.png,Adverse_A_scene_000133_000000000000000125.txt,Adverse_A,Adverse_A_scene_000133,000000000000000125
Adverse_A_scene_000133_000000000000000145.png,Adverse_A_scene_000133_000000000000000145.txt,Adverse_A,Adverse_A_scene_000133,000000000000000145
Adverse_A_scene_000133_000000000000000165.png,Adverse_A_scene_000133_000000000000000165.txt,Adverse_A,Adverse_A_scene_000133,000000000000000165
Adverse_A_scene_000133_000000000000000185.png,Adverse_A_scene_000133_000000000000000185.txt,Adverse_A,Adverse_A_scene_000133,000000000000000185
Adverse_A_scene_000133_000000000000000205.png,Adverse_A_scene_000133_000000000000000205.txt,Adverse_A,Adverse_A_scene_000133,000000000000000205
Adverse_A_scene_000134_000000000000000025.png,Adverse_A_scene_000134_000000000000000025.txt,Adverse_A,Adverse_A_scene_000134,000000000000000025
Adverse_A_scene_000134_000000000000000045.png,Adverse_A_scene_000134_000000000000000045.txt,Adverse_A,Adverse_A_scene_000134,000000000000000045
Adverse_A_scene_000134_000000000000000065.png,Adverse_A_scene_000134_000000000000000065.txt,Adverse_A,Adverse_A_scene_000134,000000000000000065
Adverse_A_scene_000134_000000000000000085.png,Adverse_A_scene_000134_000000000000000085.txt,Adverse_A,Adverse_A_scene_000134,000000000000000085
Adverse_A_scene_000134_000000000000000105.png,Adverse_A_scene_000134_000000000000000105.txt,Adverse_A,Adverse_A_scene_000134,000000000000000105
Adverse_A_scene_000134_000000000000000125.png,Adverse_A_scene_000134_000000000000000125.txt,Adverse_A,Adverse_A_scene_000134,000000000000000125
Adverse_A_scene_000134_000000000000000145.png,Adverse_A_scene_000134_000000000000000145.txt,Adverse_A,Adverse_A_scene_000134,000000000000000145
Adverse_A_scene_000134_000000000000000165.png,Adverse_A_scene_000134_000000000000000165.txt,Adverse_A,Adverse_A_scene_000134,000000000000000165
Adverse_A_scene_000134_000000000000000185.png,Adverse_A_scene_000134_000000000000000185.txt,Adverse_A,Adverse_A_scene_000134,000000000000000185
Adverse_A_scene_000134_000000000000000205.png,Adverse_A_scene_000134_000000000000000205.txt,Adverse_A,Adverse_A_scene_000134,000000000000000205
Adverse_A_scene_000135_000000000000000025.png,Adverse_A_scene_000135_000000000000000025.txt,Adverse_A,Adverse_A_scene_000135,000000000000000025
Adverse_A_scene_000135_000000000000000045.png,Adverse_A_scene_000135_000000000000000045.txt,Adverse_A,Adverse_A_scene_000135,000000000000000045
Adverse_A_scene_000135_000000000000000065.png,Adverse_A_scene_000135_000000000000000065.txt,Adverse_A,Adverse_A_scene_000135,000000000000000065
Adverse_A_scene_000135_000000000000000085.png,Adverse_A_scene_000135_000000000000000085.txt,Adverse_A,Adverse_A_scene_000135,000000000000000085
Adverse_A_scene_000135_000000000000000105.png,Adverse_A_scene_000135_000000000000000105.txt,Adverse_A,Adverse_A_scene_000135,000000000000000105
Adverse_A_scene_000135_000000000000000125.png,Adverse_A_scene_000135_000000000000000125.txt,Adverse_A,Adverse_A_scene_000135,000000000000000125
Adverse_A_scene_000135_000000000000000145.png,Adverse_A_scene_000135_000000000000000145.txt,Adverse_A,Adverse_A_scene_000135,000000000000000145
Adverse_A_scene_000135_000000000000000165.png,Adverse_A_scene_000135_000000000000000165.txt,Adverse_A,Adverse_A_scene_000135,000000000000000165
Adverse_A_scene_000135_000000000000000185.png,Adverse_A_scene_000135_000000000000000185.txt,Adverse_A,Adverse_A_scene_000135,000000000000000185
Adverse_A_scene_000135_000000000000000205.png,Adverse_A_scene_000135_000000000000000205.txt,Adverse_A,Adverse_A_scene_000135,000000000000000205
Adverse_A_scene_000136_000000000000000025.png,Adverse_A_scene_000136_000000000000000025.txt,Adverse_A,Adverse_A_scene_000136,000000000000000025
Adverse_A_scene_000136_000000000000000045.png,Adverse_A_scene_000136_000000000000000045.txt,Adverse_A,Adverse_A_scene_000136,000000000000000045
Adverse_A_scene_000136_000000000000000065.png,Adverse_A_scene_000136_000000000000000065.txt,Adverse_A,Adverse_A_scene_000136,000000000000000065
Adverse_A_scene_000136_000000000000000085.png,Adverse_A_scene_000136_000000000000000085.txt,Adverse_A,Adverse_A_scene_000136,000000000000000085
Adverse_A_scene_000136_000000000000000105.png,Adverse_A_scene_000136_000000000000000105.txt,Adverse_A,Adverse_A_scene_000136,000000000000000105
Adverse_A_scene_000136_000000000000000125.png,Adverse_A_scene_000136_000000000000000125.txt,Adverse_A,Adverse_A_scene_000136,000000000000000125
Adverse_A_scene_000136_000000000000000145.png,Adverse_A_scene_000136_000000000000000145.txt,Adverse_A,Adverse_A_scene_000136,000000000000000145
Adverse_A_scene_000136_000000000000000165.png,Adverse_A_scene_000136_000000000000000165.txt,Adverse_A,Adverse_A_scene_000136,000000000000000165
Adverse_A_scene_000136_000000000000000185.png,Adverse_A_scene_000136_000000000000000185.txt,Adverse_A,Adverse_A_scene_000136,000000000000000185
Adverse_A_scene_000136_000000000000000205.png,Adverse_A_scene_000136_000000000000000205.txt,Adverse_A,Adverse_A_scene_000136,000000000000000205
Adverse_A_scene_000137_000000000000000025.png,Adverse_A_scene_000137_000000000000000025.txt,Adverse_A,Adverse_A_scene_000137,000000000000000025
Adverse_A_scene_000137_000000000000000045.png,Adverse_A_scene_000137_000000000000000045.txt,Adverse_A,Adverse_A_scene_000137,000000000000000045
Adverse_A_scene_000137_000000000000000065.png,Adverse_A_scene_000137_000000000000000065.txt,Adverse_A,Adverse_A_scene_000137,000000000000000065
Adverse_A_scene_000137_000000000000000085.png,Adverse_A_scene_000137_000000000000000085.txt,Adverse_A,Adverse_A_scene_000137,000000000000000085
Adverse_A_scene_000137_000000000000000105.png,Adverse_A_scene_000137_000000000000000105.txt,Adverse_A,Adverse_A_scene_000137,000000000000000105
Adverse_A_scene_000137_000000000000000125.png,Adverse_A_scene_000137_000000000000000125.txt,Adverse_A,Adverse_A_scene_000137,000000000000000125
Adverse_A_scene_000137_000000000000000145.png,Adverse_A_scene_000137_000000000000000145.txt,Adverse_A,Adverse_A_scene_000137,000000000000000145
Adverse_A_scene_000137_000000000000000165.png,Adverse_A_scene_000137_000000000000000165.txt,Adverse_A,Adverse_A_scene_000137,000000000000000165
Adverse_A_scene_000137_000000000000000185.png,Adverse_A_scene_000137_000000000000000185.txt,Adverse_A,Adverse_A_scene_000137,000000000000000185
Adverse_A_scene_000137_000000000000000205.png,Adverse_A_scene_000137_000000000000000205.txt,Adverse_A,Adverse_A_scene_000137,000000000000000205
Adverse_A_scene_000138_000000000000000025.png,Adverse_A_scene_000138_000000000000000025.txt,Adverse_A,Adverse_A_scene_000138,000000000000000025
Adverse_A_scene_000138_000000000000000045.png,Adverse_A_scene_000138_000000000000000045.txt,Adverse_A,Adverse_A_scene_000138,000000000000000045
Adverse_A_scene_000138_000000000000000065.png,Adverse_A_scene_000138_000000000000000065.txt,Adverse_A,Adverse_A_scene_000138,000000000000000065
Adverse_A_scene_000138_000000000000000085.png,Adverse_A_scene_000138_000000000000000085.txt,Adverse_A,Adverse_A_scene_000138,000000000000000085
Adverse_A_scene_000138_000000000000000105.png,Adverse_A_scene_000138_000000000000000105.txt,Adverse_A,Adverse_A_scene_000138,000000000000000105
Adverse_A_scene_000138_000000000000000125.png,Adverse_A_scene_000138_000000000000000125.txt,Adverse_A,Adverse_A_scene_000138,000000000000000125
Adverse_A_scene_000138_000000000000000145.png,Adverse_A_scene_000138_000000000000000145.txt,Adverse_A,Adverse_A_scene_000138,000000000000000145
Adverse_A_scene_000138_000000000000000165.png,Adverse_A_scene_000138_000000000000000165.txt,Adverse_A,Adverse_A_scene_000138,000000000000000165
Adverse_A_scene_000138_000000000000000185.png,Adverse_A_scene_000138_000000000000000185.txt,Adverse_A,Adverse_A_scene_000138,000000000000000185
Adverse_A_scene_000138_000000000000000205.png,Adverse_A_scene_000138_000000000000000205.txt,Adverse_A,Adverse_A_scene_000138,000000000000000205
Adverse_A_scene_000139_000000000000000025.png,Adverse_A_scene_000139_000000000000000025.txt,Adverse_A,Adverse_A_scene_000139,000000000000000025
Adverse_A_scene_000139_000000000000000045.png,Adverse_A_scene_000139_000000000000000045.txt,Adverse_A,Adverse_A_scene_000139,000000000000000045
Adverse_A_scene_000139_000000000000000065.png,Adverse_A_scene_000139_000000000000000065.txt,Adverse_A,Adverse_A_scene_000139,000000000000000065
Adverse_A_scene_000139_000000000000000085.png,Adverse_A_scene_000139_000000000000000085.txt,Adverse_A,Adverse_A_scene_000139,000000000000000085
Adverse_A_scene_000139_000000000000000105.png,Adverse_A_scene_000139_000000000000000105.txt,Adverse_A,Adverse_A_scene_000139,000000000000000105
Adverse_A_scene_000139_000000000000000125.png,Adverse_A_scene_000139_000000000000000125.txt,Adverse_A,Adverse_A_scene_000139,000000000000000125
Adverse_A_scene_000139_000000000000000145.png,Adverse_A_scene_000139_000000000000000145.txt,Adverse_A,Adverse_A_scene_000139,000000000000000145
Adverse_A_scene_000139_000000000000000165.png,Adverse_A_scene_000139_000000000000000165.txt,Adverse_A,Adverse_A_scene_000139,000000000000000165
Adverse_A_scene_000139_000000000000000185.png,Adverse_A_scene_000139_000000000000000185.txt,Adverse_A,Adverse_A_scene_000139,000000000000000185
Adverse_A_scene_000139_000000000000000205.png,Adverse_A_scene_000139_000000000000000205.txt,Adverse_A,Adverse_A_scene_000139,000000000000000205
Adverse_A_scene_000140_000000000000000025.png,Adverse_A_scene_000140_000000000000000025.txt,Adverse_A,Adverse_A_scene_000140,000000000000000025
Adverse_A_scene_000140_000000000000000045.png,Adverse_A_scene_000140_000000000000000045.txt,Adverse_A,Adverse_A_scene_000140,000000000000000045
Adverse_A_scene_000140_000000000000000065.png,Adverse_A_scene_000140_000000000000000065.txt,Adverse_A,Adverse_A_scene_000140,000000000000000065
Adverse_A_scene_000140_000000000000000085.png,Adverse_A_scene_000140_000000000000000085.txt,Adverse_A,Adverse_A_scene_000140,000000000000000085
Adverse_A_scene_000140_000000000000000105.png,Adverse_A_scene_000140_000000000000000105.txt,Adverse_A,Adverse_A_scene_000140,000000000000000105
Adverse_A_scene_000140_000000000000000125.png,Adverse_A_scene_000140_000000000000000125.txt,Adverse_A,Adverse_A_scene_000140,000000000000000125
Adverse_A_scene_000140_000000000000000145.png,Adverse_A_scene_000140_000000000000000145.txt,Adverse_A,Adverse_A_scene_000140,000000000000000145
Adverse_A_scene_000140_000000000000000165.png,Adverse_A_scene_000140_000000000000000165.txt,Adverse_A,Adverse_A_scene_000140,000000000000000165
Adverse_A_scene_000140_000000000000000185.png,Adverse_A_scene_000140_000000000000000185.txt,Adverse_A,Adverse_A_scene_000140,000000000000000185
Adverse_A_scene_000140_000000000000000205.png,Adverse_A_scene_000140_000000000000000205.txt,Adverse_A,Adverse_A_scene_000140,000000000000000205
Adverse_A_scene_000141_000000000000000025.png,Adverse_A_scene_000141_000000000000000025.txt,Adverse_A,Adverse_A_scene_000141,000000000000000025
Adverse_A_scene_000141_000000000000000045.png,Adverse_A_scene_000141_000000000000000045.txt,Adverse_A,Adverse_A_scene_000141,000000000000000045
Adverse_A_scene_000141_000000000000000065.png,Adverse_A_scene_000141_000000000000000065.txt,Adverse_A,Adverse_A_scene_000141,000000000000000065
Adverse_A_scene_000141_000000000000000085.png,Adverse_A_scene_000141_000000000000000085.txt,Adverse_A,Adverse_A_scene_000141,000000000000000085
Adverse_A_scene_000141_000000000000000105.png,Adverse_A_scene_000141_000000000000000105.txt,Adverse_A,Adverse_A_scene_000141,000000000000000105
Adverse_A_scene_000141_000000000000000125.png,Adverse_A_scene_000141_000000000000000125.txt,Adverse_A,Adverse_A_scene_000141,000000000000000125
Adverse_A_scene_000141_000000000000000145.png,Adverse_A_scene_000141_000000000000000145.txt,Adverse_A,Adverse_A_scene_000141,000000000000000145
Adverse_A_scene_000141_000000000000000165.png,Adverse_A_scene_000141_000000000000000165.txt,Adverse_A,Adverse_A_scene_000141,000000000000000165
Adverse_A_scene_000141_000000000000000185.png,Adverse_A_scene_000141_000000000000000185.txt,Adverse_A,Adverse_A_scene_000141,000000000000000185
Adverse_A_scene_000141_000000000000000205.png,Adverse_A_scene_000141_000000000000000205.txt,Adverse_A,Adverse_A_scene_000141,000000000000000205
Adverse_A_scene_000142_000000000000000025.png,Adverse_A_scene_000142_000000000000000025.txt,Adverse_A,Adverse_A_scene_000142,000000000000000025
Adverse_A_scene_000142_000000000000000045.png,Adverse_A_scene_000142_000000000000000045.txt,Adverse_A,Adverse_A_scene_000142,000000000000000045
Adverse_A_scene_000142_000000000000000065.png,Adverse_A_scene_000142_000000000000000065.txt,Adverse_A,Adverse_A_scene_000142,000000000000000065
Adverse_A_scene_000142_000000000000000085.png,Adverse_A_scene_000142_000000000000000085.txt,Adverse_A,Adverse_A_scene_000142,000000000000000085
Adverse_A_scene_000142_000000000000000105.png,Adverse_A_scene_000142_000000000000000105.txt,Adverse_A,Adverse_A_scene_000142,000000000000000105
Adverse_A_scene_000142_000000000000000125.png,Adverse_A_scene_000142_000000000000000125.txt,Adverse_A,Adverse_A_scene_000142,000000000000000125
Adverse_A_scene_000142_000000000000000145.png,Adverse_A_scene_000142_000000000000000145.txt,Adverse_A,Adverse_A_scene_000142,000000000000000145
Adverse_A_scene_000142_000000000000000165.png,Adverse_A_scene_000142_000000000000000165.txt,Adverse_A,Adverse_A_scene_000142,000000000000000165
Adverse_A_scene_000142_000000000000000185.png,Adverse_A_scene_000142_000000000000000185.txt,Adverse_A,Adverse_A_scene_000142,000000000000000185
Adverse_A_scene_000142_000000000000000205.png,Adverse_A_scene_000142_000000000000000205.txt,Adverse_A,Adverse_A_scene_000142,000000000000000205
Adverse_A_scene_000143_000000000000000025.png,Adverse_A_scene_000143_000000000000000025.txt,Adverse_A,Adverse_A_scene_000143,000000000000000025
Adverse_A_scene_000143_000000000000000045.png,Adverse_A_scene_000143_000000000000000045.txt,Adverse_A,Adverse_A_scene_000143,000000000000000045
Adverse_A_scene_000143_000000000000000065.png,Adverse_A_scene_000143_000000000000000065.txt,Adverse_A,Adverse_A_scene_000143,000000000000000065
Adverse_A_scene_000143_000000000000000085.png,Adverse_A_scene_000143_000000000000000085.txt,Adverse_A,Adverse_A_scene_000143,000000000000000085
Adverse_A_scene_000143_000000000000000105.png,Adverse_A_scene_000143_000000000000000105.txt,Adverse_A,Adverse_A_scene_000143,000000000000000105
Adverse_A_scene_000143_000000000000000125.png,Adverse_A_scene_000143_000000000000000125.txt,Adverse_A,Adverse_A_scene_000143,000000000000000125
Adverse_A_scene_000143_000000000000000145.png,Adverse_A_scene_000143_000000000000000145.txt,Adverse_A,Adverse_A_scene_000143,000000000000000145
Adverse_A_scene_000143_000000000000000165.png,Adverse_A_scene_000143_000000000000000165.txt,Adverse_A,Adverse_A_scene_000143,000000000000000165
Adverse_A_scene_000143_000000000000000185.png,Adverse_A_scene_000143_000000000000000185.txt,Adverse_A,Adverse_A_scene_000143,000000000000000185
Adverse_A_scene_000143_000000000000000205.png,Adverse_A_scene_000143_000000000000000205.txt,Adverse_A,Adverse_A_scene_000143,000000000000000205
Adverse_A_scene_000144_000000000000000025.png,Adverse_A_scene_000144_000000000000000025.txt,Adverse_A,Adverse_A_scene_000144,000000000000000025
Adverse_A_scene_000144_000000000000000045.png,Adverse_A_scene_000144_000000000000000045.txt,Adverse_A,Adverse_A_scene_000144,000000000000000045
Adverse_A_scene_000144_000000000000000065.png,Adverse_A_scene_000144_000000000000000065.txt,Adverse_A,Adverse_A_scene_000144,000000000000000065
Adverse_A_scene_000144_000000000000000085.png,Adverse_A_scene_000144_000000000000000085.txt,Adverse_A,Adverse_A_scene_000144,000000000000000085
Adverse_A_scene_000144_000000000000000105.png,Adverse_A_scene_000144_000000000000000105.txt,Adverse_A,Adverse_A_scene_000144,000000000000000105
Adverse_A_scene_000144_000000000000000125.png,Adverse_A_scene_000144_000000000000000125.txt,Adverse_A,Adverse_A_scene_000144,000000000000000125
Adverse_A_scene_000144_000000000000000145.png,Adverse_A_scene_000144_000000000000000145.txt,Adverse_A,Adverse_A_scene_000144,000000000000000145
Adverse_A_scene_000144_000000000000000165.png,Adverse_A_scene_000144_000000000000000165.txt,Adverse_A,Adverse_A_scene_000144,000000000000000165
Adverse_A_scene_000144_000000000000000185.png,Adverse_A_scene_000144_000000000000000185.txt,Adverse_A,Adverse_A_scene_000144,000000000000000185
Adverse_A_scene_000144_000000000000000205.png,Adverse_A_scene_000144_000000000000000205.txt,Adverse_A,Adverse_A_scene_000144,000000000000000205
Adverse_A_scene_000145_000000000000000025.png,Adverse_A_scene_000145_000000000000000025.txt,Adverse_A,Adverse_A_scene_000145,000000000000000025
Adverse_A_scene_000145_000000000000000045.png,Adverse_A_scene_000145_000000000000000045.txt,Adverse_A,Adverse_A_scene_000145,000000000000000045
Adverse_A_scene_000145_000000000000000065.png,Adverse_A_scene_000145_000000000000000065.txt,Adverse_A,Adverse_A_scene_000145,000000000000000065
Adverse_A_scene_000145_000000000000000085.png,Adverse_A_scene_000145_000000000000000085.txt,Adverse_A,Adverse_A_scene_000145,000000000000000085
Adverse_A_scene_000145_000000000000000105.png,Adverse_A_scene_000145_000000000000000105.txt,Adverse_A,Adverse_A_scene_000145,000000000000000105
Adverse_A_scene_000145_000000000000000125.png,Adverse_A_scene_000145_000000000000000125.txt,Adverse_A,Adverse_A_scene_000145,000000000000000125
Adverse_A_scene_000145_000000000000000145.png,Adverse_A_scene_000145_000000000000000145.txt,Adverse_A,Adverse_A_scene_000145,000000000000000145
Adverse_A_scene_000145_000000000000000165.png,Adverse_A_scene_000145_000000000000000165.txt,Adverse_A,Adverse_A_scene_000145,000000000000000165
Adverse_A_scene_000145_000000000000000185.png,Adverse_A_scene_000145_000000000000000185.txt,Adverse_A,Adverse_A_scene_000145,000000000000000185
Adverse_A_scene_000145_000000000000000205.png,Adverse_A_scene_000145_000000000000000205.txt,Adverse_A,Adverse_A_scene_000145,000000000000000205
Adverse_A_scene_000146_000000000000000025.png,Adverse_A_scene_000146_000000000000000025.txt,Adverse_A,Adverse_A_scene_000146,000000000000000025
Adverse_A_scene_000146_000000000000000045.png,Adverse_A_scene_000146_000000000000000045.txt,Adverse_A,Adverse_A_scene_000146,000000000000000045
Adverse_A_scene_000146_000000000000000065.png,Adverse_A_scene_000146_000000000000000065.txt,Adverse_A,Adverse_A_scene_000146,000000000000000065
Adverse_A_scene_000146_000000000000000085.png,Adverse_A_scene_000146_000000000000000085.txt,Adverse_A,Adverse_A_scene_000146,000000000000000085
Adverse_A_scene_000146_000000000000000105.png,Adverse_A_scene_000146_000000000000000105.txt,Adverse_A,Adverse_A_scene_000146,000000000000000105
Adverse_A_scene_000146_000000000000000125.png,Adverse_A_scene_000146_000000000000000125.txt,Adverse_A,Adverse_A_scene_000146,000000000000000125
Adverse_A_scene_000146_000000000000000145.png,Adverse_A_scene_000146_000000000000000145.txt,Adverse_A,Adverse_A_scene_000146,000000000000000145
Adverse_A_scene_000146_000000000000000165.png,Adverse_A_scene_000146_000000000000000165.txt,Adverse_A,Adverse_A_scene_000146,000000000000000165
Adverse_A_scene_000146_000000000000000185.png,Adverse_A_scene_000146_000000000000000185.txt,Adverse_A,Adverse_A_scene_000146,000000000000000185
Adverse_A_scene_000146_000000000000000205.png,Adverse_A_scene_000146_000000000000000205.txt,Adverse_A,Adverse_A_scene_000146,000000000000000205
Adverse_A_scene_000147_000000000000000025.png,Adverse_A_scene_000147_000000000000000025.txt,Adverse_A,Adverse_A_scene_000147,000000000000000025
Adverse_A_scene_000147_000000000000000045.png,Adverse_A_scene_000147_000000000000000045.txt,Adverse_A,Adverse_A_scene_000147,000000000000000045
Adverse_A_scene_000147_000000000000000065.png,Adverse_A_scene_000147_000000000000000065.txt,Adverse_A,Adverse_A_scene_000147,000000000000000065
Adverse_A_scene_000147_000000000000000085.png,Adverse_A_scene_000147_000000000000000085.txt,Adverse_A,Adverse_A_scene_000147,000000000000000085
Adverse_A_scene_000147_000000000000000105.png,Adverse_A_scene_000147_000000000000000105.txt,Adverse_A,Adverse_A_scene_000147,000000000000000105
Adverse_A_scene_000147_000000000000000125.png,Adverse_A_scene_000147_000000000000000125.txt,Adverse_A,Adverse_A_scene_000147,000000000000000125
Adverse_A_scene_000147_000000000000000145.png,Adverse_A_scene_000147_000000000000000145.txt,Adverse_A,Adverse_A_scene_000147,000000000000000145
Adverse_A_scene_000147_000000000000000165.png,Adverse_A_scene_000147_000000000000000165.txt,Adverse_A,Adverse_A_scene_000147,000000000000000165
Adverse_A_scene_000147_000000000000000185.png,Adverse_A_scene_000147_000000000000000185.txt,Adverse_A,Adverse_A_scene_000147,000000000000000185
Adverse_A_scene_000147_000000000000000205.png,Adverse_A_scene_000147_000000000000000205.txt,Adverse_A,Adverse_A_scene_000147,000000000000000205
Adverse_A_scene_000148_000000000000000025.png,Adverse_A_scene_000148_000000000000000025.txt,Adverse_A,Adverse_A_scene_000148,000000000000000025
Adverse_A_scene_000148_000000000000000045.png,Adverse_A_scene_000148_000000000000000045.txt,Adverse_A,Adverse_A_scene_000148,000000000000000045
Adverse_A_scene_000148_000000000000000065.png,Adverse_A_scene_000148_000000000000000065.txt,Adverse_A,Adverse_A_scene_000148,000000000000000065
Adverse_A_scene_000148_000000000000000085.png,Adverse_A_scene_000148_000000000000000085.txt,Adverse_A,Adverse_A_scene_000148,000000000000000085
Adverse_A_scene_000148_000000000000000105.png,Adverse_A_scene_000148_000000000000000105.txt,Adverse_A,Adverse_A_scene_000148,000000000000000105
Adverse_A_scene_000148_000000000000000125.png,Adverse_A_scene_000148_000000000000000125.txt,Adverse_A,Adverse_A_scene_000148,000000000000000125
Adverse_A_scene_000148_000000000000000145.png,Adverse_A_scene_000148_000000000000000145.txt,Adverse_A,Adverse_A_scene_000148,000000000000000145
Adverse_A_scene_000148_000000000000000165.png,Adverse_A_scene_000148_000000000000000165.txt,Adverse_A,Adverse_A_scene_000148,000000000000000165
Adverse_A_scene_000148_000000000000000185.png,Adverse_A_scene_000148_000000000000000185.txt,Adverse_A,Adverse_A_scene_000148,000000000000000185
Adverse_A_scene_000148_000000000000000205.png,Adverse_A_scene_000148_000000000000000205.txt,Adverse_A,Adverse_A_scene_000148,000000000000000205
Adverse_A_scene_000149_000000000000000025.png,Adverse_A_scene_000149_000000000000000025.txt,Adverse_A,Adverse_A_scene_000149,000000000000000025
Adverse_A_scene_000149_000000000000000045.png,Adverse_A_scene_000149_000000000000000045.txt,Adverse_A,Adverse_A_scene_000149,000000000000000045
Adverse_A_scene_000149_000000000000000065.png,Adverse_A_scene_000149_000000000000000065.txt,Adverse_A,Adverse_A_scene_000149,000000000000000065
Adverse_A_scene_000149_000000000000000085.png,Adverse_A_scene_000149_000000000000000085.txt,Adverse_A,Adverse_A_scene_000149,000000000000000085
Adverse_A_scene_000149_000000000000000105.png,Adverse_A_scene_000149_000000000000000105.txt,Adverse_A,Adverse_A_scene_000149,000000000000000105
Adverse_A_scene_000149_000000000000000125.png,Adverse_A_scene_000149_000000000000000125.txt,Adverse_A,Adverse_A_scene_000149,000000000000000125
Adverse_A_scene_000149_000000000000000145.png,Adverse_A_scene_000149_000000000000000145.txt,Adverse_A,Adverse_A_scene_000149,000000000000000145
Adverse_A_scene_000149_000000000000000165.png,Adverse_A_scene_000149_000000000000000165.txt,Adverse_A,Adverse_A_scene_000149,000000000000000165
Adverse_A_scene_000149_000000000000000185.png,Adverse_A_scene_000149_000000000000000185.txt,Adverse_A,Adverse_A_scene_000149,000000000000000185
Adverse_A_scene_000149_000000000000000205.png,Adverse_A_scene_000149_000000000000000205.txt,Adverse_A,Adverse_A_scene_000149,000000000000000205
Adverse_A_scene_000150_000000000000000025.png,Adverse_A_scene_000150_000000000000000025.txt,Adverse_A,Adverse_A_scene_000150,000000000000000025
Adverse_A_scene_000150_000000000000000045.png,Adverse_A_scene_000150_000000000000000045.txt,Adverse_A,Adverse_A_scene_000150,000000000000000045
Adverse_A_scene_000150_000000000000000065.png,Adverse_A_scene_000150_000000000000000065.txt,Adverse_A,Adverse_A_scene_000150,000000000000000065
Adverse_A_scene_000150_000000000000000085.png,Adverse_A_scene_000150_000000000000000085.txt,Adverse_A,Adverse_A_scene_000150,000000000000000085
Adverse_A_scene_000150_000000000000000105.png,Adverse_A_scene_000150_000000000000000105.txt,Adverse_A,Adverse_A_scene_000150,000000000000000105
Adverse_A_scene_000150_000000000000000125.png,Adverse_A_scene_000150_000000000000000125.txt,Adverse_A,Adverse_A_scene_000150,000000000000000125
Adverse_A_scene_000150_000000000000000145.png,Adverse_A_scene_000150_000000000000000145.txt,Adverse_A,Adverse_A_scene_000150,000000000000000145
Adverse_A_scene_000150_000000000000000165.png,Adverse_A_scene_000150_000000000000000165.txt,Adverse_A,Adverse_A_scene_000150,000000000000000165
Adverse_A_scene_000150_000000000000000185.png,Adverse_A_scene_000150_000000000000000185.txt,Adverse_A,Adverse_A_scene_000150,000000000000000185
Adverse_A_scene_000150_000000000000000205.png,Adverse_A_scene_000150_000000000000000205.txt,Adverse_A,Adverse_A_scene_000150,000000000000000205
Adverse_A_scene_000151_000000000000000025.png,Adverse_A_scene_000151_000000000000000025.txt,Adverse_A,Adverse_A_scene_000151,000000000000000025
Adverse_A_scene_000151_000000000000000045.png,Adverse_A_scene_000151_000000000000000045.txt,Adverse_A,Adverse_A_scene_000151,000000000000000045
Adverse_A_scene_000151_000000000000000065.png,Adverse_A_scene_000151_000000000000000065.txt,Adverse_A,Adverse_A_scene_000151,000000000000000065
Adverse_A_scene_000151_000000000000000085.png,Adverse_A_scene_000151_000000000000000085.txt,Adverse_A,Adverse_A_scene_000151,000000000000000085
Adverse_A_scene_000151_000000000000000105.png,Adverse_A_scene_000151_000000000000000105.txt,Adverse_A,Adverse_A_scene_000151,000000000000000105
Adverse_A_scene_000151_000000000000000125.png,Adverse_A_scene_000151_000000000000000125.txt,Adverse_A,Adverse_A_scene_000151,000000000000000125
Adverse_A_scene_000151_000000000000000145.png,Adverse_A_scene_000151_000000000000000145.txt,Adverse_A,Adverse_A_scene_000151,000000000000000145
Adverse_A_scene_000151_000000000000000165.png,Adverse_A_scene_000151_000000000000000165.txt,Adverse_A,Adverse_A_scene_000151,000000000000000165
Adverse_A_scene_000151_000000000000000185.png,Adverse_A_scene_000151_000000000000000185.txt,Adverse_A,Adverse_A_scene_000151,000000000000000185
Adverse_A_scene_000151_000000000000000205.png,Adverse_A_scene_000151_000000000000000205.txt,Adverse_A,Adverse_A_scene_000151,000000000000000205
Adverse_A_scene_000152_000000000000000025.png,Adverse_A_scene_000152_000000000000000025.txt,Adverse_A,Adverse_A_scene_000152,000000000000000025
Adverse_A_scene_000152_000000000000000045.png,Adverse_A_scene_000152_000000000000000045.txt,Adverse_A,Adverse_A_scene_000152,000000000000000045
Adverse_A_scene_000152_000000000000000065.png,Adverse_A_scene_000152_000000000000000065.txt,Adverse_A,Adverse_A_scene_000152,000000000000000065
Adverse_A_scene_000152_000000000000000085.png,Adverse_A_scene_000152_000000000000000085.txt,Adverse_A,Adverse_A_scene_000152,000000000000000085
Adverse_A_scene_000152_000000000000000105.png,Adverse_A_scene_000152_000000000000000105.txt,Adverse_A,Adverse_A_scene_000152,000000000000000105
Adverse_A_scene_000152_000000000000000125.png,Adverse_A_scene_000152_000000000000000125.txt,Adverse_A,Adverse_A_scene_000152,000000000000000125
Adverse_A_scene_000152_000000000000000145.png,Adverse_A_scene_000152_000000000000000145.txt,Adverse_A,Adverse_A_scene_000152,000000000000000145
Adverse_A_scene_000152_000000000000000165.png,Adverse_A_scene_000152_000000000000000165.txt,Adverse_A,Adverse_A_scene_000152,000000000000000165
Adverse_A_scene_000152_000000000000000185.png,Adverse_A_scene_000152_000000000000000185.txt,Adverse_A,Adverse_A_scene_000152,000000000000000185
Adverse_A_scene_000152_000000000000000205.png,Adverse_A_scene_000152_000000000000000205.txt,Adverse_A,Adverse_A_scene_000152,000000000000000205
Adverse_A_scene_000153_000000000000000025.png,Adverse_A_scene_000153_000000000000000025.txt,Adverse_A,Adverse_A_scene_000153,000000000000000025
Adverse_A_scene_000153_000000000000000045.png,Adverse_A_scene_000153_000000000000000045.txt,Adverse_A,Adverse_A_scene_000153,000000000000000045
Adverse_A_scene_000153_000000000000000065.png,Adverse_A_scene_000153_000000000000000065.txt,Adverse_A,Adverse_A_scene_000153,000000000000000065
Adverse_A_scene_000153_000000000000000085.png,Adverse_A_scene_000153_000000000000000085.txt,Adverse_A,Adverse_A_scene_000153,000000000000000085
Adverse_A_scene_000153_000000000000000105.png,Adverse_A_scene_000153_000000000000000105.txt,Adverse_A,Adverse_A_scene_000153,000000000000000105
Adverse_A_scene_000153_000000000000000125.png,Adverse_A_scene_000153_000000000000000125.txt,Adverse_A,Adverse_A_scene_000153,000000000000000125
Adverse_A_scene_000153_000000000000000145.png,Adverse_A_scene_000153_000000000000000145.txt,Adverse_A,Adverse_A_scene_000153,000000000000000145
Adverse_A_scene_000153_000000000000000165.png,Adverse_A_scene_000153_000000000000000165.txt,Adverse_A,Adverse_A_scene_000153,000000000000000165
Adverse_A_scene_000153_000000000000000185.png,Adverse_A_scene_000153_000000000000000185.txt,Adverse_A,Adverse_A_scene_000153,000000000000000185
Adverse_A_scene_000153_000000000000000205.png,Adverse_A_scene_000153_000000000000000205.txt,Adverse_A,Adverse_A_scene_000153,000000000000000205
Adverse_A_scene_000154_000000000000000025.png,Adverse_A_scene_000154_000000000000000025.txt,Adverse_A,Adverse_A_scene_000154,000000000000000025
Adverse_A_scene_000154_000000000000000045.png,Adverse_A_scene_000154_000000000000000045.txt,Adverse_A,Adverse_A_scene_000154,000000000000000045
Adverse_A_scene_000154_000000000000000065.png,Adverse_A_scene_000154_000000000000000065.txt,Adverse_A,Adverse_A_scene_000154,000000000000000065
Adverse_A_scene_000154_000000000000000085.png,Adverse_A_scene_000154_000000000000000085.txt,Adverse_A,Adverse_A_scene_000154,000000000000000085
Adverse_A_scene_000154_000000000000000105.png,Adverse_A_scene_000154_000000000000000105.txt,Adverse_A,Adverse_A_scene_000154,000000000000000105
Adverse_A_scene_000154_000000000000000125.png,Adverse_A_scene_000154_000000000000000125.txt,Adverse_A,Adverse_A_scene_000154,000000000000000125
Adverse_A_scene_000154_000000000000000145.png,Adverse_A_scene_000154_000000000000000145.txt,Adverse_A,Adverse_A_scene_000154,000000000000000145
Adverse_A_scene_000154_000000000000000165.png,Adverse_A_scene_000154_000000000000000165.txt,Adverse_A,Adverse_A_scene_000154,000000000000000165
Adverse_A_scene_000154_000000000000000185.png,Adverse_A_scene_000154_000000000000000185.txt,Adverse_A,Adverse_A_scene_000154,000000000000000185
Adverse_A_scene_000154_000000000000000205.png,Adverse_A_scene_000154_000000000000000205.txt,Adverse_A,Adverse_A_scene_000154,000000000000000205
Adverse_A_scene_000155_000000000000000025.png,Adverse_A_scene_000155_000000000000000025.txt,Adverse_A,Adverse_A_scene_000155,000000000000000025
Adverse_A_scene_000155_000000000000000045.png,Adverse_A_scene_000155_000000000000000045.txt,Adverse_A,Adverse_A_scene_000155,000000000000000045
Adverse_A_scene_000155_000000000000000065.png,Adverse_A_scene_000155_000000000000000065.txt,Adverse_A,Adverse_A_scene_000155,000000000000000065
Adverse_A_scene_000155_000000000000000085.png,Adverse_A_scene_000155_000000000000000085.txt,Adverse_A,Adverse_A_scene_000155,000000000000000085
Adverse_A_scene_000155_000000000000000105.png,Adverse_A_scene_000155_000000000000000105.txt,Adverse_A,Adverse_A_scene_000155,000000000000000105
Adverse_A_scene_000155_000000000000000125.png,Adverse_A_scene_000155_000000000000000125.txt,Adverse_A,Adverse_A_scene_000155,000000000000000125
Adverse_A_scene_000155_000000000000000145.png,Adverse_A_scene_000155_000000000000000145.txt,Adverse_A,Adverse_A_scene_000155,000000000000000145
Adverse_A_scene_000155_000000000000000165.png,Adverse_A_scene_000155_000000000000000165.txt,Adverse_A,Adverse_A_scene_000155,000000000000000165
Adverse_A_scene_000155_000000000000000185.png,Adverse_A_scene_000155_000000000000000185.txt,Adverse_A,Adverse_A_scene_000155,000000000000000185
Adverse_A_scene_000155_000000000000000205.png,Adverse_A_scene_000155_000000000000000205.txt,Adverse_A,Adverse_A_scene_000155,000000000000000205
Adverse_A_scene_000156_000000000000000025.png,Adverse_A_scene_000156_000000000000000025.txt,Adverse_A,Adverse_A_scene_000156,000000000000000025
Adverse_A_scene_000156_000000000000000045.png,Adverse_A_scene_000156_000000000000000045.txt,Adverse_A,Adverse_A_scene_000156,000000000000000045
Adverse_A_scene_000156_000000000000000065.png,Adverse_A_scene_000156_000000000000000065.txt,Adverse_A,Adverse_A_scene_000156,000000000000000065
Adverse_A_scene_000156_000000000000000085.png,Adverse_A_scene_000156_000000000000000085.txt,Adverse_A,Adverse_A_scene_000156,000000000000000085
Adverse_A_scene_000156_000000000000000105.png,Adverse_A_scene_000156_000000000000000105.txt,Adverse_A,Adverse_A_scene_000156,000000000000000105
Adverse_A_scene_000156_000000000000000125.png,Adverse_A_scene_000156_000000000000000125.txt,Adverse_A,Adverse_A_scene_000156,000000000000000125
Adverse_A_scene_000156_000000000000000145.png,Adverse_A_scene_000156_000000000000000145.txt,Adverse_A,Adverse_A_scene_000156,000000000000000145
Adverse_A_scene_000156_000000000000000165.png,Adverse_A_scene_000156_000000000000000165.txt,Adverse_A,Adverse_A_scene_000156,000000000000000165
Adverse_A_scene_000156_000000000000000185.png,Adverse_A_scene_000156_000000000000000185.txt,Adverse_A,Adverse_A_scene_000156,000000000000000185
Adverse_A_scene_000156_000000000000000205.png,Adverse_A_scene_000156_000000000000000205.txt,Adverse_A,Adverse_A_scene_000156,000000000000000205
Adverse_A_scene_000157_000000000000000025.png,Adverse_A_scene_000157_000000000000000025.txt,Adverse_A,Adverse_A_scene_000157,000000000000000025
Adverse_A_scene_000157_000000000000000045.png,Adverse_A_scene_000157_000000000000000045.txt,Adverse_A,Adverse_A_scene_000157,000000000000000045
Adverse_A_scene_000157_000000000000000065.png,Adverse_A_scene_000157_000000000000000065.txt,Adverse_A,Adverse_A_scene_000157,000000000000000065
Adverse_A_scene_000157_000000000000000085.png,Adverse_A_scene_000157_000000000000000085.txt,Adverse_A,Adverse_A_scene_000157,000000000000000085
Adverse_A_scene_000157_000000000000000105.png,Adverse_A_scene_000157_000000000000000105.txt,Adverse_A,Adverse_A_scene_000157,000000000000000105
Adverse_A_scene_000157_000000000000000125.png,Adverse_A_scene_000157_000000000000000125.txt,Adverse_A,Adverse_A_scene_000157,000000000000000125
Adverse_A_scene_000157_000000000000000145.png,Adverse_A_scene_000157_000000000000000145.txt,Adverse_A,Adverse_A_scene_000157,000000000000000145
Adverse_A_scene_000157_000000000000000165.png,Adverse_A_scene_000157_000000000000000165.txt,Adverse_A,Adverse_A_scene_000157,000000000000000165
Adverse_A_scene_000157_000000000000000185.png,Adverse_A_scene_000157_000000000000000185.txt,Adverse_A,Adverse_A_scene_000157,000000000000000185
Adverse_A_scene_000157_000000000000000205.png,Adverse_A_scene_000157_000000000000000205.txt,Adverse_A,Adverse_A_scene_000157,000000000000000205
Adverse_A_scene_000158_000000000000000025.png,Adverse_A_scene_000158_000000000000000025.txt,Adverse_A,Adverse_A_scene_000158,000000000000000025
Adverse_A_scene_000158_000000000000000045.png,Adverse_A_scene_000158_000000000000000045.txt,Adverse_A,Adverse_A_scene_000158,000000000000000045
Adverse_A_scene_000158_000000000000000065.png,Adverse_A_scene_000158_000000000000000065.txt,Adverse_A,Adverse_A_scene_000158,000000000000000065
Adverse_A_scene_000158_000000000000000085.png,Adverse_A_scene_000158_000000000000000085.txt,Adverse_A,Adverse_A_scene_000158,000000000000000085
Adverse_A_scene_000158_000000000000000105.png,Adverse_A_scene_000158_000000000000000105.txt,Adverse_A,Adverse_A_scene_000158,000000000000000105
Adverse_A_scene_000158_000000000000000125.png,Adverse_A_scene_000158_000000000000000125.txt,Adverse_A,Adverse_A_scene_000158,000000000000000125
Adverse_A_scene_000158_000000000000000145.png,Adverse_A_scene_000158_000000000000000145.txt,Adverse_A,Adverse_A_scene_000158,000000000000000145
Adverse_A_scene_000158_000000000000000165.png,Adverse_A_scene_000158_000000000000000165.txt,Adverse_A,Adverse_A_scene_000158,000000000000000165
Adverse_A_scene_000158_000000000000000185.png,Adverse_A_scene_000158_000000000000000185.txt,Adverse_A,Adverse_A_scene_000158,000000000000000185
Adverse_A_scene_000158_000000000000000205.png,Adverse_A_scene_000158_000000000000000205.txt,Adverse_A,Adverse_A_scene_000158,000000000000000205
Adverse_A_scene_000159_000000000000000025.png,Adverse_A_scene_000159_000000000000000025.txt,Adverse_A,Adverse_A_scene_000159,000000000000000025
Adverse_A_scene_000159_000000000000000045.png,Adverse_A_scene_000159_000000000000000045.txt,Adverse_A,Adverse_A_scene_000159,000000000000000045
Adverse_A_scene_000159_000000000000000065.png,Adverse_A_scene_000159_000000000000000065.txt,Adverse_A,Adverse_A_scene_000159,000000000000000065
Adverse_A_scene_000159_000000000000000085.png,Adverse_A_scene_000159_000000000000000085.txt,Adverse_A,Adverse_A_scene_000159,000000000000000085
Adverse_A_scene_000159_000000000000000105.png,Adverse_A_scene_000159_000000000000000105.txt,Adverse_A,Adverse_A_scene_000159,000000000000000105
Adverse_A_scene_000159_000000000000000125.png,Adverse_A_scene_000159_000000000000000125.txt,Adverse_A,Adverse_A_scene_000159,000000000000000125
Adverse_A_scene_000159_000000000000000145.png,Adverse_A_scene_000159_000000000000000145.txt,Adverse_A,Adverse_A_scene_000159,000000000000000145
Adverse_A_scene_000159_000000000000000165.png,Adverse_A_scene_000159_000000000000000165.txt,Adverse_A,Adverse_A_scene_000159,000000000000000165
Adverse_A_scene_000159_000000000000000185.png,Adverse_A_scene_000159_000000000000000185.txt,Adverse_A,Adverse_A_scene_000159,000000000000000185
Adverse_A_scene_000159_000000000000000205.png,Adverse_A_scene_000159_000000000000000205.txt,Adverse_A,Adverse_A_scene_000159,000000000000000205
Adverse_A_scene_000160_000000000000000025.png,Adverse_A_scene_000160_000000000000000025.txt,Adverse_A,Adverse_A_scene_000160,000000000000000025
Adverse_A_scene_000160_000000000000000045.png,Adverse_A_scene_000160_000000000000000045.txt,Adverse_A,Adverse_A_scene_000160,000000000000000045
Adverse_A_scene_000160_000000000000000065.png,Adverse_A_scene_000160_000000000000000065.txt,Adverse_A,Adverse_A_scene_000160,000000000000000065
Adverse_A_scene_000160_000000000000000085.png,Adverse_A_scene_000160_000000000000000085.txt,Adverse_A,Adverse_A_scene_000160,000000000000000085
Adverse_A_scene_000160_000000000000000105.png,Adverse_A_scene_000160_000000000000000105.txt,Adverse_A,Adverse_A_scene_000160,000000000000000105
Adverse_A_scene_000160_000000000000000125.png,Adverse_A_scene_000160_000000000000000125.txt,Adverse_A,Adverse_A_scene_000160,000000000000000125
Adverse_A_scene_000160_000000000000000145.png,Adverse_A_scene_000160_000000000000000145.txt,Adverse_A,Adverse_A_scene_000160,000000000000000145
Adverse_A_scene_000160_000000000000000165.png,Adverse_A_scene_000160_000000000000000165.txt,Adverse_A,Adverse_A_scene_000160,000000000000000165
Adverse_A_scene_000160_000000000000000185.png,Adverse_A_scene_000160_000000000000000185.txt,Adverse_A,Adverse_A_scene_000160,000000000000000185
Adverse_A_scene_000160_000000000000000205.png,Adverse_A_scene_000160_000000000000000205.txt,Adverse_A,Adverse_A_scene_000160,000000000000000205
Adverse_A_scene_000161_000000000000000025.png,Adverse_A_scene_000161_000000000000000025.txt,Adverse_A,Adverse_A_scene_000161,000000000000000025
Adverse_A_scene_000161_000000000000000045.png,Adverse_A_scene_000161_000000000000000045.txt,Adverse_A,Adverse_A_scene_000161,000000000000000045
Adverse_A_scene_000161_000000000000000065.png,Adverse_A_scene_000161_000000000000000065.txt,Adverse_A,Adverse_A_scene_000161,000000000000000065
Adverse_A_scene_000161_000000000000000085.png,Adverse_A_scene_000161_000000000000000085.txt,Adverse_A,Adverse_A_scene_000161,000000000000000085
Adverse_A_scene_000161_000000000000000105.png,Adverse_A_scene_000161_000000000000000105.txt,Adverse_A,Adverse_A_scene_000161,000000000000000105
Adverse_A_scene_000161_000000000000000125.png,Adverse_A_scene_000161_000000000000000125.txt,Adverse_A,Adverse_A_scene_000161,000000000000000125
Adverse_A_scene_000161_000000000000000145.png,Adverse_A_scene_000161_000000000000000145.txt,Adverse_A,Adverse_A_scene_000161,000000000000000145
Adverse_A_scene_000161_000000000000000165.png,Adverse_A_scene_000161_000000000000000165.txt,Adverse_A,Adverse_A_scene_000161,000000000000000165
Adverse_A_scene_000161_000000000000000185.png,Adverse_A_scene_000161_000000000000000185.txt,Adverse_A,Adverse_A_scene_000161,000000000000000185
Adverse_A_scene_000161_000000000000000205.png,Adverse_A_scene_000161_000000000000000205.txt,Adverse_A,Adverse_A_scene_000161,000000000000000205
Adverse_A_scene_000162_000000000000000025.png,Adverse_A_scene_000162_000000000000000025.txt,Adverse_A,Adverse_A_scene_000162,000000000000000025
Adverse_A_scene_000162_000000000000000045.png,Adverse_A_scene_000162_000000000000000045.txt,Adverse_A,Adverse_A_scene_000162,000000000000000045
Adverse_A_scene_000162_000000000000000065.png,Adverse_A_scene_000162_000000000000000065.txt,Adverse_A,Adverse_A_scene_000162,000000000000000065
Adverse_A_scene_000162_000000000000000085.png,Adverse_A_scene_000162_000000000000000085.txt,Adverse_A,Adverse_A_scene_000162,000000000000000085
Adverse_A_scene_000162_000000000000000105.png,Adverse_A_scene_000162_000000000000000105.txt,Adverse_A,Adverse_A_scene_000162,000000000000000105
Adverse_A_scene_000162_000000000000000125.png,Adverse_A_scene_000162_000000000000000125.txt,Adverse_A,Adverse_A_scene_000162,000000000000000125
Adverse_A_scene_000162_000000000000000145.png,Adverse_A_scene_000162_000000000000000145.txt,Adverse_A,Adverse_A_scene_000162,000000000000000145
Adverse_A_scene_000162_000000000000000165.png,Adverse_A_scene_000162_000000000000000165.txt,Adverse_A,Adverse_A_scene_000162,000000000000000165
Adverse_A_scene_000162_000000000000000185.png,Adverse_A_scene_000162_000000000000000185.txt,Adverse_A,Adverse_A_scene_000162,000000000000000185
Adverse_A_scene_000162_000000000000000205.png,Adverse_A_scene_000162_000000000000000205.txt,Adverse_A,Adverse_A_scene_000162,000000000000000205
Adverse_A_scene_000163_000000000000000025.png,Adverse_A_scene_000163_000000000000000025.txt,Adverse_A,Adverse_A_scene_000163,000000000000000025
Adverse_A_scene_000163_000000000000000045.png,Adverse_A_scene_000163_000000000000000045.txt,Adverse_A,Adverse_A_scene_000163,000000000000000045
Adverse_A_scene_000163_000000000000000065.png,Adverse_A_scene_000163_000000000000000065.txt,Adverse_A,Adverse_A_scene_000163,000000000000000065
Adverse_A_scene_000163_000000000000000085.png,Adverse_A_scene_000163_000000000000000085.txt,Adverse_A,Adverse_A_scene_000163,000000000000000085
Adverse_A_scene_000163_000000000000000105.png,Adverse_A_scene_000163_000000000000000105.txt,Adverse_A,Adverse_A_scene_000163,000000000000000105
Adverse_A_scene_000163_000000000000000125.png,Adverse_A_scene_000163_000000000000000125.txt,Adverse_A,Adverse_A_scene_000163,000000000000000125
Adverse_A_scene_000163_000000000000000145.png,Adverse_A_scene_000163_000000000000000145.txt,Adverse_A,Adverse_A_scene_000163,000000000000000145
Adverse_A_scene_000163_000000000000000165.png,Adverse_A_scene_000163_000000000000000165.txt,Adverse_A,Adverse_A_scene_000163,000000000000000165
Adverse_A_scene_000163_000000000000000185.png,Adverse_A_scene_000163_000000000000000185.txt,Adverse_A,Adverse_A_scene_000163,000000000000000185
Adverse_A_scene_000163_000000000000000205.png,Adverse_A_scene_000163_000000000000000205.txt,Adverse_A,Adverse_A_scene_000163,000000000000000205
Adverse_A_scene_000164_000000000000000025.png,Adverse_A_scene_000164_000000000000000025.txt,Adverse_A,Adverse_A_scene_000164,000000000000000025
Adverse_A_scene_000164_000000000000000045.png,Adverse_A_scene_000164_000000000000000045.txt,Adverse_A,Adverse_A_scene_000164,000000000000000045
Adverse_A_scene_000164_000000000000000065.png,Adverse_A_scene_000164_000000000000000065.txt,Adverse_A,Adverse_A_scene_000164,000000000000000065
Adverse_A_scene_000164_000000000000000085.png,Adverse_A_scene_000164_000000000000000085.txt,Adverse_A,Adverse_A_scene_000164,000000000000000085
Adverse_A_scene_000164_000000000000000105.png,Adverse_A_scene_000164_000000000000000105.txt,Adverse_A,Adverse_A_scene_000164,000000000000000105
Adverse_A_scene_000164_000000000000000125.png,Adverse_A_scene_000164_000000000000000125.txt,Adverse_A,Adverse_A_scene_000164,000000000000000125
Adverse_A_scene_000164_000000000000000145.png,Adverse_A_scene_000164_000000000000000145.txt,Adverse_A,Adverse_A_scene_000164,000000000000000145
Adverse_A_scene_000164_000000000000000165.png,Adverse_A_scene_000164_000000000000000165.txt,Adverse_A,Adverse_A_scene_000164,000000000000000165
Adverse_A_scene_000164_000000000000000185.png,Adverse_A_scene_000164_000000000000000185.txt,Adverse_A,Adverse_A_scene_000164,000000000000000185
Adverse_A_scene_000164_000000000000000205.png,Adverse_A_scene_000164_000000000000000205.txt,Adverse_A,Adverse_A_scene_000164,000000000000000205
Adverse_A_scene_000165_000000000000000025.png,Adverse_A_scene_000165_000000000000000025.txt,Adverse_A,Adverse_A_scene_000165,000000000000000025
Adverse_A_scene_000165_000000000000000045.png,Adverse_A_scene_000165_000000000000000045.txt,Adverse_A,Adverse_A_scene_000165,000000000000000045
Adverse_A_scene_000165_000000000000000065.png,Adverse_A_scene_000165_000000000000000065.txt,Adverse_A,Adverse_A_scene_000165,000000000000000065
Adverse_A_scene_000165_000000000000000085.png,Adverse_A_scene_000165_000000000000000085.txt,Adverse_A,Adverse_A_scene_000165,000000000000000085
Adverse_A_scene_000165_000000000000000105.png,Adverse_A_scene_000165_000000000000000105.txt,Adverse_A,Adverse_A_scene_000165,000000000000000105
Adverse_A_scene_000165_000000000000000125.png,Adverse_A_scene_000165_000000000000000125.txt,Adverse_A,Adverse_A_scene_000165,000000000000000125
Adverse_A_scene_000165_000000000000000145.png,Adverse_A_scene_000165_000000000000000145.txt,Adverse_A,Adverse_A_scene_000165,000000000000000145
Adverse_A_scene_000165_000000000000000165.png,Adverse_A_scene_000165_000000000000000165.txt,Adverse_A,Adverse_A_scene_000165,000000000000000165
Adverse_A_scene_000165_000000000000000185.png,Adverse_A_scene_000165_000000000000000185.txt,Adverse_A,Adverse_A_scene_000165,000000000000000185
Adverse_A_scene_000165_000000000000000205.png,Adverse_A_scene_000165_000000000000000205.txt,Adverse_A,Adverse_A_scene_000165,000000000000000205
Adverse_A_scene_000166_000000000000000025.png,Adverse_A_scene_000166_000000000000000025.txt,Adverse_A,Adverse_A_scene_000166,000000000000000025
Adverse_A_scene_000166_000000000000000045.png,Adverse_A_scene_000166_000000000000000045.txt,Adverse_A,Adverse_A_scene_000166,000000000000000045
Adverse_A_scene_000166_000000000000000065.png,Adverse_A_scene_000166_000000000000000065.txt,Adverse_A,Adverse_A_scene_000166,000000000000000065
Adverse_A_scene_000166_000000000000000085.png,Adverse_A_scene_000166_000000000000000085.txt,Adverse_A,Adverse_A_scene_000166,000000000000000085
Adverse_A_scene_000166_000000000000000105.png,Adverse_A_scene_000166_000000000000000105.txt,Adverse_A,Adverse_A_scene_000166,000000000000000105
Adverse_A_scene_000166_000000000000000125.png,Adverse_A_scene_000166_000000000000000125.txt,Adverse_A,Adverse_A_scene_000166,000000000000000125
Adverse_A_scene_000166_000000000000000145.png,Adverse_A_scene_000166_000000000000000145.txt,Adverse_A,Adverse_A_scene_000166,000000000000000145
Adverse_A_scene_000166_000000000000000165.png,Adverse_A_scene_000166_000000000000000165.txt,Adverse_A,Adverse_A_scene_000166,000000000000000165
Adverse_A_scene_000166_000000000000000185.png,Adverse_A_scene_000166_000000000000000185.txt,Adverse_A,Adverse_A_scene_000166,000000000000000185
Adverse_A_scene_000166_000000000000000205.png,Adverse_A_scene_000166_000000000000000205.txt,Adverse_A,Adverse_A_scene_000166,000000000000000205
Adverse_A_scene_000167_000000000000000025.png,Adverse_A_scene_000167_000000000000000025.txt,Adverse_A,Adverse_A_scene_000167,000000000000000025
Adverse_A_scene_000167_000000000000000045.png,Adverse_A_scene_000167_000000000000000045.txt,Adverse_A,Adverse_A_scene_000167,000000000000000045
Adverse_A_scene_000167_000000000000000065.png,Adverse_A_scene_000167_000000000000000065.txt,Adverse_A,Adverse_A_scene_000167,000000000000000065
Adverse_A_scene_000167_000000000000000085.png,Adverse_A_scene_000167_000000000000000085.txt,Adverse_A,Adverse_A_scene_000167,000000000000000085
Adverse_A_scene_000167_000000000000000105.png,Adverse_A_scene_000167_000000000000000105.txt,Adverse_A,Adverse_A_scene_000167,000000000000000105
Adverse_A_scene_000167_000000000000000125.png,Adverse_A_scene_000167_000000000000000125.txt,Adverse_A,Adverse_A_scene_000167,000000000000000125
Adverse_A_scene_000167_000000000000000145.png,Adverse_A_scene_000167_000000000000000145.txt,Adverse_A,Adverse_A_scene_000167,000000000000000145
Adverse_A_scene_000167_000000000000000165.png,Adverse_A_scene_000167_000000000000000165.txt,Adverse_A,Adverse_A_scene_000167,000000000000000165
Adverse_A_scene_000167_000000000000000185.png,Adverse_A_scene_000167_000000000000000185.txt,Adverse_A,Adverse_A_scene_000167,000000000000000185
Adverse_A_scene_000167_000000000000000205.png,Adverse_A_scene_000167_000000000000000205.txt,Adverse_A,Adverse_A_scene_000167,000000000000000205
Adverse_A_scene_000168_000000000000000025.png,Adverse_A_scene_000168_000000000000000025.txt,Adverse_A,Adverse_A_scene_000168,000000000000000025
Adverse_A_scene_000168_000000000000000045.png,Adverse_A_scene_000168_000000000000000045.txt,Adverse_A,Adverse_A_scene_000168,000000000000000045
Adverse_A_scene_000168_000000000000000065.png,Adverse_A_scene_000168_000000000000000065.txt,Adverse_A,Adverse_A_scene_000168,000000000000000065
Adverse_A_scene_000168_000000000000000085.png,Adverse_A_scene_000168_000000000000000085.txt,Adverse_A,Adverse_A_scene_000168,000000000000000085
Adverse_A_scene_000168_000000000000000105.png,Adverse_A_scene_000168_000000000000000105.txt,Adverse_A,Adverse_A_scene_000168,000000000000000105
Adverse_A_scene_000168_000000000000000125.png,Adverse_A_scene_000168_000000000000000125.txt,Adverse_A,Adverse_A_scene_000168,000000000000000125
Adverse_A_scene_000168_000000000000000145.png,Adverse_A_scene_000168_000000000000000145.txt,Adverse_A,Adverse_A_scene_000168,000000000000000145
Adverse_A_scene_000168_000000000000000165.png,Adverse_A_scene_000168_000000000000000165.txt,Adverse_A,Adverse_A_scene_000168,000000000000000165
Adverse_A_scene_000168_000000000000000185.png,Adverse_A_scene_000168_000000000000000185.txt,Adverse_A,Adverse_A_scene_000168,000000000000000185
Adverse_A_scene_000168_000000000000000205.png,Adverse_A_scene_000168_000000000000000205.txt,Adverse_A,Adverse_A_scene_000168,000000000000000205
Adverse_A_scene_000169_000000000000000025.png,Adverse_A_scene_000169_000000000000000025.txt,Adverse_A,Adverse_A_scene_000169,000000000000000025
Adverse_A_scene_000169_000000000000000045.png,Adverse_A_scene_000169_000000000000000045.txt,Adverse_A,Adverse_A_scene_000169,000000000000000045
Adverse_A_scene_000169_000000000000000065.png,Adverse_A_scene_000169_000000000000000065.txt,Adverse_A,Adverse_A_scene_000169,000000000000000065
Adverse_A_scene_000169_000000000000000085.png,Adverse_A_scene_000169_000000000000000085.txt,Adverse_A,Adverse_A_scene_000169,000000000000000085
Adverse_A_scene_000169_000000000000000105.png,Adverse_A_scene_000169_000000000000000105.txt,Adverse_A,Adverse_A_scene_000169,000000000000000105
Adverse_A_scene_000169_000000000000000125.png,Adverse_A_scene_000169_000000000000000125.txt,Adverse_A,Adverse_A_scene_000169,000000000000000125
Adverse_A_scene_000169_000000000000000145.png,Adverse_A_scene_000169_000000000000000145.txt,Adverse_A,Adverse_A_scene_000169,000000000000000145
Adverse_A_scene_000169_000000000000000165.png,Adverse_A_scene_000169_000000000000000165.txt,Adverse_A,Adverse_A_scene_000169,000000000000000165
Adverse_A_scene_000169_000000000000000185.png,Adverse_A_scene_000169_000000000000000185.txt,Adverse_A,Adverse_A_scene_000169,000000000000000185
Adverse_A_scene_000169_000000000000000205.png,Adverse_A_scene_000169_000000000000000205.txt,Adverse_A,Adverse_A_scene_000169,000000000000000205
Adverse_A_scene_000170_000000000000000025.png,Adverse_A_scene_000170_000000000000000025.txt,Adverse_A,Adverse_A_scene_000170,000000000000000025
Adverse_A_scene_000170_000000000000000045.png,Adverse_A_scene_000170_000000000000000045.txt,Adverse_A,Adverse_A_scene_000170,000000000000000045
Adverse_A_scene_000170_000000000000000065.png,Adverse_A_scene_000170_000000000000000065.txt,Adverse_A,Adverse_A_scene_000170,000000000000000065
Adverse_A_scene_000170_000000000000000085.png,Adverse_A_scene_000170_000000000000000085.txt,Adverse_A,Adverse_A_scene_000170,000000000000000085
Adverse_A_scene_000170_000000000000000105.png,Adverse_A_scene_000170_000000000000000105.txt,Adverse_A,Adverse_A_scene_000170,000000000000000105
Adverse_A_scene_000170_000000000000000125.png,Adverse_A_scene_000170_000000000000000125.txt,Adverse_A,Adverse_A_scene_000170,000000000000000125
Adverse_A_scene_000170_000000000000000145.png,Adverse_A_scene_000170_000000000000000145.txt,Adverse_A,Adverse_A_scene_000170,000000000000000145
Adverse_A_scene_000170_000000000000000165.png,Adverse_A_scene_000170_000000000000000165.txt,Adverse_A,Adverse_A_scene_000170,000000000000000165
Adverse_A_scene_000170_000000000000000185.png,Adverse_A_scene_000170_000000000000000185.txt,Adverse_A,Adverse_A_scene_000170,000000000000000185
Adverse_A_scene_000170_000000000000000205.png,Adverse_A_scene_000170_000000000000000205.txt,Adverse_A,Adverse_A_scene_000170,000000000000000205
Adverse_A_scene_000171_000000000000000025.png,Adverse_A_scene_000171_000000000000000025.txt,Adverse_A,Adverse_A_scene_000171,000000000000000025
Adverse_A_scene_000171_000000000000000045.png,Adverse_A_scene_000171_000000000000000045.txt,Adverse_A,Adverse_A_scene_000171,000000000000000045
Adverse_A_scene_000171_000000000000000065.png,Adverse_A_scene_000171_000000000000000065.txt,Adverse_A,Adverse_A_scene_000171,000000000000000065
Adverse_A_scene_000171_000000000000000085.png,Adverse_A_scene_000171_000000000000000085.txt,Adverse_A,Adverse_A_scene_000171,000000000000000085
Adverse_A_scene_000171_000000000000000105.png,Adverse_A_scene_000171_000000000000000105.txt,Adverse_A,Adverse_A_scene_000171,000000000000000105
Adverse_A_scene_000171_000000000000000125.png,Adverse_A_scene_000171_000000000000000125.txt,Adverse_A,Adverse_A_scene_000171,000000000000000125
Adverse_A_scene_000171_000000000000000145.png,Adverse_A_scene_000171_000000000000000145.txt,Adverse_A,Adverse_A_scene_000171,000000000000000145
Adverse_A_scene_000171_000000000000000165.png,Adverse_A_scene_000171_000000000000000165.txt,Adverse_A,Adverse_A_scene_000171,000000000000000165
Adverse_A_scene_000171_000000000000000185.png,Adverse_A_scene_000171_000000000000000185.txt,Adverse_A,Adverse_A_scene_000171,000000000000000185
Adverse_A_scene_000171_000000000000000205.png,Adverse_A_scene_000171_000000000000000205.txt,Adverse_A,Adverse_A_scene_000171,000000000000000205
Adverse_A_scene_000172_000000000000000025.png,Adverse_A_scene_000172_000000000000000025.txt,Adverse_A,Adverse_A_scene_000172,000000000000000025
Adverse_A_scene_000172_000000000000000045.png,Adverse_A_scene_000172_000000000000000045.txt,Adverse_A,Adverse_A_scene_000172,000000000000000045
Adverse_A_scene_000172_000000000000000065.png,Adverse_A_scene_000172_000000000000000065.txt,Adverse_A,Adverse_A_scene_000172,000000000000000065
Adverse_A_scene_000172_000000000000000085.png,Adverse_A_scene_000172_000000000000000085.txt,Adverse_A,Adverse_A_scene_000172,000000000000000085
Adverse_A_scene_000172_000000000000000105.png,Adverse_A_scene_000172_000000000000000105.txt,Adverse_A,Adverse_A_scene_000172,000000000000000105
Adverse_A_scene_000172_000000000000000125.png,Adverse_A_scene_000172_000000000000000125.txt,Adverse_A,Adverse_A_scene_000172,000000000000000125
Adverse_A_scene_000172_000000000000000145.png,Adverse_A_scene_000172_000000000000000145.txt,Adverse_A,Adverse_A_scene_000172,000000000000000145
Adverse_A_scene_000172_000000000000000165.png,Adverse_A_scene_000172_000000000000000165.txt,Adverse_A,Adverse_A_scene_000172,000000000000000165
Adverse_A_scene_000172_000000000000000185.png,Adverse_A_scene_000172_000000000000000185.txt,Adverse_A,Adverse_A_scene_000172,000000000000000185
Adverse_A_scene_000172_000000000000000205.png,Adverse_A_scene_000172_000000000000000205.txt,Adverse_A,Adverse_A_scene_000172,000000000000000205
Adverse_A_scene_000173_000000000000000025.png,Adverse_A_scene_000173_000000000000000025.txt,Adverse_A,Adverse_A_scene_000173,000000000000000025
Adverse_A_scene_000173_000000000000000045.png,Adverse_A_scene_000173_000000000000000045.txt,Adverse_A,Adverse_A_scene_000173,000000000000000045
Adverse_A_scene_000173_000000000000000065.png,Adverse_A_scene_000173_000000000000000065.txt,Adverse_A,Adverse_A_scene_000173,000000000000000065
Adverse_A_scene_000173_000000000000000085.png,Adverse_A_scene_000173_000000000000000085.txt,Adverse_A,Adverse_A_scene_000173,000000000000000085
Adverse_A_scene_000173_000000000000000105.png,Adverse_A_scene_000173_000000000000000105.txt,Adverse_A,Adverse_A_scene_000173,000000000000000105
Adverse_A_scene_000173_000000000000000125.png,Adverse_A_scene_000173_000000000000000125.txt,Adverse_A,Adverse_A_scene_000173,000000000000000125
Adverse_A_scene_000173_000000000000000145.png,Adverse_A_scene_000173_000000000000000145.txt,Adverse_A,Adverse_A_scene_000173,000000000000000145
Adverse_A_scene_000173_000000000000000165.png,Adverse_A_scene_000173_000000000000000165.txt,Adverse_A,Adverse_A_scene_000173,000000000000000165
Adverse_A_scene_000173_000000000000000185.png,Adverse_A_scene_000173_000000000000000185.txt,Adverse_A,Adverse_A_scene_000173,000000000000000185
Adverse_A_scene_000173_000000000000000205.png,Adverse_A_scene_000173_000000000000000205.txt,Adverse_A,Adverse_A_scene_000173,000000000000000205
Adverse_A_scene_000174_000000000000000025.png,Adverse_A_scene_000174_000000000000000025.txt,Adverse_A,Adverse_A_scene_000174,000000000000000025
Adverse_A_scene_000174_000000000000000045.png,Adverse_A_scene_000174_000000000000000045.txt,Adverse_A,Adverse_A_scene_000174,000000000000000045
Adverse_A_scene_000174_000000000000000065.png,Adverse_A_scene_000174_000000000000000065.txt,Adverse_A,Adverse_A_scene_000174,000000000000000065
Adverse_A_scene_000174_000000000000000085.png,Adverse_A_scene_000174_000000000000000085.txt,Adverse_A,Adverse_A_scene_000174,000000000000000085
Adverse_A_scene_000174_000000000000000105.png,Adverse_A_scene_000174_000000000000000105.txt,Adverse_A,Adverse_A_scene_000174,000000000000000105
Adverse_A_scene_000174_000000000000000125.png,Adverse_A_scene_000174_000000000000000125.txt,Adverse_A,Adverse_A_scene_000174,000000000000000125
Adverse_A_scene_000174_000000000000000145.png,Adverse_A_scene_000174_000000000000000145.txt,Adverse_A,Adverse_A_scene_000174,000000000000000145
Adverse_A_scene_000174_000000000000000165.png,Adverse_A_scene_000174_000000000000000165.txt,Adverse_A,Adverse_A_scene_000174,000000000000000165
Adverse_A_scene_000174_000000000000000185.png,Adverse_A_scene_000174_000000000000000185.txt,Adverse_A,Adverse_A_scene_000174,000000000000000185
Adverse_A_scene_000174_000000000000000205.png,Adverse_A_scene_000174_000000000000000205.txt,Adverse_A,Adverse_A_scene_000174,000000000000000205
Adverse_A_scene_000175_000000000000000025.png,Adverse_A_scene_000175_000000000000000025.txt,Adverse_A,Adverse_A_scene_000175,000000000000000025
Adverse_A_scene_000175_000000000000000045.png,Adverse_A_scene_000175_000000000000000045.txt,Adverse_A,Adverse_A_scene_000175,000000000000000045
Adverse_A_scene_000175_000000000000000065.png,Adverse_A_scene_000175_000000000000000065.txt,Adverse_A,Adverse_A_scene_000175,000000000000000065
Adverse_A_scene_000175_000000000000000085.png,Adverse_A_scene_000175_000000000000000085.txt,Adverse_A,Adverse_A_scene_000175,000000000000000085
Adverse_A_scene_000175_000000000000000105.png,Adverse_A_scene_000175_000000000000000105.txt,Adverse_A,Adverse_A_scene_000175,000000000000000105
Adverse_A_scene_000175_000000000000000125.png,Adverse_A_scene_000175_000000000000000125.txt,Adverse_A,Adverse_A_scene_000175,000000000000000125
Adverse_A_scene_000175_000000000000000145.png,Adverse_A_scene_000175_000000000000000145.txt,Adverse_A,Adverse_A_scene_000175,000000000000000145
Adverse_A_scene_000175_000000000000000165.png,Adverse_A_scene_000175_000000000000000165.txt,Adverse_A,Adverse_A_scene_000175,000000000000000165
Adverse_A_scene_000175_000000000000000185.png,Adverse_A_scene_000175_000000000000000185.txt,Adverse_A,Adverse_A_scene_000175,000000000000000185
Adverse_A_scene_000175_000000000000000205.png,Adverse_A_scene_000175_000000000000000205.txt,Adverse_A,Adverse_A_scene_000175,000000000000000205
Adverse_A_scene_000176_000000000000000025.png,Adverse_A_scene_000176_000000000000000025.txt,Adverse_A,Adverse_A_scene_000176,000000000000000025
Adverse_A_scene_000176_000000000000000045.png,Adverse_A_scene_000176_000000000000000045.txt,Adverse_A,Adverse_A_scene_000176,000000000000000045
Adverse_A_scene_000176_000000000000000065.png,Adverse_A_scene_000176_000000000000000065.txt,Adverse_A,Adverse_A_scene_000176,000000000000000065
Adverse_A_scene_000176_000000000000000085.png,Adverse_A_scene_000176_000000000000000085.txt,Adverse_A,Adverse_A_scene_000176,000000000000000085
Adverse_A_scene_000176_000000000000000105.png,Adverse_A_scene_000176_000000000000000105.txt,Adverse_A,Adverse_A_scene_000176,000000000000000105
Adverse_A_scene_000176_000000000000000125.png,Adverse_A_scene_000176_000000000000000125.txt,Adverse_A,Adverse_A_scene_000176,000000000000000125
Adverse_A_scene_000176_000000000000000145.png,Adverse_A_scene_000176_000000000000000145.txt,Adverse_A,Adverse_A_scene_000176,000000000000000145
Adverse_A_scene_000176_000000000000000165.png,Adverse_A_scene_000176_000000000000000165.txt,Adverse_A,Adverse_A_scene_000176,000000000000000165
Adverse_A_scene_000176_000000000000000185.png,Adverse_A_scene_000176_000000000000000185.txt,Adverse_A,Adverse_A_scene_000176,000000000000000185
Adverse_A_scene_000176_000000000000000205.png,Adverse_A_scene_000176_000000000000000205.txt,Adverse_A,Adverse_A_scene_000176,000000000000000205
Adverse_A_scene_000177_000000000000000025.png,Adverse_A_scene_000177_000000000000000025.txt,Adverse_A,Adverse_A_scene_000177,000000000000000025
Adverse_A_scene_000177_000000000000000045.png,Adverse_A_scene_000177_000000000000000045.txt,Adverse_A,Adverse_A_scene_000177,000000000000000045
Adverse_A_scene_000177_000000000000000065.png,Adverse_A_scene_000177_000000000000000065.txt,Adverse_A,Adverse_A_scene_000177,000000000000000065
Adverse_A_scene_000177_000000000000000085.png,Adverse_A_scene_000177_000000000000000085.txt,Adverse_A,Adverse_A_scene_000177,000000000000000085
Adverse_A_scene_000177_000000000000000105.png,Adverse_A_scene_000177_000000000000000105.txt,Adverse_A,Adverse_A_scene_000177,000000000000000105
Adverse_A_scene_000177_000000000000000125.png,Adverse_A_scene_000177_000000000000000125.txt,Adverse_A,Adverse_A_scene_000177,000000000000000125
Adverse_A_scene_000177_000000000000000145.png,Adverse_A_scene_000177_000000000000000145.txt,Adverse_A,Adverse_A_scene_000177,000000000000000145
Adverse_A_scene_000177_000000000000000165.png,Adverse_A_scene_000177_000000000000000165.txt,Adverse_A,Adverse_A_scene_000177,000000000000000165
Adverse_A_scene_000177_000000000000000185.png,Adverse_A_scene_000177_000000000000000185.txt,Adverse_A,Adverse_A_scene_000177,000000000000000185
Adverse_A_scene_000177_000000000000000205.png,Adverse_A_scene_000177_000000000000000205.txt,Adverse_A,Adverse_A_scene_000177,000000000000000205
Adverse_A_scene_000178_000000000000000025.png,Adverse_A_scene_000178_000000000000000025.txt,Adverse_A,Adverse_A_scene_000178,000000000000000025
Adverse_A_scene_000178_000000000000000045.png,Adverse_A_scene_000178_000000000000000045.txt,Adverse_A,Adverse_A_scene_000178,000000000000000045
Adverse_A_scene_000178_000000000000000065.png,Adverse_A_scene_000178_000000000000000065.txt,Adverse_A,Adverse_A_scene_000178,000000000000000065
Adverse_A_scene_000178_000000000000000085.png,Adverse_A_scene_000178_000000000000000085.txt,Adverse_A,Adverse_A_scene_000178,000000000000000085
Adverse_A_scene_000178_000000000000000105.png,Adverse_A_scene_000178_000000000000000105.txt,Adverse_A,Adverse_A_scene_000178,000000000000000105
Adverse_A_scene_000178_000000000000000125.png,Adverse_A_scene_000178_000000000000000125.txt,Adverse_A,Adverse_A_scene_000178,000000000000000125
Adverse_A_scene_000178_000000000000000145.png,Adverse_A_scene_000178_000000000000000145.txt,Adverse_A,Adverse_A_scene_000178,000000000000000145
Adverse_A_scene_000178_000000000000000165.png,Adverse_A_scene_000178_000000000000000165.txt,Adverse_A,Adverse_A_scene_000178,000000000000000165
Adverse_A_scene_000178_000000000000000185.png,Adverse_A_scene_000178_000000000000000185.txt,Adverse_A,Adverse_A_scene_000178,000000000000000185
Adverse_A_scene_000178_000000000000000205.png,Adverse_A_scene_000178_000000000000000205.txt,Adverse_A,Adverse_A_scene_000178,000000000000000205
Adverse_A_scene_000179_000000000000000025.png,Adverse_A_scene_000179_000000000000000025.txt,Adverse_A,Adverse_A_scene_000179,000000000000000025
Adverse_A_scene_000179_000000000000000045.png,Adverse_A_scene_000179_000000000000000045.txt,Adverse_A,Adverse_A_scene_000179,000000000000000045
Adverse_A_scene_000179_000000000000000065.png,Adverse_A_scene_000179_000000000000000065.txt,Adverse_A,Adverse_A_scene_000179,000000000000000065
Adverse_A_scene_000179_000000000000000085.png,Adverse_A_scene_000179_000000000000000085.txt,Adverse_A,Adverse_A_scene_000179,000000000000000085
Adverse_A_scene_000179_000000000000000105.png,Adverse_A_scene_000179_000000000000000105.txt,Adverse_A,Adverse_A_scene_000179,000000000000000105
Adverse_A_scene_000179_000000000000000125.png,Adverse_A_scene_000179_000000000000000125.txt,Adverse_A,Adverse_A_scene_000179,000000000000000125
Adverse_A_scene_000179_000000000000000145.png,Adverse_A_scene_000179_000000000000000145.txt,Adverse_A,Adverse_A_scene_000179,000000000000000145
Adverse_A_scene_000179_000000000000000165.png,Adverse_A_scene_000179_000000000000000165.txt,Adverse_A,Adverse_A_scene_000179,000000000000000165
Adverse_A_scene_000179_000000000000000185.png,Adverse_A_scene_000179_000000000000000185.txt,Adverse_A,Adverse_A_scene_000179,000000000000000185
Adverse_A_scene_000179_000000000000000205.png,Adverse_A_scene_000179_000000000000000205.txt,Adverse_A,Adverse_A_scene_000179,000000000000000205
Adverse_A_scene_000180_000000000000000025.png,Adverse_A_scene_000180_000000000000000025.txt,Adverse_A,Adverse_A_scene_000180,000000000000000025
Adverse_A_scene_000180_000000000000000045.png,Adverse_A_scene_000180_000000000000000045.txt,Adverse_A,Adverse_A_scene_000180,000000000000000045
Adverse_A_scene_000180_000000000000000065.png,Adverse_A_scene_000180_000000000000000065.txt,Adverse_A,Adverse_A_scene_000180,000000000000000065
Adverse_A_scene_000180_000000000000000085.png,Adverse_A_scene_000180_000000000000000085.txt,Adverse_A,Adverse_A_scene_000180,000000000000000085
Adverse_A_scene_000180_000000000000000105.png,Adverse_A_scene_000180_000000000000000105.txt,Adverse_A,Adverse_A_scene_000180,000000000000000105
Adverse_A_scene_000180_000000000000000125.png,Adverse_A_scene_000180_000000000000000125.txt,Adverse_A,Adverse_A_scene_000180,000000000000000125
Adverse_A_scene_000180_000000000000000145.png,Adverse_A_scene_000180_000000000000000145.txt,Adverse_A,Adverse_A_scene_000180,000000000000000145
Adverse_A_scene_000180_000000000000000165.png,Adverse_A_scene_000180_000000000000000165.txt,Adverse_A,Adverse_A_scene_000180,000000000000000165
Adverse_A_scene_000180_000000000000000185.png,Adverse_A_scene_000180_000000000000000185.txt,Adverse_A,Adverse_A_scene_000180,000000000000000185
Adverse_A_scene_000180_000000000000000205.png,Adverse_A_scene_000180_000000000000000205.txt,Adverse_A,Adverse_A_scene_000180,000000000000000205
Adverse_A_scene_000181_000000000000000025.png,Adverse_A_scene_000181_000000000000000025.txt,Adverse_A,Adverse_A_scene_000181,000000000000000025
Adverse_A_scene_000181_000000000000000045.png,Adverse_A_scene_000181_000000000000000045.txt,Adverse_A,Adverse_A_scene_000181,000000000000000045
Adverse_A_scene_000181_000000000000000065.png,Adverse_A_scene_000181_000000000000000065.txt,Adverse_A,Adverse_A_scene_000181,000000000000000065
Adverse_A_scene_000181_000000000000000085.png,Adverse_A_scene_000181_000000000000000085.txt,Adverse_A,Adverse_A_scene_000181,000000000000000085
Adverse_A_scene_000181_000000000000000105.png,Adverse_A_scene_000181_000000000000000105.txt,Adverse_A,Adverse_A_scene_000181,000000000000000105
Adverse_A_scene_000181_000000000000000125.png,Adverse_A_scene_000181_000000000000000125.txt,Adverse_A,Adverse_A_scene_000181,000000000000000125
Adverse_A_scene_000181_000000000000000145.png,Adverse_A_scene_000181_000000000000000145.txt,Adverse_A,Adverse_A_scene_000181,000000000000000145
Adverse_A_scene_000181_000000000000000165.png,Adverse_A_scene_000181_000000000000000165.txt,Adverse_A,Adverse_A_scene_000181,000000000000000165
Adverse_A_scene_000181_000000000000000185.png,Adverse_A_scene_000181_000000000000000185.txt,Adverse_A,Adverse_A_scene_000181,000000000000000185
Adverse_A_scene_000181_000000000000000205.png,Adverse_A_scene_000181_000000000000000205.txt,Adverse_A,Adverse_A_scene_000181,000000000000000205
Adverse_A_scene_000182_000000000000000025.png,Adverse_A_scene_000182_000000000000000025.txt,Adverse_A,Adverse_A_scene_000182,000000000000000025
Adverse_A_scene_000182_000000000000000045.png,Adverse_A_scene_000182_000000000000000045.txt,Adverse_A,Adverse_A_scene_000182,000000000000000045
Adverse_A_scene_000182_000000000000000065.png,Adverse_A_scene_000182_000000000000000065.txt,Adverse_A,Adverse_A_scene_000182,000000000000000065
Adverse_A_scene_000182_000000000000000085.png,Adverse_A_scene_000182_000000000000000085.txt,Adverse_A,Adverse_A_scene_000182,000000000000000085
Adverse_A_scene_000182_000000000000000105.png,Adverse_A_scene_000182_000000000000000105.txt,Adverse_A,Adverse_A_scene_000182,000000000000000105
Adverse_A_scene_000182_000000000000000125.png,Adverse_A_scene_000182_000000000000000125.txt,Adverse_A,Adverse_A_scene_000182,000000000000000125
Adverse_A_scene_000182_000000000000000145.png,Adverse_A_scene_000182_000000000000000145.txt,Adverse_A,Adverse_A_scene_000182,000000000000000145
Adverse_A_scene_000182_000000000000000165.png,Adverse_A_scene_000182_000000000000000165.txt,Adverse_A,Adverse_A_scene_000182,000000000000000165
Adverse_A_scene_000182_000000000000000185.png,Adverse_A_scene_000182_000000000000000185.txt,Adverse_A,Adverse_A_scene_000182,000000000000000185
Adverse_A_scene_000182_000000000000000205.png,Adverse_A_scene_000182_000000000000000205.txt,Adverse_A,Adverse_A_scene_000182,000000000000000205
Adverse_A_scene_000183_000000000000000025.png,Adverse_A_scene_000183_000000000000000025.txt,Adverse_A,Adverse_A_scene_000183,000000000000000025
Adverse_A_scene_000183_000000000000000045.png,Adverse_A_scene_000183_000000000000000045.txt,Adverse_A,Adverse_A_scene_000183,000000000000000045
Adverse_A_scene_000183_000000000000000065.png,Adverse_A_scene_000183_000000000000000065.txt,Adverse_A,Adverse_A_scene_000183,000000000000000065
Adverse_A_scene_000183_000000000000000085.png,Adverse_A_scene_000183_000000000000000085.txt,Adverse_A,Adverse_A_scene_000183,000000000000000085
Adverse_A_scene_000183_000000000000000105.png,Adverse_A_scene_000183_000000000000000105.txt,Adverse_A,Adverse_A_scene_000183,000000000000000105
Adverse_A_scene_000183_000000000000000125.png,Adverse_A_scene_000183_000000000000000125.txt,Adverse_A,Adverse_A_scene_000183,000000000000000125
Adverse_A_scene_000183_000000000000000145.png,Adverse_A_scene_000183_000000000000000145.txt,Adverse_A,Adverse_A_scene_000183,000000000000000145
Adverse_A_scene_000183_000000000000000165.png,Adverse_A_scene_000183_000000000000000165.txt,Adverse_A,Adverse_A_scene_000183,000000000000000165
Adverse_A_scene_000183_000000000000000185.png,Adverse_A_scene_000183_000000000000000185.txt,Adverse_A,Adverse_A_scene_000183,000000000000000185
Adverse_A_scene_000183_000000000000000205.png,Adverse_A_scene_000183_000000000000000205.txt,Adverse_A,Adverse_A_scene_000183,000000000000000205
Adverse_A_scene_000184_000000000000000025.png,Adverse_A_scene_000184_000000000000000025.txt,Adverse_A,Adverse_A_scene_000184,000000000000000025
Adverse_A_scene_000184_000000000000000045.png,Adverse_A_scene_000184_000000000000000045.txt,Adverse_A,Adverse_A_scene_000184,000000000000000045
Adverse_A_scene_000184_000000000000000065.png,Adverse_A_scene_000184_000000000000000065.txt,Adverse_A,Adverse_A_scene_000184,000000000000000065
Adverse_A_scene_000184_000000000000000085.png,Adverse_A_scene_000184_000000000000000085.txt,Adverse_A,Adverse_A_scene_000184,000000000000000085
Adverse_A_scene_000184_000000000000000105.png,Adverse_A_scene_000184_000000000000000105.txt,Adverse_A,Adverse_A_scene_000184,000000000000000105
Adverse_A_scene_000184_000000000000000125.png,Adverse_A_scene_000184_000000000000000125.txt,Adverse_A,Adverse_A_scene_000184,000000000000000125
Adverse_A_scene_000184_000000000000000145.png,Adverse_A_scene_000184_000000000000000145.txt,Adverse_A,Adverse_A_scene_000184,000000000000000145
Adverse_A_scene_000184_000000000000000165.png,Adverse_A_scene_000184_000000000000000165.txt,Adverse_A,Adverse_A_scene_000184,000000000000000165
Adverse_A_scene_000184_000000000000000185.png,Adverse_A_scene_000184_000000000000000185.txt,Adverse_A,Adverse_A_scene_000184,000000000000000185
Adverse_A_scene_000184_000000000000000205.png,Adverse_A_scene_000184_000000000000000205.txt,Adverse_A,Adverse_A_scene_000184,000000000000000205
Adverse_A_scene_000185_000000000000000025.png,Adverse_A_scene_000185_000000000000000025.txt,Adverse_A,Adverse_A_scene_000185,000000000000000025
Adverse_A_scene_000185_000000000000000045.png,Adverse_A_scene_000185_000000000000000045.txt,Adverse_A,Adverse_A_scene_000185,000000000000000045
Adverse_A_scene_000185_000000000000000065.png,Adverse_A_scene_000185_000000000000000065.txt,Adverse_A,Adverse_A_scene_000185,000000000000000065
Adverse_A_scene_000185_000000000000000085.png,Adverse_A_scene_000185_000000000000000085.txt,Adverse_A,Adverse_A_scene_000185,000000000000000085
Adverse_A_scene_000185_000000000000000105.png,Adverse_A_scene_000185_000000000000000105.txt,Adverse_A,Adverse_A_scene_000185,000000000000000105
Adverse_A_scene_000185_000000000000000125.png,Adverse_A_scene_000185_000000000000000125.txt,Adverse_A,Adverse_A_scene_000185,000000000000000125
Adverse_A_scene_000185_000000000000000145.png,Adverse_A_scene_000185_000000000000000145.txt,Adverse_A,Adverse_A_scene_000185,000000000000000145
Adverse_A_scene_000185_000000000000000165.png,Adverse_A_scene_000185_000000000000000165.txt,Adverse_A,Adverse_A_scene_000185,000000000000000165
Adverse_A_scene_000185_000000000000000185.png,Adverse_A_scene_000185_000000000000000185.txt,Adverse_A,Adverse_A_scene_000185,000000000000000185
Adverse_A_scene_000185_000000000000000205.png,Adverse_A_scene_000185_000000000000000205.txt,Adverse_A,Adverse_A_scene_000185,000000000000000205
Adverse_A_scene_000186_000000000000000025.png,Adverse_A_scene_000186_000000000000000025.txt,Adverse_A,Adverse_A_scene_000186,000000000000000025
Adverse_A_scene_000186_000000000000000045.png,Adverse_A_scene_000186_000000000000000045.txt,Adverse_A,Adverse_A_scene_000186,000000000000000045
Adverse_A_scene_000186_000000000000000065.png,Adverse_A_scene_000186_000000000000000065.txt,Adverse_A,Adverse_A_scene_000186,000000000000000065
Adverse_A_scene_000186_000000000000000085.png,Adverse_A_scene_000186_000000000000000085.txt,Adverse_A,Adverse_A_scene_000186,000000000000000085
Adverse_A_scene_000186_000000000000000105.png,Adverse_A_scene_000186_000000000000000105.txt,Adverse_A,Adverse_A_scene_000186,000000000000000105
Adverse_A_scene_000186_000000000000000125.png,Adverse_A_scene_000186_000000000000000125.txt,Adverse_A,Adverse_A_scene_000186,000000000000000125
Adverse_A_scene_000186_000000000000000145.png,Adverse_A_scene_000186_000000000000000145.txt,Adverse_A,Adverse_A_scene_000186,000000000000000145
Adverse_A_scene_000186_000000000000000165.png,Adverse_A_scene_000186_000000000000000165.txt,Adverse_A,Adverse_A_scene_000186,000000000000000165
Adverse_A_scene_000186_000000000000000185.png,Adverse_A_scene_000186_000000000000000185.txt,Adverse_A,Adverse_A_scene_000186,000000000000000185
Adverse_A_scene_000186_000000000000000205.png,Adverse_A_scene_000186_000000000000000205.txt,Adverse_A,Adverse_A_scene_000186,000000000000000205
Adverse_A_scene_000187_000000000000000025.png,Adverse_A_scene_000187_000000000000000025.txt,Adverse_A,Adverse_A_scene_000187,000000000000000025
Adverse_A_scene_000187_000000000000000045.png,Adverse_A_scene_000187_000000000000000045.txt,Adverse_A,Adverse_A_scene_000187,000000000000000045
Adverse_A_scene_000187_000000000000000065.png,Adverse_A_scene_000187_000000000000000065.txt,Adverse_A,Adverse_A_scene_000187,000000000000000065
Adverse_A_scene_000187_000000000000000085.png,Adverse_A_scene_000187_000000000000000085.txt,Adverse_A,Adverse_A_scene_000187,000000000000000085
Adverse_A_scene_000187_000000000000000105.png,Adverse_A_scene_000187_000000000000000105.txt,Adverse_A,Adverse_A_scene_000187,000000000000000105
Adverse_A_scene_000187_000000000000000125.png,Adverse_A_scene_000187_000000000000000125.txt,Adverse_A,Adverse_A_scene_000187,000000000000000125
Adverse_A_scene_000187_000000000000000145.png,Adverse_A_scene_000187_000000000000000145.txt,Adverse_A,Adverse_A_scene_000187,000000000000000145
Adverse_A_scene_000187_000000000000000165.png,Adverse_A_scene_000187_000000000000000165.txt,Adverse_A,Adverse_A_scene_000187,000000000000000165
Adverse_A_scene_000187_000000000000000185.png,Adverse_A_scene_000187_000000000000000185.txt,Adverse_A,Adverse_A_scene_000187,000000000000000185
Adverse_A_scene_000187_000000000000000205.png,Adverse_A_scene_000187_000000000000000205.txt,Adverse_A,Adverse_A_scene_000187,000000000000000205
Adverse_A_scene_000188_000000000000000025.png,Adverse_A_scene_000188_000000000000000025.txt,Adverse_A,Adverse_A_scene_000188,000000000000000025
Adverse_A_scene_000188_000000000000000045.png,Adverse_A_scene_000188_000000000000000045.txt,Adverse_A,Adverse_A_scene_000188,000000000000000045
Adverse_A_scene_000188_000000000000000065.png,Adverse_A_scene_000188_000000000000000065.txt,Adverse_A,Adverse_A_scene_000188,000000000000000065
Adverse_A_scene_000188_000000000000000085.png,Adverse_A_scene_000188_000000000000000085.txt,Adverse_A,Adverse_A_scene_000188,000000000000000085
Adverse_A_scene_000188_000000000000000105.png,Adverse_A_scene_000188_000000000000000105.txt,Adverse_A,Adverse_A_scene_000188,000000000000000105
Adverse_A_scene_000188_000000000000000125.png,Adverse_A_scene_000188_000000000000000125.txt,Adverse_A,Adverse_A_scene_000188,000000000000000125
Adverse_A_scene_000188_000000000000000145.png,Adverse_A_scene_000188_000000000000000145.txt,Adverse_A,Adverse_A_scene_000188,000000000000000145
Adverse_A_scene_000188_000000000000000165.png,Adverse_A_scene_000188_000000000000000165.txt,Adverse_A,Adverse_A_scene_000188,000000000000000165
Adverse_A_scene_000188_000000000000000185.png,Adverse_A_scene_000188_000000000000000185.txt,Adverse_A,Adverse_A_scene_000188,000000000000000185
Adverse_A_scene_000188_000000000000000205.png,Adverse_A_scene_000188_000000000000000205.txt,Adverse_A,Adverse_A_scene_000188,000000000000000205
Adverse_A_scene_000189_000000000000000025.png,Adverse_A_scene_000189_000000000000000025.txt,Adverse_A,Adverse_A_scene_000189,000000000000000025
Adverse_A_scene_000189_000000000000000045.png,Adverse_A_scene_000189_000000000000000045.txt,Adverse_A,Adverse_A_scene_000189,000000000000000045
Adverse_A_scene_000189_000000000000000065.png,Adverse_A_scene_000189_000000000000000065.txt,Adverse_A,Adverse_A_scene_000189,000000000000000065
Adverse_A_scene_000189_000000000000000085.png,Adverse_A_scene_000189_000000000000000085.txt,Adverse_A,Adverse_A_scene_000189,000000000000000085
Adverse_A_scene_000189_000000000000000105.png,Adverse_A_scene_000189_000000000000000105.txt,Adverse_A,Adverse_A_scene_000189,000000000000000105
Adverse_A_scene_000189_000000000000000125.png,Adverse_A_scene_000189_000000000000000125.txt,Adverse_A,Adverse_A_scene_000189,000000000000000125
Adverse_A_scene_000189_000000000000000145.png,Adverse_A_scene_000189_000000000000000145.txt,Adverse_A,Adverse_A_scene_000189,000000000000000145
Adverse_A_scene_000189_000000000000000165.png,Adverse_A_scene_000189_000000000000000165.txt,Adverse_A,Adverse_A_scene_000189,000000000000000165
Adverse_A_scene_000189_000000000000000185.png,Adverse_A_scene_000189_000000000000000185.txt,Adverse_A,Adverse_A_scene_000189,000000000000000185
Adverse_A_scene_000189_000000000000000205.png,Adverse_A_scene_000189_000000000000000205.txt,Adverse_A,Adverse_A_scene_000189,000000000000000205
Adverse_A_scene_000190_000000000000000025.png,Adverse_A_scene_000190_000000000000000025.txt,Adverse_A,Adverse_A_scene_000190,000000000000000025
Adverse_A_scene_000190_000000000000000045.png,Adverse_A_scene_000190_000000000000000045.txt,Adverse_A,Adverse_A_scene_000190,000000000000000045
Adverse_A_scene_000190_000000000000000065.png,Adverse_A_scene_000190_000000000000000065.txt,Adverse_A,Adverse_A_scene_000190,000000000000000065
Adverse_A_scene_000190_000000000000000085.png,Adverse_A_scene_000190_000000000000000085.txt,Adverse_A,Adverse_A_scene_000190,000000000000000085
Adverse_A_scene_000190_000000000000000105.png,Adverse_A_scene_000190_000000000000000105.txt,Adverse_A,Adverse_A_scene_000190,000000000000000105
Adverse_A_scene_000190_000000000000000125.png,Adverse_A_scene_000190_000000000000000125.txt,Adverse_A,Adverse_A_scene_000190,000000000000000125
Adverse_A_scene_000190_000000000000000145.png,Adverse_A_scene_000190_000000000000000145.txt,Adverse_A,Adverse_A_scene_000190,000000000000000145
Adverse_A_scene_000190_000000000000000165.png,Adverse_A_scene_000190_000000000000000165.txt,Adverse_A,Adverse_A_scene_000190,000000000000000165
Adverse_A_scene_000190_000000000000000185.png,Adverse_A_scene_000190_000000000000000185.txt,Adverse_A,Adverse_A_scene_000190,000000000000000185
Adverse_A_scene_000190_000000000000000205.png,Adverse_A_scene_000190_000000000000000205.txt,Adverse_A,Adverse_A_scene_000190,000000000000000205
Adverse_A_scene_000191_000000000000000025.png,Adverse_A_scene_000191_000000000000000025.txt,Adverse_A,Adverse_A_scene_000191,000000000000000025
Adverse_A_scene_000191_000000000000000045.png,Adverse_A_scene_000191_000000000000000045.txt,Adverse_A,Adverse_A_scene_000191,000000000000000045
Adverse_A_scene_000191_000000000000000065.png,Adverse_A_scene_000191_000000000000000065.txt,Adverse_A,Adverse_A_scene_000191,000000000000000065
Adverse_A_scene_000191_000000000000000085.png,Adverse_A_scene_000191_000000000000000085.txt,Adverse_A,Adverse_A_scene_000191,000000000000000085
Adverse_A_scene_000191_000000000000000105.png,Adverse_A_scene_000191_000000000000000105.txt,Adverse_A,Adverse_A_scene_000191,000000000000000105
Adverse_A_scene_000191_000000000000000125.png,Adverse_A_scene_000191_000000000000000125.txt,Adverse_A,Adverse_A_scene_000191,000000000000000125
Adverse_A_scene_000191_000000000000000145.png,Adverse_A_scene_000191_000000000000000145.txt,Adverse_A,Adverse_A_scene_000191,000000000000000145
Adverse_A_scene_000191_000000000000000165.png,Adverse_A_scene_000191_000000000000000165.txt,Adverse_A,Adverse_A_scene_000191,000000000000000165
Adverse_A_scene_000191_000000000000000185.png,Adverse_A_scene_000191_000000000000000185.txt,Adverse_A,Adverse_A_scene_000191,000000000000000185
Adverse_A_scene_000191_000000000000000205.png,Adverse_A_scene_000191_000000000000000205.txt,Adverse_A,Adverse_A_scene_000191,000000000000000205
Adverse_A_scene_000192_000000000000000025.png,Adverse_A_scene_000192_000000000000000025.txt,Adverse_A,Adverse_A_scene_000192,000000000000000025
Adverse_A_scene_000192_000000000000000045.png,Adverse_A_scene_000192_000000000000000045.txt,Adverse_A,Adverse_A_scene_000192,000000000000000045
Adverse_A_scene_000192_000000000000000065.png,Adverse_A_scene_000192_000000000000000065.txt,Adverse_A,Adverse_A_scene_000192,000000000000000065
Adverse_A_scene_000192_000000000000000085.png,Adverse_A_scene_000192_000000000000000085.txt,Adverse_A,Adverse_A_scene_000192,000000000000000085
Adverse_A_scene_000192_000000000000000105.png,Adverse_A_scene_000192_000000000000000105.txt,Adverse_A,Adverse_A_scene_000192,000000000000000105
Adverse_A_scene_000192_000000000000000125.png,Adverse_A_scene_000192_000000000000000125.txt,Adverse_A,Adverse_A_scene_000192,000000000000000125
Adverse_A_scene_000192_000000000000000145.png,Adverse_A_scene_000192_000000000000000145.txt,Adverse_A,Adverse_A_scene_000192,000000000000000145
Adverse_A_scene_000192_000000000000000165.png,Adverse_A_scene_000192_000000000000000165.txt,Adverse_A,Adverse_A_scene_000192,000000000000000165
Adverse_A_scene_000192_000000000000000185.png,Adverse_A_scene_000192_000000000000000185.txt,Adverse_A,Adverse_A_scene_000192,000000000000000185
Adverse_A_scene_000192_000000000000000205.png,Adverse_A_scene_000192_000000000000000205.txt,Adverse_A,Adverse_A_scene_000192,000000000000000205
Adverse_A_scene_000193_000000000000000025.png,Adverse_A_scene_000193_000000000000000025.txt,Adverse_A,Adverse_A_scene_000193,000000000000000025
Adverse_A_scene_000193_000000000000000045.png,Adverse_A_scene_000193_000000000000000045.txt,Adverse_A,Adverse_A_scene_000193,000000000000000045
Adverse_A_scene_000193_000000000000000065.png,Adverse_A_scene_000193_000000000000000065.txt,Adverse_A,Adverse_A_scene_000193,000000000000000065
Adverse_A_scene_000193_000000000000000085.png,Adverse_A_scene_000193_000000000000000085.txt,Adverse_A,Adverse_A_scene_000193,000000000000000085
Adverse_A_scene_000193_000000000000000105.png,Adverse_A_scene_000193_000000000000000105.txt,Adverse_A,Adverse_A_scene_000193,000000000000000105
Adverse_A_scene_000193_000000000000000125.png,Adverse_A_scene_000193_000000000000000125.txt,Adverse_A,Adverse_A_scene_000193,000000000000000125
Adverse_A_scene_000193_000000000000000145.png,Adverse_A_scene_000193_000000000000000145.txt,Adverse_A,Adverse_A_scene_000193,000000000000000145
Adverse_A_scene_000193_000000000000000165.png,Adverse_A_scene_000193_000000000000000165.txt,Adverse_A,Adverse_A_scene_000193,000000000000000165
Adverse_A_scene_000193_000000000000000185.png,Adverse_A_scene_000193_000000000000000185.txt,Adverse_A,Adverse_A_scene_000193,000000000000000185
Adverse_A_scene_000193_000000000000000205.png,Adverse_A_scene_000193_000000000000000205.txt,Adverse_A,Adverse_A_scene_000193,000000000000000205
Adverse_A_scene_000194_000000000000000025.png,Adverse_A_scene_000194_000000000000000025.txt,Adverse_A,Adverse_A_scene_000194,000000000000000025
Adverse_A_scene_000194_000000000000000045.png,Adverse_A_scene_000194_000000000000000045.txt,Adverse_A,Adverse_A_scene_000194,000000000000000045
Adverse_A_scene_000194_000000000000000065.png,Adverse_A_scene_000194_000000000000000065.txt,Adverse_A,Adverse_A_scene_000194,000000000000000065
Adverse_A_scene_000194_000000000000000085.png,Adverse_A_scene_000194_000000000000000085.txt,Adverse_A,Adverse_A_scene_000194,000000000000000085
Adverse_A_scene_000194_000000000000000105.png,Adverse_A_scene_000194_000000000000000105.txt,Adverse_A,Adverse_A_scene_000194,000000000000000105
Adverse_A_scene_000194_000000000000000125.png,Adverse_A_scene_000194_000000000000000125.txt,Adverse_A,Adverse_A_scene_000194,000000000000000125
Adverse_A_scene_000194_000000000000000145.png,Adverse_A_scene_000194_000000000000000145.txt,Adverse_A,Adverse_A_scene_000194,000000000000000145
Adverse_A_scene_000194_000000000000000165.png,Adverse_A_scene_000194_000000000000000165.txt,Adverse_A,Adverse_A_scene_000194,000000000000000165
Adverse_A_scene_000194_000000000000000185.png,Adverse_A_scene_000194_000000000000000185.txt,Adverse_A,Adverse_A_scene_000194,000000000000000185
Adverse_A_scene_000194_000000000000000205.png,Adverse_A_scene_000194_000000000000000205.txt,Adverse_A,Adverse_A_scene_000194,000000000000000205
Adverse_A_scene_000195_000000000000000025.png,Adverse_A_scene_000195_000000000000000025.txt,Adverse_A,Adverse_A_scene_000195,000000000000000025
Adverse_A_scene_000195_000000000000000045.png,Adverse_A_scene_000195_000000000000000045.txt,Adverse_A,Adverse_A_scene_000195,000000000000000045
Adverse_A_scene_000195_000000000000000065.png,Adverse_A_scene_000195_000000000000000065.txt,Adverse_A,Adverse_A_scene_000195,000000000000000065
Adverse_A_scene_000195_000000000000000085.png,Adverse_A_scene_000195_000000000000000085.txt,Adverse_A,Adverse_A_scene_000195,000000000000000085
Adverse_A_scene_000195_000000000000000105.png,Adverse_A_scene_000195_000000000000000105.txt,Adverse_A,Adverse_A_scene_000195,000000000000000105
Adverse_A_scene_000195_000000000000000125.png,Adverse_A_scene_000195_000000000000000125.txt,Adverse_A,Adverse_A_scene_000195,000000000000000125
Adverse_A_scene_000195_000000000000000145.png,Adverse_A_scene_000195_000000000000000145.txt,Adverse_A,Adverse_A_scene_000195,000000000000000145
Adverse_A_scene_000195_000000000000000165.png,Adverse_A_scene_000195_000000000000000165.txt,Adverse_A,Adverse_A_scene_000195,000000000000000165
Adverse_A_scene_000195_000000000000000185.png,Adverse_A_scene_000195_000000000000000185.txt,Adverse_A,Adverse_A_scene_000195,000000000000000185
Adverse_A_scene_000195_000000000000000205.png,Adverse_A_scene_000195_000000000000000205.txt,Adverse_A,Adverse_A_scene_000195,000000000000000205
Adverse_A_scene_000196_000000000000000025.png,Adverse_A_scene_000196_000000000000000025.txt,Adverse_A,Adverse_A_scene_000196,000000000000000025
Adverse_A_scene_000196_000000000000000045.png,Adverse_A_scene_000196_000000000000000045.txt,Adverse_A,Adverse_A_scene_000196,000000000000000045
Adverse_A_scene_000196_000000000000000065.png,Adverse_A_scene_000196_000000000000000065.txt,Adverse_A,Adverse_A_scene_000196,000000000000000065
Adverse_A_scene_000196_000000000000000085.png,Adverse_A_scene_000196_000000000000000085.txt,Adverse_A,Adverse_A_scene_000196,000000000000000085
Adverse_A_scene_000196_000000000000000105.png,Adverse_A_scene_000196_000000000000000105.txt,Adverse_A,Adverse_A_scene_000196,000000000000000105
Adverse_A_scene_000196_000000000000000125.png,Adverse_A_scene_000196_000000000000000125.txt,Adverse_A,Adverse_A_scene_000196,000000000000000125
Adverse_A_scene_000196_000000000000000145.png,Adverse_A_scene_000196_000000000000000145.txt,Adverse_A,Adverse_A_scene_000196,000000000000000145
Adverse_A_scene_000196_000000000000000165.png,Adverse_A_scene_000196_000000000000000165.txt,Adverse_A,Adverse_A_scene_000196,000000000000000165
Adverse_A_scene_000196_000000000000000185.png,Adverse_A_scene_000196_000000000000000185.txt,Adverse_A,Adverse_A_scene_000196,000000000000000185
Adverse_A_scene_000196_000000000000000205.png,Adverse_A_scene_000196_000000000000000205.txt,Adverse_A,Adverse_A_scene_000196,000000000000000205
Adverse_A_scene_000197_000000000000000025.png,Adverse_A_scene_000197_000000000000000025.txt,Adverse_A,Adverse_A_scene_000197,000000000000000025
Adverse_A_scene_000197_000000000000000045.png,Adverse_A_scene_000197_000000000000000045.txt,Adverse_A,Adverse_A_scene_000197,000000000000000045
Adverse_A_scene_000197_000000000000000065.png,Adverse_A_scene_000197_000000000000000065.txt,Adverse_A,Adverse_A_scene_000197,000000000000000065
Adverse_A_scene_000197_000000000000000085.png,Adverse_A_scene_000197_000000000000000085.txt,Adverse_A,Adverse_A_scene_000197,000000000000000085
Adverse_A_scene_000197_000000000000000105.png,Adverse_A_scene_000197_000000000000000105.txt,Adverse_A,Adverse_A_scene_000197,000000000000000105
Adverse_A_scene_000197_000000000000000125.png,Adverse_A_scene_000197_000000000000000125.txt,Adverse_A,Adverse_A_scene_000197,000000000000000125
Adverse_A_scene_000197_000000000000000145.png,Adverse_A_scene_000197_000000000000000145.txt,Adverse_A,Adverse_A_scene_000197,000000000000000145
Adverse_A_scene_000197_000000000000000165.png,Adverse_A_scene_000197_000000000000000165.txt,Adverse_A,Adverse_A_scene_000197,000000000000000165
Adverse_A_scene_000197_000000000000000185.png,Adverse_A_scene_000197_000000000000000185.txt,Adverse_A,Adverse_A_scene_000197,000000000000000185
Adverse_A_scene_000197_000000000000000205.png,Adverse_A_scene_000197_000000000000000205.txt,Adverse_A,Adverse_A_scene_000197,000000000000000205
Adverse_A_scene_000198_000000000000000025.png,Adverse_A_scene_000198_000000000000000025.txt,Adverse_A,Adverse_A_scene_000198,000000000000000025
Adverse_A_scene_000198_000000000000000045.png,Adverse_A_scene_000198_000000000000000045.txt,Adverse_A,Adverse_A_scene_000198,000000000000000045
Adverse_A_scene_000198_000000000000000065.png,Adverse_A_scene_000198_000000000000000065.txt,Adverse_A,Adverse_A_scene_000198,000000000000000065
Adverse_A_scene_000198_000000000000000085.png,Adverse_A_scene_000198_000000000000000085.txt,Adverse_A,Adverse_A_scene_000198,000000000000000085
Adverse_A_scene_000198_000000000000000105.png,Adverse_A_scene_000198_000000000000000105.txt,Adverse_A,Adverse_A_scene_000198,000000000000000105
Adverse_A_scene_000198_000000000000000125.png,Adverse_A_scene_000198_000000000000000125.txt,Adverse_A,Adverse_A_scene_000198,000000000000000125
Adverse_A_scene_000198_000000000000000145.png,Adverse_A_scene_000198_000000000000000145.txt,Adverse_A,Adverse_A_scene_000198,000000000000000145
Adverse_A_scene_000198_000000000000000165.png,Adverse_A_scene_000198_000000000000000165.txt,Adverse_A,Adverse_A_scene_000198,000000000000000165
Adverse_A_scene_000198_000000000000000185.png,Adverse_A_scene_000198_000000000000000185.txt,Adverse_A,Adverse_A_scene_000198,000000000000000185
Adverse_A_scene_000198_000000000000000205.png,Adverse_A_scene_000198_000000000000000205.txt,Adverse_A,Adverse_A_scene_000198,000000000000000205
Adverse_A_scene_000199_000000000000000025.png,Adverse_A_scene_000199_000000000000000025.txt,Adverse_A,Adverse_A_scene_000199,000000000000000025
Adverse_A_scene_000199_000000000000000045.png,Adverse_A_scene_000199_000000000000000045.txt,Adverse_A,Adverse_A_scene_000199,000000000000000045
Adverse_A_scene_000199_000000000000000065.png,Adverse_A_scene_000199_000000000000000065.txt,Adverse_A,Adverse_A_scene_000199,000000000000000065
Adverse_A_scene_000199_000000000000000085.png,Adverse_A_scene_000199_000000000000000085.txt,Adverse_A,Adverse_A_scene_000199,000000000000000085
Adverse_A_scene_000199_000000000000000105.png,Adverse_A_scene_000199_000000000000000105.txt,Adverse_A,Adverse_A_scene_000199,000000000000000105
Adverse_A_scene_000199_000000000000000125.png,Adverse_A_scene_000199_000000000000000125.txt,Adverse_A,Adverse_A_scene_000199,000000000000000125
Adverse_A_scene_000199_000000000000000145.png,Adverse_A_scene_000199_000000000000000145.txt,Adverse_A,Adverse_A_scene_000199,000000000000000145
Adverse_A_scene_000199_000000000000000165.png,Adverse_A_scene_000199_000000000000000165.txt,Adverse_A,Adverse_A_scene_000199,000000000000000165
Adverse_A_scene_000199_000000000000000185.png,Adverse_A_scene_000199_000000000000000185.txt,Adverse_A,Adverse_A_scene_000199,000000000000000185
Adverse_A_scene_000199_000000000000000205.png,Adverse_A_scene_000199_000000000000000205.txt,Adverse_A,Adverse_A_scene_000199,000000000000000205
Adverse_A_scene_000200_000000000000000025.png,Adverse_A_scene_000200_000000000000000025.txt,Adverse_A,Adverse_A_scene_000200,000000000000000025
Adverse_A_scene_000200_000000000000000045.png,Adverse_A_scene_000200_000000000000000045.txt,Adverse_A,Adverse_A_scene_000200,000000000000000045
Adverse_A_scene_000200_000000000000000065.png,Adverse_A_scene_000200_000000000000000065.txt,Adverse_A,Adverse_A_scene_000200,000000000000000065
Adverse_A_scene_000200_000000000000000085.png,Adverse_A_scene_000200_000000000000000085.txt,Adverse_A,Adverse_A_scene_000200,000000000000000085
Adverse_A_scene_000200_000000000000000105.png,Adverse_A_scene_000200_000000000000000105.txt,Adverse_A,Adverse_A_scene_000200,000000000000000105
Adverse_A_scene_000200_000000000000000125.png,Adverse_A_scene_000200_000000000000000125.txt,Adverse_A,Adverse_A_scene_000200,000000000000000125
Adverse_A_scene_000200_000000000000000145.png,Adverse_A_scene_000200_000000000000000145.txt,Adverse_A,Adverse_A_scene_000200,000000000000000145
Adverse_A_scene_000200_000000000000000165.png,Adverse_A_scene_000200_000000000000000165.txt,Adverse_A,Adverse_A_scene_000200,000000000000000165
Adverse_A_scene_000200_000000000000000185.png,Adverse_A_scene_000200_000000000000000185.txt,Adverse_A,Adverse_A_scene_000200,000000000000000185
Adverse_A_scene_000200_000000000000000205.png,Adverse_A_scene_000200_000000000000000205.txt,Adverse_A,Adverse_A_scene_000200,000000000000000205
Adverse_A_scene_000201_000000000000000025.png,Adverse_A_scene_000201_000000000000000025.txt,Adverse_A,Adverse_A_scene_000201,000000000000000025
Adverse_A_scene_000201_000000000000000045.png,Adverse_A_scene_000201_000000000000000045.txt,Adverse_A,Adverse_A_scene_000201,000000000000000045
Adverse_A_scene_000201_000000000000000065.png,Adverse_A_scene_000201_000000000000000065.txt,Adverse_A,Adverse_A_scene_000201,000000000000000065
Adverse_A_scene_000201_000000000000000085.png,Adverse_A_scene_000201_000000000000000085.txt,Adverse_A,Adverse_A_scene_000201,000000000000000085
Adverse_A_scene_000201_000000000000000105.png,Adverse_A_scene_000201_000000000000000105.txt,Adverse_A,Adverse_A_scene_000201,000000000000000105
Adverse_A_scene_000201_000000000000000125.png,Adverse_A_scene_000201_000000000000000125.txt,Adverse_A,Adverse_A_scene_000201,000000000000000125
Adverse_A_scene_000201_000000000000000145.png,Adverse_A_scene_000201_000000000000000145.txt,Adverse_A,Adverse_A_scene_000201,000000000000000145
Adverse_A_scene_000201_000000000000000165.png,Adverse_A_scene_000201_000000000000000165.txt,Adverse_A,Adverse_A_scene_000201,000000000000000165
Adverse_A_scene_000201_000000000000000185.png,Adverse_A_scene_000201_000000000000000185.txt,Adverse_A,Adverse_A_scene_000201,000000000000000185
Adverse_A_scene_000201_000000000000000205.png,Adverse_A_scene_000201_000000000000000205.txt,Adverse_A,Adverse_A_scene_000201,000000000000000205
Adverse_A_scene_000202_000000000000000025.png,Adverse_A_scene_000202_000000000000000025.txt,Adverse_A,Adverse_A_scene_000202,000000000000000025
Adverse_A_scene_000202_000000000000000045.png,Adverse_A_scene_000202_000000000000000045.txt,Adverse_A,Adverse_A_scene_000202,000000000000000045
Adverse_A_scene_000202_000000000000000065.png,Adverse_A_scene_000202_000000000000000065.txt,Adverse_A,Adverse_A_scene_000202,000000000000000065
Adverse_A_scene_000202_000000000000000085.png,Adverse_A_scene_000202_000000000000000085.txt,Adverse_A,Adverse_A_scene_000202,000000000000000085
Adverse_A_scene_000202_000000000000000105.png,Adverse_A_scene_000202_000000000000000105.txt,Adverse_A,Adverse_A_scene_000202,000000000000000105
Adverse_A_scene_000202_000000000000000125.png,Adverse_A_scene_000202_000000000000000125.txt,Adverse_A,Adverse_A_scene_000202,000000000000000125
Adverse_A_scene_000202_000000000000000145.png,Adverse_A_scene_000202_000000000000000145.txt,Adverse_A,Adverse_A_scene_000202,000000000000000145
Adverse_A_scene_000202_000000000000000165.png,Adverse_A_scene_000202_000000000000000165.txt,Adverse_A,Adverse_A_scene_000202,000000000000000165
Adverse_A_scene_000202_000000000000000185.png,Adverse_A_scene_000202_000000000000000185.txt,Adverse_A,Adverse_A_scene_000202,000000000000000185
Adverse_A_scene_000202_000000000000000205.png,Adverse_A_scene_000202_000000000000000205.txt,Adverse_A,Adverse_A_scene_000202,000000000000000205
Adverse_A_scene_000203_000000000000000025.png,Adverse_A_scene_000203_000000000000000025.txt,Adverse_A,Adverse_A_scene_000203,000000000000000025
Adverse_A_scene_000203_000000000000000045.png,Adverse_A_scene_000203_000000000000000045.txt,Adverse_A,Adverse_A_scene_000203,000000000000000045
Adverse_A_scene_000203_000000000000000065.png,Adverse_A_scene_000203_000000000000000065.txt,Adverse_A,Adverse_A_scene_000203,000000000000000065
Adverse_A_scene_000203_000000000000000085.png,Adverse_A_scene_000203_000000000000000085.txt,Adverse_A,Adverse_A_scene_000203,000000000000000085
Adverse_A_scene_000203_000000000000000105.png,Adverse_A_scene_000203_000000000000000105.txt,Adverse_A,Adverse_A_scene_000203,000000000000000105
Adverse_A_scene_000203_000000000000000125.png,Adverse_A_scene_000203_000000000000000125.txt,Adverse_A,Adverse_A_scene_000203,000000000000000125
Adverse_A_scene_000203_000000000000000145.png,Adverse_A_scene_000203_000000000000000145.txt,Adverse_A,Adverse_A_scene_000203,000000000000000145
Adverse_A_scene_000203_000000000000000165.png,Adverse_A_scene_000203_000000000000000165.txt,Adverse_A,Adverse_A_scene_000203,000000000000000165
Adverse_A_scene_000203_000000000000000185.png,Adverse_A_scene_000203_000000000000000185.txt,Adverse_A,Adverse_A_scene_000203,000000000000000185
Adverse_A_scene_000203_000000000000000205.png,Adverse_A_scene_000203_000000000000000205.txt,Adverse_A,Adverse_A_scene_000203,000000000000000205
Adverse_A_scene_000204_000000000000000025.png,Adverse_A_scene_000204_000000000000000025.txt,Adverse_A,Adverse_A_scene_000204,000000000000000025
Adverse_A_scene_000204_000000000000000045.png,Adverse_A_scene_000204_000000000000000045.txt,Adverse_A,Adverse_A_scene_000204,000000000000000045
Adverse_A_scene_000204_000000000000000065.png,Adverse_A_scene_000204_000000000000000065.txt,Adverse_A,Adverse_A_scene_000204,000000000000000065
Adverse_A_scene_000204_000000000000000085.png,Adverse_A_scene_000204_000000000000000085.txt,Adverse_A,Adverse_A_scene_000204,000000000000000085
Adverse_A_scene_000204_000000000000000105.png,Adverse_A_scene_000204_000000000000000105.txt,Adverse_A,Adverse_A_scene_000204,000000000000000105
Adverse_A_scene_000204_000000000000000125.png,Adverse_A_scene_000204_000000000000000125.txt,Adverse_A,Adverse_A_scene_000204,000000000000000125
Adverse_A_scene_000204_000000000000000145.png,Adverse_A_scene_000204_000000000000000145.txt,Adverse_A,Adverse_A_scene_000204,000000000000000145
Adverse_A_scene_000204_000000000000000165.png,Adverse_A_scene_000204_000000000000000165.txt,Adverse_A,Adverse_A_scene_000204,000000000000000165
Adverse_A_scene_000204_000000000000000185.png,Adverse_A_scene_000204_000000000000000185.txt,Adverse_A,Adverse_A_scene_000204,000000000000000185
Adverse_A_scene_000204_000000000000000205.png,Adverse_A_scene_000204_000000000000000205.txt,Adverse_A,Adverse_A_scene_000204,000000000000000205
Adverse_A_scene_000205_000000000000000025.png,Adverse_A_scene_000205_000000000000000025.txt,Adverse_A,Adverse_A_scene_000205,000000000000000025
Adverse_A_scene_000205_000000000000000045.png,Adverse_A_scene_000205_000000000000000045.txt,Adverse_A,Adverse_A_scene_000205,000000000000000045
Adverse_A_scene_000205_000000000000000065.png,Adverse_A_scene_000205_000000000000000065.txt,Adverse_A,Adverse_A_scene_000205,000000000000000065
Adverse_A_scene_000205_000000000000000085.png,Adverse_A_scene_000205_000000000000000085.txt,Adverse_A,Adverse_A_scene_000205,000000000000000085
Adverse_A_scene_000205_000000000000000105.png,Adverse_A_scene_000205_000000000000000105.txt,Adverse_A,Adverse_A_scene_000205,000000000000000105
Adverse_A_scene_000205_000000000000000125.png,Adverse_A_scene_000205_000000000000000125.txt,Adverse_A,Adverse_A_scene_000205,000000000000000125
Adverse_A_scene_000205_000000000000000145.png,Adverse_A_scene_000205_000000000000000145.txt,Adverse_A,Adverse_A_scene_000205,000000000000000145
Adverse_A_scene_000205_000000000000000165.png,Adverse_A_scene_000205_000000000000000165.txt,Adverse_A,Adverse_A_scene_000205,000000000000000165
Adverse_A_scene_000205_000000000000000185.png,Adverse_A_scene_000205_000000000000000185.txt,Adverse_A,Adverse_A_scene_000205,000000000000000185
Adverse_A_scene_000205_000000000000000205.png,Adverse_A_scene_000205_000000000000000205.txt,Adverse_A,Adverse_A_scene_000205,000000000000000205
Adverse_A_scene_000206_000000000000000025.png,Adverse_A_scene_000206_000000000000000025.txt,Adverse_A,Adverse_A_scene_000206,000000000000000025
Adverse_A_scene_000206_000000000000000045.png,Adverse_A_scene_000206_000000000000000045.txt,Adverse_A,Adverse_A_scene_000206,000000000000000045
Adverse_A_scene_000206_000000000000000065.png,Adverse_A_scene_000206_000000000000000065.txt,Adverse_A,Adverse_A_scene_000206,000000000000000065
Adverse_A_scene_000206_000000000000000085.png,Adverse_A_scene_000206_000000000000000085.txt,Adverse_A,Adverse_A_scene_000206,000000000000000085
Adverse_A_scene_000206_000000000000000105.png,Adverse_A_scene_000206_000000000000000105.txt,Adverse_A,Adverse_A_scene_000206,000000000000000105
Adverse_A_scene_000206_000000000000000125.png,Adverse_A_scene_000206_000000000000000125.txt,Adverse_A,Adverse_A_scene_000206,000000000000000125
Adverse_A_scene_000206_000000000000000145.png,Adverse_A_scene_000206_000000000000000145.txt,Adverse_A,Adverse_A_scene_000206,000000000000000145
Adverse_A_scene_000206_000000000000000165.png,Adverse_A_scene_000206_000000000000000165.txt,Adverse_A,Adverse_A_scene_000206,000000000000000165
Adverse_A_scene_000206_000000000000000185.png,Adverse_A_scene_000206_000000000000000185.txt,Adverse_A,Adverse_A_scene_000206,000000000000000185
Adverse_A_scene_000206_000000000000000205.png,Adverse_A_scene_000206_000000000000000205.txt,Adverse_A,Adverse_A_scene_000206,000000000000000205
Adverse_A_scene_000207_000000000000000025.png,Adverse_A_scene_000207_000000000000000025.txt,Adverse_A,Adverse_A_scene_000207,000000000000000025
Adverse_A_scene_000207_000000000000000045.png,Adverse_A_scene_000207_000000000000000045.txt,Adverse_A,Adverse_A_scene_000207,000000000000000045
Adverse_A_scene_000207_000000000000000065.png,Adverse_A_scene_000207_000000000000000065.txt,Adverse_A,Adverse_A_scene_000207,000000000000000065
Adverse_A_scene_000207_000000000000000085.png,Adverse_A_scene_000207_000000000000000085.txt,Adverse_A,Adverse_A_scene_000207,000000000000000085
Adverse_A_scene_000207_000000000000000105.png,Adverse_A_scene_000207_000000000000000105.txt,Adverse_A,Adverse_A_scene_000207,000000000000000105
Adverse_A_scene_000207_000000000000000125.png,Adverse_A_scene_000207_000000000000000125.txt,Adverse_A,Adverse_A_scene_000207,000000000000000125
Adverse_A_scene_000207_000000000000000145.png,Adverse_A_scene_000207_000000000000000145.txt,Adverse_A,Adverse_A_scene_000207,000000000000000145
Adverse_A_scene_000207_000000000000000165.png,Adverse_A_scene_000207_000000000000000165.txt,Adverse_A,Adverse_A_scene_000207,000000000000000165
Adverse_A_scene_000207_000000000000000185.png,Adverse_A_scene_000207_000000000000000185.txt,Adverse_A,Adverse_A_scene_000207,000000000000000185
Adverse_A_scene_000207_000000000000000205.png,Adverse_A_scene_000207_000000000000000205.txt,Adverse_A,Adverse_A_scene_000207,000000000000000205
Adverse_A_scene_000208_000000000000000025.png,Adverse_A_scene_000208_000000000000000025.txt,Adverse_A,Adverse_A_scene_000208,000000000000000025
Adverse_A_scene_000208_000000000000000045.png,Adverse_A_scene_000208_000000000000000045.txt,Adverse_A,Adverse_A_scene_000208,000000000000000045
Adverse_A_scene_000208_000000000000000065.png,Adverse_A_scene_000208_000000000000000065.txt,Adverse_A,Adverse_A_scene_000208,000000000000000065
Adverse_A_scene_000208_000000000000000085.png,Adverse_A_scene_000208_000000000000000085.txt,Adverse_A,Adverse_A_scene_000208,000000000000000085
Adverse_A_scene_000208_000000000000000105.png,Adverse_A_scene_000208_000000000000000105.txt,Adverse_A,Adverse_A_scene_000208,000000000000000105
Adverse_A_scene_000208_000000000000000125.png,Adverse_A_scene_000208_000000000000000125.txt,Adverse_A,Adverse_A_scene_000208,000000000000000125
Adverse_A_scene_000208_000000000000000145.png,Adverse_A_scene_000208_000000000000000145.txt,Adverse_A,Adverse_A_scene_000208,000000000000000145
Adverse_A_scene_000208_000000000000000165.png,Adverse_A_scene_000208_000000000000000165.txt,Adverse_A,Adverse_A_scene_000208,000000000000000165
Adverse_A_scene_000208_000000000000000185.png,Adverse_A_scene_000208_000000000000000185.txt,Adverse_A,Adverse_A_scene_000208,000000000000000185
Adverse_A_scene_000208_000000000000000205.png,Adverse_A_scene_000208_000000000000000205.txt,Adverse_A,Adverse_A_scene_000208,000000000000000205
Adverse_A_scene_000209_000000000000000025.png,Adverse_A_scene_000209_000000000000000025.txt,Adverse_A,Adverse_A_scene_000209,000000000000000025
Adverse_A_scene_000209_000000000000000045.png,Adverse_A_scene_000209_000000000000000045.txt,Adverse_A,Adverse_A_scene_000209,000000000000000045
Adverse_A_scene_000209_000000000000000065.png,Adverse_A_scene_000209_000000000000000065.txt,Adverse_A,Adverse_A_scene_000209,000000000000000065
Adverse_A_scene_000209_000000000000000085.png,Adverse_A_scene_000209_000000000000000085.txt,Adverse_A,Adverse_A_scene_000209,000000000000000085
Adverse_A_scene_000209_000000000000000105.png,Adverse_A_scene_000209_000000000000000105.txt,Adverse_A,Adverse_A_scene_000209,000000000000000105
Adverse_A_scene_000209_000000000000000125.png,Adverse_A_scene_000209_000000000000000125.txt,Adverse_A,Adverse_A_scene_000209,000000000000000125
Adverse_A_scene_000209_000000000000000145.png,Adverse_A_scene_000209_000000000000000145.txt,Adverse_A,Adverse_A_scene_000209,000000000000000145
Adverse_A_scene_000209_000000000000000165.png,Adverse_A_scene_000209_000000000000000165.txt,Adverse_A,Adverse_A_scene_000209,000000000000000165
Adverse_A_scene_000209_000000000000000185.png,Adverse_A_scene_000209_000000000000000185.txt,Adverse_A,Adverse_A_scene_000209,000000000000000185
Adverse_A_scene_000209_000000000000000205.png,Adverse_A_scene_000209_000000000000000205.txt,Adverse_A,Adverse_A_scene_000209,000000000000000205
Adverse_A_scene_000210_000000000000000025.png,Adverse_A_scene_000210_000000000000000025.txt,Adverse_A,Adverse_A_scene_000210,000000000000000025
Adverse_A_scene_000210_000000000000000045.png,Adverse_A_scene_000210_000000000000000045.txt,Adverse_A,Adverse_A_scene_000210,000000000000000045
Adverse_A_scene_000210_000000000000000065.png,Adverse_A_scene_000210_000000000000000065.txt,Adverse_A,Adverse_A_scene_000210,000000000000000065
Adverse_A_scene_000210_000000000000000085.png,Adverse_A_scene_000210_000000000000000085.txt,Adverse_A,Adverse_A_scene_000210,000000000000000085
Adverse_A_scene_000210_000000000000000105.png,Adverse_A_scene_000210_000000000000000105.txt,Adverse_A,Adverse_A_scene_000210,000000000000000105
Adverse_A_scene_000210_000000000000000125.png,Adverse_A_scene_000210_000000000000000125.txt,Adverse_A,Adverse_A_scene_000210,000000000000000125
Adverse_A_scene_000210_000000000000000145.png,Adverse_A_scene_000210_000000000000000145.txt,Adverse_A,Adverse_A_scene_000210,000000000000000145
Adverse_A_scene_000210_000000000000000165.png,Adverse_A_scene_000210_000000000000000165.txt,Adverse_A,Adverse_A_scene_000210,000000000000000165
Adverse_A_scene_000210_000000000000000185.png,Adverse_A_scene_000210_000000000000000185.txt,Adverse_A,Adverse_A_scene_000210,000000000000000185
Adverse_A_scene_000210_000000000000000205.png,Adverse_A_scene_000210_000000000000000205.txt,Adverse_A,Adverse_A_scene_000210,000000000000000205
Adverse_A_scene_000211_000000000000000025.png,Adverse_A_scene_000211_000000000000000025.txt,Adverse_A,Adverse_A_scene_000211,000000000000000025
Adverse_A_scene_000211_000000000000000045.png,Adverse_A_scene_000211_000000000000000045.txt,Adverse_A,Adverse_A_scene_000211,000000000000000045
Adverse_A_scene_000211_000000000000000065.png,Adverse_A_scene_000211_000000000000000065.txt,Adverse_A,Adverse_A_scene_000211,000000000000000065
Adverse_A_scene_000211_000000000000000085.png,Adverse_A_scene_000211_000000000000000085.txt,Adverse_A,Adverse_A_scene_000211,000000000000000085
Adverse_A_scene_000211_000000000000000105.png,Adverse_A_scene_000211_000000000000000105.txt,Adverse_A,Adverse_A_scene_000211,000000000000000105
Adverse_A_scene_000211_000000000000000125.png,Adverse_A_scene_000211_000000000000000125.txt,Adverse_A,Adverse_A_scene_000211,000000000000000125
Adverse_A_scene_000211_000000000000000145.png,Adverse_A_scene_000211_000000000000000145.txt,Adverse_A,Adverse_A_scene_000211,000000000000000145
Adverse_A_scene_000211_000000000000000165.png,Adverse_A_scene_000211_000000000000000165.txt,Adverse_A,Adverse_A_scene_000211,000000000000000165
Adverse_A_scene_000211_000000000000000185.png,Adverse_A_scene_000211_000000000000000185.txt,Adverse_A,Adverse_A_scene_000211,000000000000000185
Adverse_A_scene_000211_000000000000000205.png,Adverse_A_scene_000211_000000000000000205.txt,Adverse_A,Adverse_A_scene_000211,000000000000000205
Adverse_A_scene_000212_000000000000000025.png,Adverse_A_scene_000212_000000000000000025.txt,Adverse_A,Adverse_A_scene_000212,000000000000000025
Adverse_A_scene_000212_000000000000000045.png,Adverse_A_scene_000212_000000000000000045.txt,Adverse_A,Adverse_A_scene_000212,000000000000000045
Adverse_A_scene_000212_000000000000000065.png,Adverse_A_scene_000212_000000000000000065.txt,Adverse_A,Adverse_A_scene_000212,000000000000000065
Adverse_A_scene_000212_000000000000000085.png,Adverse_A_scene_000212_000000000000000085.txt,Adverse_A,Adverse_A_scene_000212,000000000000000085
Adverse_A_scene_000212_000000000000000105.png,Adverse_A_scene_000212_000000000000000105.txt,Adverse_A,Adverse_A_scene_000212,000000000000000105
Adverse_A_scene_000212_000000000000000125.png,Adverse_A_scene_000212_000000000000000125.txt,Adverse_A,Adverse_A_scene_000212,000000000000000125
Adverse_A_scene_000212_000000000000000145.png,Adverse_A_scene_000212_000000000000000145.txt,Adverse_A,Adverse_A_scene_000212,000000000000000145
Adverse_A_scene_000212_000000000000000165.png,Adverse_A_scene_000212_000000000000000165.txt,Adverse_A,Adverse_A_scene_000212,000000000000000165
Adverse_A_scene_000212_000000000000000185.png,Adverse_A_scene_000212_000000000000000185.txt,Adverse_A,Adverse_A_scene_000212,000000000000000185
Adverse_A_scene_000212_000000000000000205.png,Adverse_A_scene_000212_000000000000000205.txt,Adverse_A,Adverse_A_scene_000212,000000000000000205
Adverse_A_scene_000213_000000000000000025.png,Adverse_A_scene_000213_000000000000000025.txt,Adverse_A,Adverse_A_scene_000213,000000000000000025
Adverse_A_scene_000213_000000000000000045.png,Adverse_A_scene_000213_000000000000000045.txt,Adverse_A,Adverse_A_scene_000213,000000000000000045
Adverse_A_scene_000213_000000000000000065.png,Adverse_A_scene_000213_000000000000000065.txt,Adverse_A,Adverse_A_scene_000213,000000000000000065
Adverse_A_scene_000213_000000000000000085.png,Adverse_A_scene_000213_000000000000000085.txt,Adverse_A,Adverse_A_scene_000213,000000000000000085
Adverse_A_scene_000213_000000000000000105.png,Adverse_A_scene_000213_000000000000000105.txt,Adverse_A,Adverse_A_scene_000213,000000000000000105
Adverse_A_scene_000213_000000000000000125.png,Adverse_A_scene_000213_000000000000000125.txt,Adverse_A,Adverse_A_scene_000213,000000000000000125
Adverse_A_scene_000213_000000000000000145.png,Adverse_A_scene_000213_000000000000000145.txt,Adverse_A,Adverse_A_scene_000213,000000000000000145
Adverse_A_scene_000213_000000000000000165.png,Adverse_A_scene_000213_000000000000000165.txt,Adverse_A,Adverse_A_scene_000213,000000000000000165
Adverse_A_scene_000213_000000000000000185.png,Adverse_A_scene_000213_000000000000000185.txt,Adverse_A,Adverse_A_scene_000213,000000000000000185
Adverse_A_scene_000213_000000000000000205.png,Adverse_A_scene_000213_000000000000000205.txt,Adverse_A,Adverse_A_scene_000213,000000000000000205
Adverse_A_scene_000214_000000000000000025.png,Adverse_A_scene_000214_000000000000000025.txt,Adverse_A,Adverse_A_scene_000214,000000000000000025
Adverse_A_scene_000214_000000000000000045.png,Adverse_A_scene_000214_000000000000000045.txt,Adverse_A,Adverse_A_scene_000214,000000000000000045
Adverse_A_scene_000214_000000000000000065.png,Adverse_A_scene_000214_000000000000000065.txt,Adverse_A,Adverse_A_scene_000214,000000000000000065
Adverse_A_scene_000214_000000000000000085.png,Adverse_A_scene_000214_000000000000000085.txt,Adverse_A,Adverse_A_scene_000214,000000000000000085
Adverse_A_scene_000214_000000000000000105.png,Adverse_A_scene_000214_000000000000000105.txt,Adverse_A,Adverse_A_scene_000214,000000000000000105
Adverse_A_scene_000214_000000000000000125.png,Adverse_A_scene_000214_000000000000000125.txt,Adverse_A,Adverse_A_scene_000214,000000000000000125
Adverse_A_scene_000214_000000000000000145.png,Adverse_A_scene_000214_000000000000000145.txt,Adverse_A,Adverse_A_scene_000214,000000000000000145
Adverse_A_scene_000214_000000000000000165.png,Adverse_A_scene_000214_000000000000000165.txt,Adverse_A,Adverse_A_scene_000214,000000000000000165
Adverse_A_scene_000214_000000000000000185.png,Adverse_A_scene_000214_000000000000000185.txt,Adverse_A,Adverse_A_scene_000214,000000000000000185
Adverse_A_scene_000214_000000000000000205.png,Adverse_A_scene_000214_000000000000000205.txt,Adverse_A,Adverse_A_scene_000214,000000000000000205
Adverse_A_scene_000215_000000000000000025.png,Adverse_A_scene_000215_000000000000000025.txt,Adverse_A,Adverse_A_scene_000215,000000000000000025
Adverse_A_scene_000215_000000000000000045.png,Adverse_A_scene_000215_000000000000000045.txt,Adverse_A,Adverse_A_scene_000215,000000000000000045
Adverse_A_scene_000215_000000000000000065.png,Adverse_A_scene_000215_000000000000000065.txt,Adverse_A,Adverse_A_scene_000215,000000000000000065
Adverse_A_scene_000215_000000000000000085.png,Adverse_A_scene_000215_000000000000000085.txt,Adverse_A,Adverse_A_scene_000215,000000000000000085
Adverse_A_scene_000215_000000000000000105.png,Adverse_A_scene_000215_000000000000000105.txt,Adverse_A,Adverse_A_scene_000215,000000000000000105
Adverse_A_scene_000215_000000000000000125.png,Adverse_A_scene_000215_000000000000000125.txt,Adverse_A,Adverse_A_scene_000215,000000000000000125
Adverse_A_scene_000215_000000000000000145.png,Adverse_A_scene_000215_000000000000000145.txt,Adverse_A,Adverse_A_scene_000215,000000000000000145
Adverse_A_scene_000215_000000000000000165.png,Adverse_A_scene_000215_000000000000000165.txt,Adverse_A,Adverse_A_scene_000215,000000000000000165
Adverse_A_scene_000215_000000000000000185.png,Adverse_A_scene_000215_000000000000000185.txt,Adverse_A,Adverse_A_scene_000215,000000000000000185
Adverse_A_scene_000215_000000000000000205.png,Adverse_A_scene_000215_000000000000000205.txt,Adverse_A,Adverse_A_scene_000215,000000000000000205
Adverse_A_scene_000216_000000000000000025.png,Adverse_A_scene_000216_000000000000000025.txt,Adverse_A,Adverse_A_scene_000216,000000000000000025
Adverse_A_scene_000216_000000000000000045.png,Adverse_A_scene_000216_000000000000000045.txt,Adverse_A,Adverse_A_scene_000216,000000000000000045
Adverse_A_scene_000216_000000000000000065.png,Adverse_A_scene_000216_000000000000000065.txt,Adverse_A,Adverse_A_scene_000216,000000000000000065
Adverse_A_scene_000216_000000000000000085.png,Adverse_A_scene_000216_000000000000000085.txt,Adverse_A,Adverse_A_scene_000216,000000000000000085
Adverse_A_scene_000216_000000000000000105.png,Adverse_A_scene_000216_000000000000000105.txt,Adverse_A,Adverse_A_scene_000216,000000000000000105
Adverse_A_scene_000216_000000000000000125.png,Adverse_A_scene_000216_000000000000000125.txt,Adverse_A,Adverse_A_scene_000216,000000000000000125
Adverse_A_scene_000216_000000000000000145.png,Adverse_A_scene_000216_000000000000000145.txt,Adverse_A,Adverse_A_scene_000216,000000000000000145
Adverse_A_scene_000216_000000000000000165.png,Adverse_A_scene_000216_000000000000000165.txt,Adverse_A,Adverse_A_scene_000216,000000000000000165
Adverse_A_scene_000216_000000000000000185.png,Adverse_A_scene_000216_000000000000000185.txt,Adverse_A,Adverse_A_scene_000216,000000000000000185
Adverse_A_scene_000216_000000000000000205.png,Adverse_A_scene_000216_000000000000000205.txt,Adverse_A,Adverse_A_scene_000216,000000000000000205
Adverse_A_scene_000217_000000000000000025.png,Adverse_A_scene_000217_000000000000000025.txt,Adverse_A,Adverse_A_scene_000217,000000000000000025
Adverse_A_scene_000217_000000000000000045.png,Adverse_A_scene_000217_000000000000000045.txt,Adverse_A,Adverse_A_scene_000217,000000000000000045
Adverse_A_scene_000217_000000000000000065.png,Adverse_A_scene_000217_000000000000000065.txt,Adverse_A,Adverse_A_scene_000217,000000000000000065
Adverse_A_scene_000217_000000000000000085.png,Adverse_A_scene_000217_000000000000000085.txt,Adverse_A,Adverse_A_scene_000217,000000000000000085
Adverse_A_scene_000217_000000000000000105.png,Adverse_A_scene_000217_000000000000000105.txt,Adverse_A,Adverse_A_scene_000217,000000000000000105
Adverse_A_scene_000217_000000000000000125.png,Adverse_A_scene_000217_000000000000000125.txt,Adverse_A,Adverse_A_scene_000217,000000000000000125
Adverse_A_scene_000217_000000000000000145.png,Adverse_A_scene_000217_000000000000000145.txt,Adverse_A,Adverse_A_scene_000217,000000000000000145
Adverse_A_scene_000217_000000000000000165.png,Adverse_A_scene_000217_000000000000000165.txt,Adverse_A,Adverse_A_scene_000217,000000000000000165
Adverse_A_scene_000217_000000000000000185.png,Adverse_A_scene_000217_000000000000000185.txt,Adverse_A,Adverse_A_scene_000217,000000000000000185
Adverse_A_scene_000217_000000000000000205.png,Adverse_A_scene_000217_000000000000000205.txt,Adverse_A,Adverse_A_scene_000217,000000000000000205
Adverse_A_scene_000218_000000000000000025.png,Adverse_A_scene_000218_000000000000000025.txt,Adverse_A,Adverse_A_scene_000218,000000000000000025
Adverse_A_scene_000218_000000000000000045.png,Adverse_A_scene_000218_000000000000000045.txt,Adverse_A,Adverse_A_scene_000218,000000000000000045
Adverse_A_scene_000218_000000000000000065.png,Adverse_A_scene_000218_000000000000000065.txt,Adverse_A,Adverse_A_scene_000218,000000000000000065
Adverse_A_scene_000218_000000000000000085.png,Adverse_A_scene_000218_000000000000000085.txt,Adverse_A,Adverse_A_scene_000218,000000000000000085
Adverse_A_scene_000218_000000000000000105.png,Adverse_A_scene_000218_000000000000000105.txt,Adverse_A,Adverse_A_scene_000218,000000000000000105
Adverse_A_scene_000218_000000000000000125.png,Adverse_A_scene_000218_000000000000000125.txt,Adverse_A,Adverse_A_scene_000218,000000000000000125
Adverse_A_scene_000218_000000000000000145.png,Adverse_A_scene_000218_000000000000000145.txt,Adverse_A,Adverse_A_scene_000218,000000000000000145
Adverse_A_scene_000218_000000000000000165.png,Adverse_A_scene_000218_000000000000000165.txt,Adverse_A,Adverse_A_scene_000218,000000000000000165
Adverse_A_scene_000218_000000000000000185.png,Adverse_A_scene_000218_000000000000000185.txt,Adverse_A,Adverse_A_scene_000218,000000000000000185
Adverse_A_scene_000218_000000000000000205.png,Adverse_A_scene_000218_000000000000000205.txt,Adverse_A,Adverse_A_scene_000218,000000000000000205
Adverse_A_scene_000219_000000000000000025.png,Adverse_A_scene_000219_000000000000000025.txt,Adverse_A,Adverse_A_scene_000219,000000000000000025
Adverse_A_scene_000219_000000000000000045.png,Adverse_A_scene_000219_000000000000000045.txt,Adverse_A,Adverse_A_scene_000219,000000000000000045
Adverse_A_scene_000219_000000000000000065.png,Adverse_A_scene_000219_000000000000000065.txt,Adverse_A,Adverse_A_scene_000219,000000000000000065
Adverse_A_scene_000219_000000000000000085.png,Adverse_A_scene_000219_000000000000000085.txt,Adverse_A,Adverse_A_scene_000219,000000000000000085
Adverse_A_scene_000219_000000000000000105.png,Adverse_A_scene_000219_000000000000000105.txt,Adverse_A,Adverse_A_scene_000219,000000000000000105
Adverse_A_scene_000219_000000000000000125.png,Adverse_A_scene_000219_000000000000000125.txt,Adverse_A,Adverse_A_scene_000219,000000000000000125
Adverse_A_scene_000219_000000000000000145.png,Adverse_A_scene_000219_000000000000000145.txt,Adverse_A,Adverse_A_scene_000219,000000000000000145
Adverse_A_scene_000219_000000000000000165.png,Adverse_A_scene_000219_000000000000000165.txt,Adverse_A,Adverse_A_scene_000219,000000000000000165
Adverse_A_scene_000219_000000000000000185.png,Adverse_A_scene_000219_000000000000000185.txt,Adverse_A,Adverse_A_scene_000219,000000000000000185
Adverse_A_scene_000219_000000000000000205.png,Adverse_A_scene_000219_000000000000000205.txt,Adverse_A,Adverse_A_scene_000219,000000000000000205
Adverse_A_scene_000220_000000000000000025.png,Adverse_A_scene_000220_000000000000000025.txt,Adverse_A,Adverse_A_scene_000220,000000000000000025
Adverse_A_scene_000220_000000000000000045.png,Adverse_A_scene_000220_000000000000000045.txt,Adverse_A,Adverse_A_scene_000220,000000000000000045
Adverse_A_scene_000220_000000000000000065.png,Adverse_A_scene_000220_000000000000000065.txt,Adverse_A,Adverse_A_scene_000220,000000000000000065
Adverse_A_scene_000220_000000000000000085.png,Adverse_A_scene_000220_000000000000000085.txt,Adverse_A,Adverse_A_scene_000220,000000000000000085
Adverse_A_scene_000220_000000000000000105.png,Adverse_A_scene_000220_000000000000000105.txt,Adverse_A,Adverse_A_scene_000220,000000000000000105
Adverse_A_scene_000220_000000000000000125.png,Adverse_A_scene_000220_000000000000000125.txt,Adverse_A,Adverse_A_scene_000220,000000000000000125
Adverse_A_scene_000220_000000000000000145.png,Adverse_A_scene_000220_000000000000000145.txt,Adverse_A,Adverse_A_scene_000220,000000000000000145
Adverse_A_scene_000220_000000000000000165.png,Adverse_A_scene_000220_000000000000000165.txt,Adverse_A,Adverse_A_scene_000220,000000000000000165
Adverse_A_scene_000220_000000000000000185.png,Adverse_A_scene_000220_000000000000000185.txt,Adverse_A,Adverse_A_scene_000220,000000000000000185
Adverse_A_scene_000220_000000000000000205.png,Adverse_A_scene_000220_000000000000000205.txt,Adverse_A,Adverse_A_scene_000220,000000000000000205
Adverse_A_scene_000221_000000000000000025.png,Adverse_A_scene_000221_000000000000000025.txt,Adverse_A,Adverse_A_scene_000221,000000000000000025
Adverse_A_scene_000221_000000000000000045.png,Adverse_A_scene_000221_000000000000000045.txt,Adverse_A,Adverse_A_scene_000221,000000000000000045
Adverse_A_scene_000221_000000000000000065.png,Adverse_A_scene_000221_000000000000000065.txt,Adverse_A,Adverse_A_scene_000221,000000000000000065
Adverse_A_scene_000221_000000000000000085.png,Adverse_A_scene_000221_000000000000000085.txt,Adverse_A,Adverse_A_scene_000221,000000000000000085
Adverse_A_scene_000221_000000000000000105.png,Adverse_A_scene_000221_000000000000000105.txt,Adverse_A,Adverse_A_scene_000221,000000000000000105
Adverse_A_scene_000221_000000000000000125.png,Adverse_A_scene_000221_000000000000000125.txt,Adverse_A,Adverse_A_scene_000221,000000000000000125
Adverse_A_scene_000221_000000000000000145.png,Adverse_A_scene_000221_000000000000000145.txt,Adverse_A,Adverse_A_scene_000221,000000000000000145
Adverse_A_scene_000221_000000000000000165.png,Adverse_A_scene_000221_000000000000000165.txt,Adverse_A,Adverse_A_scene_000221,000000000000000165
Adverse_A_scene_000221_000000000000000185.png,Adverse_A_scene_000221_000000000000000185.txt,Adverse_A,Adverse_A_scene_000221,000000000000000185
Adverse_A_scene_000221_000000000000000205.png,Adverse_A_scene_000221_000000000000000205.txt,Adverse_A,Adverse_A_scene_000221,000000000000000205
Adverse_A_scene_000222_000000000000000025.png,Adverse_A_scene_000222_000000000000000025.txt,Adverse_A,Adverse_A_scene_000222,000000000000000025
Adverse_A_scene_000222_000000000000000045.png,Adverse_A_scene_000222_000000000000000045.txt,Adverse_A,Adverse_A_scene_000222,000000000000000045
Adverse_A_scene_000222_000000000000000065.png,Adverse_A_scene_000222_000000000000000065.txt,Adverse_A,Adverse_A_scene_000222,000000000000000065
Adverse_A_scene_000222_000000000000000085.png,Adverse_A_scene_000222_000000000000000085.txt,Adverse_A,Adverse_A_scene_000222,000000000000000085
Adverse_A_scene_000222_000000000000000105.png,Adverse_A_scene_000222_000000000000000105.txt,Adverse_A,Adverse_A_scene_000222,000000000000000105
Adverse_A_scene_000222_000000000000000125.png,Adverse_A_scene_000222_000000000000000125.txt,Adverse_A,Adverse_A_scene_000222,000000000000000125
Adverse_A_scene_000222_000000000000000145.png,Adverse_A_scene_000222_000000000000000145.txt,Adverse_A,Adverse_A_scene_000222,000000000000000145
Adverse_A_scene_000222_000000000000000165.png,Adverse_A_scene_000222_000000000000000165.txt,Adverse_A,Adverse_A_scene_000222,000000000000000165
Adverse_A_scene_000222_000000000000000185.png,Adverse_A_scene_000222_000000000000000185.txt,Adverse_A,Adverse_A_scene_000222,000000000000000185
Adverse_A_scene_000222_000000000000000205.png,Adverse_A_scene_000222_000000000000000205.txt,Adverse_A,Adverse_A_scene_000222,000000000000000205
Adverse_A_scene_000223_000000000000000025.png,Adverse_A_scene_000223_000000000000000025.txt,Adverse_A,Adverse_A_scene_000223,000000000000000025
Adverse_A_scene_000223_000000000000000045.png,Adverse_A_scene_000223_000000000000000045.txt,Adverse_A,Adverse_A_scene_000223,000000000000000045
Adverse_A_scene_000223_000000000000000065.png,Adverse_A_scene_000223_000000000000000065.txt,Adverse_A,Adverse_A_scene_000223,000000000000000065
Adverse_A_scene_000223_000000000000000085.png,Adverse_A_scene_000223_000000000000000085.txt,Adverse_A,Adverse_A_scene_000223,000000000000000085
Adverse_A_scene_000223_000000000000000105.png,Adverse_A_scene_000223_000000000000000105.txt,Adverse_A,Adverse_A_scene_000223,000000000000000105
Adverse_A_scene_000223_000000000000000125.png,Adverse_A_scene_000223_000000000000000125.txt,Adverse_A,Adverse_A_scene_000223,000000000000000125
Adverse_A_scene_000223_000000000000000145.png,Adverse_A_scene_000223_000000000000000145.txt,Adverse_A,Adverse_A_scene_000223,000000000000000145
Adverse_A_scene_000223_000000000000000165.png,Adverse_A_scene_000223_000000000000000165.txt,Adverse_A,Adverse_A_scene_000223,000000000000000165
Adverse_A_scene_000223_000000000000000185.png,Adverse_A_scene_000223_000000000000000185.txt,Adverse_A,Adverse_A_scene_000223,000000000000000185
Adverse_A_scene_000223_000000000000000205.png,Adverse_A_scene_000223_000000000000000205.txt,Adverse_A,Adverse_A_scene_000223,000000000000000205
Adverse_A_scene_000224_000000000000000025.png,Adverse_A_scene_000224_000000000000000025.txt,Adverse_A,Adverse_A_scene_000224,000000000000000025
Adverse_A_scene_000224_000000000000000045.png,Adverse_A_scene_000224_000000000000000045.txt,Adverse_A,Adverse_A_scene_000224,000000000000000045
Adverse_A_scene_000224_000000000000000065.png,Adverse_A_scene_000224_000000000000000065.txt,Adverse_A,Adverse_A_scene_000224,000000000000000065
Adverse_A_scene_000224_000000000000000085.png,Adverse_A_scene_000224_000000000000000085.txt,Adverse_A,Adverse_A_scene_000224,000000000000000085
Adverse_A_scene_000224_000000000000000105.png,Adverse_A_scene_000224_000000000000000105.txt,Adverse_A,Adverse_A_scene_000224,000000000000000105
Adverse_A_scene_000224_000000000000000125.png,Adverse_A_scene_000224_000000000000000125.txt,Adverse_A,Adverse_A_scene_000224,000000000000000125
Adverse_A_scene_000224_000000000000000145.png,Adverse_A_scene_000224_000000000000000145.txt,Adverse_A,Adverse_A_scene_000224,000000000000000145
Adverse_A_scene_000224_000000000000000165.png,Adverse_A_scene_000224_000000000000000165.txt,Adverse_A,Adverse_A_scene_000224,000000000000000165
Adverse_A_scene_000224_000000000000000185.png,Adverse_A_scene_000224_000000000000000185.txt,Adverse_A,Adverse_A_scene_000224,000000000000000185
Adverse_A_scene_000224_000000000000000205.png,Adverse_A_scene_000224_000000000000000205.txt,Adverse_A,Adverse_A_scene_000224,000000000000000205
Adverse_A_scene_000225_000000000000000025.png,Adverse_A_scene_000225_000000000000000025.txt,Adverse_A,Adverse_A_scene_000225,000000000000000025
Adverse_A_scene_000225_000000000000000045.png,Adverse_A_scene_000225_000000000000000045.txt,Adverse_A,Adverse_A_scene_000225,000000000000000045
Adverse_A_scene_000225_000000000000000065.png,Adverse_A_scene_000225_000000000000000065.txt,Adverse_A,Adverse_A_scene_000225,000000000000000065
Adverse_A_scene_000225_000000000000000085.png,Adverse_A_scene_000225_000000000000000085.txt,Adverse_A,Adverse_A_scene_000225,000000000000000085
Adverse_A_scene_000225_000000000000000105.png,Adverse_A_scene_000225_000000000000000105.txt,Adverse_A,Adverse_A_scene_000225,000000000000000105
Adverse_A_scene_000225_000000000000000125.png,Adverse_A_scene_000225_000000000000000125.txt,Adverse_A,Adverse_A_scene_000225,000000000000000125
Adverse_A_scene_000225_000000000000000145.png,Adverse_A_scene_000225_000000000000000145.txt,Adverse_A,Adverse_A_scene_000225,000000000000000145
Adverse_A_scene_000225_000000000000000165.png,Adverse_A_scene_000225_000000000000000165.txt,Adverse_A,Adverse_A_scene_000225,000000000000000165
Adverse_A_scene_000225_000000000000000185.png,Adverse_A_scene_000225_000000000000000185.txt,Adverse_A,Adverse_A_scene_000225,000000000000000185
Adverse_A_scene_000225_000000000000000205.png,Adverse_A_scene_000225_000000000000000205.txt,Adverse_A,Adverse_A_scene_000225,000000000000000205
Adverse_A_scene_000226_000000000000000025.png,Adverse_A_scene_000226_000000000000000025.txt,Adverse_A,Adverse_A_scene_000226,000000000000000025
Adverse_A_scene_000226_000000000000000045.png,Adverse_A_scene_000226_000000000000000045.txt,Adverse_A,Adverse_A_scene_000226,000000000000000045
Adverse_A_scene_000226_000000000000000065.png,Adverse_A_scene_000226_000000000000000065.txt,Adverse_A,Adverse_A_scene_000226,000000000000000065
Adverse_A_scene_000226_000000000000000085.png,Adverse_A_scene_000226_000000000000000085.txt,Adverse_A,Adverse_A_scene_000226,000000000000000085
Adverse_A_scene_000226_000000000000000105.png,Adverse_A_scene_000226_000000000000000105.txt,Adverse_A,Adverse_A_scene_000226,000000000000000105
Adverse_A_scene_000226_000000000000000125.png,Adverse_A_scene_000226_000000000000000125.txt,Adverse_A,Adverse_A_scene_000226,000000000000000125
Adverse_A_scene_000226_000000000000000145.png,Adverse_A_scene_000226_000000000000000145.txt,Adverse_A,Adverse_A_scene_000226,000000000000000145
Adverse_A_scene_000226_000000000000000165.png,Adverse_A_scene_000226_000000000000000165.txt,Adverse_A,Adverse_A_scene_000226,000000000000000165
Adverse_A_scene_000226_000000000000000185.png,Adverse_A_scene_000226_000000000000000185.txt,Adverse_A,Adverse_A_scene_000226,000000000000000185
Adverse_A_scene_000226_000000000000000205.png,Adverse_A_scene_000226_000000000000000205.txt,Adverse_A,Adverse_A_scene_000226,000000000000000205
Adverse_A_scene_000227_000000000000000025.png,Adverse_A_scene_000227_000000000000000025.txt,Adverse_A,Adverse_A_scene_000227,000000000000000025
Adverse_A_scene_000227_000000000000000045.png,Adverse_A_scene_000227_000000000000000045.txt,Adverse_A,Adverse_A_scene_000227,000000000000000045
Adverse_A_scene_000227_000000000000000065.png,Adverse_A_scene_000227_000000000000000065.txt,Adverse_A,Adverse_A_scene_000227,000000000000000065
Adverse_A_scene_000227_000000000000000085.png,Adverse_A_scene_000227_000000000000000085.txt,Adverse_A,Adverse_A_scene_000227,000000000000000085
Adverse_A_scene_000227_000000000000000105.png,Adverse_A_scene_000227_000000000000000105.txt,Adverse_A,Adverse_A_scene_000227,000000000000000105
Adverse_A_scene_000227_000000000000000125.png,Adverse_A_scene_000227_000000000000000125.txt,Adverse_A,Adverse_A_scene_000227,000000000000000125
Adverse_A_scene_000227_000000000000000145.png,Adverse_A_scene_000227_000000000000000145.txt,Adverse_A,Adverse_A_scene_000227,000000000000000145
Adverse_A_scene_000227_000000000000000165.png,Adverse_A_scene_000227_000000000000000165.txt,Adverse_A,Adverse_A_scene_000227,000000000000000165
Adverse_A_scene_000227_000000000000000185.png,Adverse_A_scene_000227_000000000000000185.txt,Adverse_A,Adverse_A_scene_000227,000000000000000185
Adverse_A_scene_000227_000000000000000205.png,Adverse_A_scene_000227_000000000000000205.txt,Adverse_A,Adverse_A_scene_000227,000000000000000205
Adverse_A_scene_000228_000000000000000025.png,Adverse_A_scene_000228_000000000000000025.txt,Adverse_A,Adverse_A_scene_000228,000000000000000025
Adverse_A_scene_000228_000000000000000045.png,Adverse_A_scene_000228_000000000000000045.txt,Adverse_A,Adverse_A_scene_000228,000000000000000045
Adverse_A_scene_000228_000000000000000065.png,Adverse_A_scene_000228_000000000000000065.txt,Adverse_A,Adverse_A_scene_000228,000000000000000065
Adverse_A_scene_000228_000000000000000085.png,Adverse_A_scene_000228_000000000000000085.txt,Adverse_A,Adverse_A_scene_000228,000000000000000085
Adverse_A_scene_000228_000000000000000105.png,Adverse_A_scene_000228_000000000000000105.txt,Adverse_A,Adverse_A_scene_000228,000000000000000105
Adverse_A_scene_000228_000000000000000125.png,Adverse_A_scene_000228_000000000000000125.txt,Adverse_A,Adverse_A_scene_000228,000000000000000125
Adverse_A_scene_000228_000000000000000145.png,Adverse_A_scene_000228_000000000000000145.txt,Adverse_A,Adverse_A_scene_000228,000000000000000145
Adverse_A_scene_000228_000000000000000165.png,Adverse_A_scene_000228_000000000000000165.txt,Adverse_A,Adverse_A_scene_000228,000000000000000165
Adverse_A_scene_000228_000000000000000185.png,Adverse_A_scene_000228_000000000000000185.txt,Adverse_A,Adverse_A_scene_000228,000000000000000185
Adverse_A_scene_000228_000000000000000205.png,Adverse_A_scene_000228_000000000000000205.txt,Adverse_A,Adverse_A_scene_000228,000000000000000205
Adverse_A_scene_000229_000000000000000025.png,Adverse_A_scene_000229_000000000000000025.txt,Adverse_A,Adverse_A_scene_000229,000000000000000025
Adverse_A_scene_000229_000000000000000045.png,Adverse_A_scene_000229_000000000000000045.txt,Adverse_A,Adverse_A_scene_000229,000000000000000045
Adverse_A_scene_000229_000000000000000065.png,Adverse_A_scene_000229_000000000000000065.txt,Adverse_A,Adverse_A_scene_000229,000000000000000065
Adverse_A_scene_000229_000000000000000085.png,Adverse_A_scene_000229_000000000000000085.txt,Adverse_A,Adverse_A_scene_000229,000000000000000085
Adverse_A_scene_000229_000000000000000105.png,Adverse_A_scene_000229_000000000000000105.txt,Adverse_A,Adverse_A_scene_000229,000000000000000105
Adverse_A_scene_000229_000000000000000125.png,Adverse_A_scene_000229_000000000000000125.txt,Adverse_A,Adverse_A_scene_000229,000000000000000125
Adverse_A_scene_000229_000000000000000145.png,Adverse_A_scene_000229_000000000000000145.txt,Adverse_A,Adverse_A_scene_000229,000000000000000145
Adverse_A_scene_000229_000000000000000165.png,Adverse_A_scene_000229_000000000000000165.txt,Adverse_A,Adverse_A_scene_000229,000000000000000165
Adverse_A_scene_000229_000000000000000185.png,Adverse_A_scene_000229_000000000000000185.txt,Adverse_A,Adverse_A_scene_000229,000000000000000185
Adverse_A_scene_000229_000000000000000205.png,Adverse_A_scene_000229_000000000000000205.txt,Adverse_A,Adverse_A_scene_000229,000000000000000205
Adverse_A_scene_000230_000000000000000025.png,Adverse_A_scene_000230_000000000000000025.txt,Adverse_A,Adverse_A_scene_000230,000000000000000025
Adverse_A_scene_000230_000000000000000045.png,Adverse_A_scene_000230_000000000000000045.txt,Adverse_A,Adverse_A_scene_000230,000000000000000045
Adverse_A_scene_000230_000000000000000065.png,Adverse_A_scene_000230_000000000000000065.txt,Adverse_A,Adverse_A_scene_000230,000000000000000065
Adverse_A_scene_000230_000000000000000085.png,Adverse_A_scene_000230_000000000000000085.txt,Adverse_A,Adverse_A_scene_000230,000000000000000085
Adverse_A_scene_000230_000000000000000105.png,Adverse_A_scene_000230_000000000000000105.txt,Adverse_A,Adverse_A_scene_000230,000000000000000105
Adverse_A_scene_000230_000000000000000125.png,Adverse_A_scene_000230_000000000000000125.txt,Adverse_A,Adverse_A_scene_000230,000000000000000125
Adverse_A_scene_000230_000000000000000145.png,Adverse_A_scene_000230_000000000000000145.txt,Adverse_A,Adverse_A_scene_000230,000000000000000145
Adverse_A_scene_000230_000000000000000165.png,Adverse_A_scene_000230_000000000000000165.txt,Adverse_A,Adverse_A_scene_000230,000000000000000165
Adverse_A_scene_000230_000000000000000185.png,Adverse_A_scene_000230_000000000000000185.txt,Adverse_A,Adverse_A_scene_000230,000000000000000185
Adverse_A_scene_000230_000000000000000205.png,Adverse_A_scene_000230_000000000000000205.txt,Adverse_A,Adverse_A_scene_000230,000000000000000205
Adverse_A_scene_000231_000000000000000025.png,Adverse_A_scene_000231_000000000000000025.txt,Adverse_A,Adverse_A_scene_000231,000000000000000025
Adverse_A_scene_000231_000000000000000045.png,Adverse_A_scene_000231_000000000000000045.txt,Adverse_A,Adverse_A_scene_000231,000000000000000045
Adverse_A_scene_000231_000000000000000065.png,Adverse_A_scene_000231_000000000000000065.txt,Adverse_A,Adverse_A_scene_000231,000000000000000065
Adverse_A_scene_000231_000000000000000085.png,Adverse_A_scene_000231_000000000000000085.txt,Adverse_A,Adverse_A_scene_000231,000000000000000085
Adverse_A_scene_000231_000000000000000105.png,Adverse_A_scene_000231_000000000000000105.txt,Adverse_A,Adverse_A_scene_000231,000000000000000105
Adverse_A_scene_000231_000000000000000125.png,Adverse_A_scene_000231_000000000000000125.txt,Adverse_A,Adverse_A_scene_000231,000000000000000125
Adverse_A_scene_000231_000000000000000145.png,Adverse_A_scene_000231_000000000000000145.txt,Adverse_A,Adverse_A_scene_000231,000000000000000145
Adverse_A_scene_000231_000000000000000165.png,Adverse_A_scene_000231_000000000000000165.txt,Adverse_A,Adverse_A_scene_000231,000000000000000165
Adverse_A_scene_000231_000000000000000185.png,Adverse_A_scene_000231_000000000000000185.txt,Adverse_A,Adverse_A_scene_000231,000000000000000185
Adverse_A_scene_000231_000000000000000205.png,Adverse_A_scene_000231_000000000000000205.txt,Adverse_A,Adverse_A_scene_000231,000000000000000205
Adverse_A_scene_000232_000000000000000025.png,Adverse_A_scene_000232_000000000000000025.txt,Adverse_A,Adverse_A_scene_000232,000000000000000025
Adverse_A_scene_000232_000000000000000045.png,Adverse_A_scene_000232_000000000000000045.txt,Adverse_A,Adverse_A_scene_000232,000000000000000045
Adverse_A_scene_000232_000000000000000065.png,Adverse_A_scene_000232_000000000000000065.txt,Adverse_A,Adverse_A_scene_000232,000000000000000065
Adverse_A_scene_000232_000000000000000085.png,Adverse_A_scene_000232_000000000000000085.txt,Adverse_A,Adverse_A_scene_000232,000000000000000085
Adverse_A_scene_000232_000000000000000105.png,Adverse_A_scene_000232_000000000000000105.txt,Adverse_A,Adverse_A_scene_000232,000000000000000105
Adverse_A_scene_000232_000000000000000125.png,Adverse_A_scene_000232_000000000000000125.txt,Adverse_A,Adverse_A_scene_000232,000000000000000125
Adverse_A_scene_000232_000000000000000145.png,Adverse_A_scene_000232_000000000000000145.txt,Adverse_A,Adverse_A_scene_000232,000000000000000145
Adverse_A_scene_000232_000000000000000165.png,Adverse_A_scene_000232_000000000000000165.txt,Adverse_A,Adverse_A_scene_000232,000000000000000165
Adverse_A_scene_000232_000000000000000185.png,Adverse_A_scene_000232_000000000000000185.txt,Adverse_A,Adverse_A_scene_000232,000000000000000185
Adverse_A_scene_000232_000000000000000205.png,Adverse_A_scene_000232_000000000000000205.txt,Adverse_A,Adverse_A_scene_000232,000000000000000205
Adverse_A_scene_000233_000000000000000025.png,Adverse_A_scene_000233_000000000000000025.txt,Adverse_A,Adverse_A_scene_000233,000000000000000025
Adverse_A_scene_000233_000000000000000045.png,Adverse_A_scene_000233_000000000000000045.txt,Adverse_A,Adverse_A_scene_000233,000000000000000045
Adverse_A_scene_000233_000000000000000065.png,Adverse_A_scene_000233_000000000000000065.txt,Adverse_A,Adverse_A_scene_000233,000000000000000065
Adverse_A_scene_000233_000000000000000085.png,Adverse_A_scene_000233_000000000000000085.txt,Adverse_A,Adverse_A_scene_000233,000000000000000085
Adverse_A_scene_000233_000000000000000105.png,Adverse_A_scene_000233_000000000000000105.txt,Adverse_A,Adverse_A_scene_000233,000000000000000105
Adverse_A_scene_000233_000000000000000125.png,Adverse_A_scene_000233_000000000000000125.txt,Adverse_A,Adverse_A_scene_000233,000000000000000125
Adverse_A_scene_000233_000000000000000145.png,Adverse_A_scene_000233_000000000000000145.txt,Adverse_A,Adverse_A_scene_000233,000000000000000145
Adverse_A_scene_000233_000000000000000165.png,Adverse_A_scene_000233_000000000000000165.txt,Adverse_A,Adverse_A_scene_000233,000000000000000165
Adverse_A_scene_000233_000000000000000185.png,Adverse_A_scene_000233_000000000000000185.txt,Adverse_A,Adverse_A_scene_000233,000000000000000185
Adverse_A_scene_000233_000000000000000205.png,Adverse_A_scene_000233_000000000000000205.txt,Adverse_A,Adverse_A_scene_000233,000000000000000205
Adverse_A_scene_000234_000000000000000025.png,Adverse_A_scene_000234_000000000000000025.txt,Adverse_A,Adverse_A_scene_000234,000000000000000025
Adverse_A_scene_000234_000000000000000045.png,Adverse_A_scene_000234_000000000000000045.txt,Adverse_A,Adverse_A_scene_000234,000000000000000045
Adverse_A_scene_000234_000000000000000065.png,Adverse_A_scene_000234_000000000000000065.txt,Adverse_A,Adverse_A_scene_000234,000000000000000065
Adverse_A_scene_000234_000000000000000085.png,Adverse_A_scene_000234_000000000000000085.txt,Adverse_A,Adverse_A_scene_000234,000000000000000085
Adverse_A_scene_000234_000000000000000105.png,Adverse_A_scene_000234_000000000000000105.txt,Adverse_A,Adverse_A_scene_000234,000000000000000105
Adverse_A_scene_000234_000000000000000125.png,Adverse_A_scene_000234_000000000000000125.txt,Adverse_A,Adverse_A_scene_000234,000000000000000125
Adverse_A_scene_000234_000000000000000145.png,Adverse_A_scene_000234_000000000000000145.txt,Adverse_A,Adverse_A_scene_000234,000000000000000145
Adverse_A_scene_000234_000000000000000165.png,Adverse_A_scene_000234_000000000000000165.txt,Adverse_A,Adverse_A_scene_000234,000000000000000165
Adverse_A_scene_000234_000000000000000185.png,Adverse_A_scene_000234_000000000000000185.txt,Adverse_A,Adverse_A_scene_000234,000000000000000185
Adverse_A_scene_000234_000000000000000205.png,Adverse_A_scene_000234_000000000000000205.txt,Adverse_A,Adverse_A_scene_000234,000000000000000205
Adverse_A_scene_000235_000000000000000025.png,Adverse_A_scene_000235_000000000000000025.txt,Adverse_A,Adverse_A_scene_000235,000000000000000025
Adverse_A_scene_000235_000000000000000045.png,Adverse_A_scene_000235_000000000000000045.txt,Adverse_A,Adverse_A_scene_000235,000000000000000045
Adverse_A_scene_000235_000000000000000065.png,Adverse_A_scene_000235_000000000000000065.txt,Adverse_A,Adverse_A_scene_000235,000000000000000065
Adverse_A_scene_000235_000000000000000085.png,Adverse_A_scene_000235_000000000000000085.txt,Adverse_A,Adverse_A_scene_000235,000000000000000085
Adverse_A_scene_000235_000000000000000105.png,Adverse_A_scene_000235_000000000000000105.txt,Adverse_A,Adverse_A_scene_000235,000000000000000105
Adverse_A_scene_000235_000000000000000125.png,Adverse_A_scene_000235_000000000000000125.txt,Adverse_A,Adverse_A_scene_000235,000000000000000125
Adverse_A_scene_000235_000000000000000145.png,Adverse_A_scene_000235_000000000000000145.txt,Adverse_A,Adverse_A_scene_000235,000000000000000145
Adverse_A_scene_000235_000000000000000165.png,Adverse_A_scene_000235_000000000000000165.txt,Adverse_A,Adverse_A_scene_000235,000000000000000165
Adverse_A_scene_000235_000000000000000185.png,Adverse_A_scene_000235_000000000000000185.txt,Adverse_A,Adverse_A_scene_000235,000000000000000185
Adverse_A_scene_000235_000000000000000205.png,Adverse_A_scene_000235_000000000000000205.txt,Adverse_A,Adverse_A_scene_000235,000000000000000205
Adverse_A_scene_000236_000000000000000025.png,Adverse_A_scene_000236_000000000000000025.txt,Adverse_A,Adverse_A_scene_000236,000000000000000025
Adverse_A_scene_000236_000000000000000045.png,Adverse_A_scene_000236_000000000000000045.txt,Adverse_A,Adverse_A_scene_000236,000000000000000045
Adverse_A_scene_000236_000000000000000065.png,Adverse_A_scene_000236_000000000000000065.txt,Adverse_A,Adverse_A_scene_000236,000000000000000065
Adverse_A_scene_000236_000000000000000085.png,Adverse_A_scene_000236_000000000000000085.txt,Adverse_A,Adverse_A_scene_000236,000000000000000085
Adverse_A_scene_000236_000000000000000105.png,Adverse_A_scene_000236_000000000000000105.txt,Adverse_A,Adverse_A_scene_000236,000000000000000105
Adverse_A_scene_000236_000000000000000125.png,Adverse_A_scene_000236_000000000000000125.txt,Adverse_A,Adverse_A_scene_000236,000000000000000125
Adverse_A_scene_000236_000000000000000145.png,Adverse_A_scene_000236_000000000000000145.txt,Adverse_A,Adverse_A_scene_000236,000000000000000145
Adverse_A_scene_000236_000000000000000165.png,Adverse_A_scene_000236_000000000000000165.txt,Adverse_A,Adverse_A_scene_000236,000000000000000165
Adverse_A_scene_000236_000000000000000185.png,Adverse_A_scene_000236_000000000000000185.txt,Adverse_A,Adverse_A_scene_000236,000000000000000185
Adverse_A_scene_000236_000000000000000205.png,Adverse_A_scene_000236_000000000000000205.txt,Adverse_A,Adverse_A_scene_000236,000000000000000205
Adverse_A_scene_000237_000000000000000025.png,Adverse_A_scene_000237_000000000000000025.txt,Adverse_A,Adverse_A_scene_000237,000000000000000025
Adverse_A_scene_000237_000000000000000045.png,Adverse_A_scene_000237_000000000000000045.txt,Adverse_A,Adverse_A_scene_000237,000000000000000045
Adverse_A_scene_000237_000000000000000065.png,Adverse_A_scene_000237_000000000000000065.txt,Adverse_A,Adverse_A_scene_000237,000000000000000065
Adverse_A_scene_000237_000000000000000085.png,Adverse_A_scene_000237_000000000000000085.txt,Adverse_A,Adverse_A_scene_000237,000000000000000085
Adverse_A_scene_000237_000000000000000105.png,Adverse_A_scene_000237_000000000000000105.txt,Adverse_A,Adverse_A_scene_000237,000000000000000105
Adverse_A_scene_000237_000000000000000125.png,Adverse_A_scene_000237_000000000000000125.txt,Adverse_A,Adverse_A_scene_000237,000000000000000125
Adverse_A_scene_000237_000000000000000145.png,Adverse_A_scene_000237_000000000000000145.txt,Adverse_A,Adverse_A_scene_000237,000000000000000145
Adverse_A_scene_000237_000000000000000165.png,Adverse_A_scene_000237_000000000000000165.txt,Adverse_A,Adverse_A_scene_000237,000000000000000165
Adverse_A_scene_000237_000000000000000185.png,Adverse_A_scene_000237_000000000000000185.txt,Adverse_A,Adverse_A_scene_000237,000000000000000185
Adverse_A_scene_000237_000000000000000205.png,Adverse_A_scene_000237_000000000000000205.txt,Adverse_A,Adverse_A_scene_000237,000000000000000205
Adverse_A_scene_000238_000000000000000025.png,Adverse_A_scene_000238_000000000000000025.txt,Adverse_A,Adverse_A_scene_000238,000000000000000025
Adverse_A_scene_000238_000000000000000045.png,Adverse_A_scene_000238_000000000000000045.txt,Adverse_A,Adverse_A_scene_000238,000000000000000045
Adverse_A_scene_000238_000000000000000065.png,Adverse_A_scene_000238_000000000000000065.txt,Adverse_A,Adverse_A_scene_000238,000000000000000065
Adverse_A_scene_000238_000000000000000085.png,Adverse_A_scene_000238_000000000000000085.txt,Adverse_A,Adverse_A_scene_000238,000000000000000085
Adverse_A_scene_000238_000000000000000105.png,Adverse_A_scene_000238_000000000000000105.txt,Adverse_A,Adverse_A_scene_000238,000000000000000105
Adverse_A_scene_000238_000000000000000125.png,Adverse_A_scene_000238_000000000000000125.txt,Adverse_A,Adverse_A_scene_000238,000000000000000125
Adverse_A_scene_000238_000000000000000145.png,Adverse_A_scene_000238_000000000000000145.txt,Adverse_A,Adverse_A_scene_000238,000000000000000145
Adverse_A_scene_000238_000000000000000165.png,Adverse_A_scene_000238_000000000000000165.txt,Adverse_A,Adverse_A_scene_000238,000000000000000165
Adverse_A_scene_000238_000000000000000185.png,Adverse_A_scene_000238_000000000000000185.txt,Adverse_A,Adverse_A_scene_000238,000000000000000185
Adverse_A_scene_000238_000000000000000205.png,Adverse_A_scene_000238_000000000000000205.txt,Adverse_A,Adverse_A_scene_000238,000000000000000205
Adverse_A_scene_000239_000000000000000025.png,Adverse_A_scene_000239_000000000000000025.txt,Adverse_A,Adverse_A_scene_000239,000000000000000025
Adverse_A_scene_000239_000000000000000045.png,Adverse_A_scene_000239_000000000000000045.txt,Adverse_A,Adverse_A_scene_000239,000000000000000045
Adverse_A_scene_000239_000000000000000065.png,Adverse_A_scene_000239_000000000000000065.txt,Adverse_A,Adverse_A_scene_000239,000000000000000065
Adverse_A_scene_000239_000000000000000085.png,Adverse_A_scene_000239_000000000000000085.txt,Adverse_A,Adverse_A_scene_000239,000000000000000085
Adverse_A_scene_000239_000000000000000105.png,Adverse_A_scene_000239_000000000000000105.txt,Adverse_A,Adverse_A_scene_000239,000000000000000105
Adverse_A_scene_000239_000000000000000125.png,Adverse_A_scene_000239_000000000000000125.txt,Adverse_A,Adverse_A_scene_000239,000000000000000125
Adverse_A_scene_000239_000000000000000145.png,Adverse_A_scene_000239_000000000000000145.txt,Adverse_A,Adverse_A_scene_000239,000000000000000145
Adverse_A_scene_000239_000000000000000165.png,Adverse_A_scene_000239_000000000000000165.txt,Adverse_A,Adverse_A_scene_000239,000000000000000165
Adverse_A_scene_000239_000000000000000185.png,Adverse_A_scene_000239_000000000000000185.txt,Adverse_A,Adverse_A_scene_000239,000000000000000185
Adverse_A_scene_000239_000000000000000205.png,Adverse_A_scene_000239_000000000000000205.txt,Adverse_A,Adverse_A_scene_000239,000000000000000205
Adverse_A_scene_000240_000000000000000025.png,Adverse_A_scene_000240_000000000000000025.txt,Adverse_A,Adverse_A_scene_000240,000000000000000025
Adverse_A_scene_000240_000000000000000045.png,Adverse_A_scene_000240_000000000000000045.txt,Adverse_A,Adverse_A_scene_000240,000000000000000045
Adverse_A_scene_000240_000000000000000065.png,Adverse_A_scene_000240_000000000000000065.txt,Adverse_A,Adverse_A_scene_000240,000000000000000065
Adverse_A_scene_000240_000000000000000085.png,Adverse_A_scene_000240_000000000000000085.txt,Adverse_A,Adverse_A_scene_000240,000000000000000085
Adverse_A_scene_000240_000000000000000105.png,Adverse_A_scene_000240_000000000000000105.txt,Adverse_A,Adverse_A_scene_000240,000000000000000105
Adverse_A_scene_000240_000000000000000125.png,Adverse_A_scene_000240_000000000000000125.txt,Adverse_A,Adverse_A_scene_000240,000000000000000125
Adverse_A_scene_000240_000000000000000145.png,Adverse_A_scene_000240_000000000000000145.txt,Adverse_A,Adverse_A_scene_000240,000000000000000145
Adverse_A_scene_000240_000000000000000165.png,Adverse_A_scene_000240_000000000000000165.txt,Adverse_A,Adverse_A_scene_000240,000000000000000165
Adverse_A_scene_000240_000000000000000185.png,Adverse_A_scene_000240_000000000000000185.txt,Adverse_A,Adverse_A_scene_000240,000000000000000185
Adverse_A_scene_000240_000000000000000205.png,Adverse_A_scene_000240_000000000000000205.txt,Adverse_A,Adverse_A_scene_000240,000000000000000205
Adverse_A_scene_000241_000000000000000025.png,Adverse_A_scene_000241_000000000000000025.txt,Adverse_A,Adverse_A_scene_000241,000000000000000025
Adverse_A_scene_000241_000000000000000045.png,Adverse_A_scene_000241_000000000000000045.txt,Adverse_A,Adverse_A_scene_000241,000000000000000045
Adverse_A_scene_000241_000000000000000065.png,Adverse_A_scene_000241_000000000000000065.txt,Adverse_A,Adverse_A_scene_000241,000000000000000065
Adverse_A_scene_000241_000000000000000085.png,Adverse_A_scene_000241_000000000000000085.txt,Adverse_A,Adverse_A_scene_000241,000000000000000085
Adverse_A_scene_000241_000000000000000105.png,Adverse_A_scene_000241_000000000000000105.txt,Adverse_A,Adverse_A_scene_000241,000000000000000105
Adverse_A_scene_000241_000000000000000125.png,Adverse_A_scene_000241_000000000000000125.txt,Adverse_A,Adverse_A_scene_000241,000000000000000125
Adverse_A_scene_000241_000000000000000145.png,Adverse_A_scene_000241_000000000000000145.txt,Adverse_A,Adverse_A_scene_000241,000000000000000145
Adverse_A_scene_000241_000000000000000165.png,Adverse_A_scene_000241_000000000000000165.txt,Adverse_A,Adverse_A_scene_000241,000000000000000165
Adverse_A_scene_000241_000000000000000185.png,Adverse_A_scene_000241_000000000000000185.txt,Adverse_A,Adverse_A_scene_000241,000000000000000185
Adverse_A_scene_000241_000000000000000205.png,Adverse_A_scene_000241_000000000000000205.txt,Adverse_A,Adverse_A_scene_000241,000000000000000205
Adverse_A_scene_000242_000000000000000025.png,Adverse_A_scene_000242_000000000000000025.txt,Adverse_A,Adverse_A_scene_000242,000000000000000025
Adverse_A_scene_000242_000000000000000045.png,Adverse_A_scene_000242_000000000000000045.txt,Adverse_A,Adverse_A_scene_000242,000000000000000045
Adverse_A_scene_000242_000000000000000065.png,Adverse_A_scene_000242_000000000000000065.txt,Adverse_A,Adverse_A_scene_000242,000000000000000065
Adverse_A_scene_000242_000000000000000085.png,Adverse_A_scene_000242_000000000000000085.txt,Adverse_A,Adverse_A_scene_000242,000000000000000085
Adverse_A_scene_000242_000000000000000105.png,Adverse_A_scene_000242_000000000000000105.txt,Adverse_A,Adverse_A_scene_000242,000000000000000105
Adverse_A_scene_000242_000000000000000125.png,Adverse_A_scene_000242_000000000000000125.txt,Adverse_A,Adverse_A_scene_000242,000000000000000125
Adverse_A_scene_000242_000000000000000145.png,Adverse_A_scene_000242_000000000000000145.txt,Adverse_A,Adverse_A_scene_000242,000000000000000145
Adverse_A_scene_000242_000000000000000165.png,Adverse_A_scene_000242_000000000000000165.txt,Adverse_A,Adverse_A_scene_000242,000000000000000165
Adverse_A_scene_000242_000000000000000185.png,Adverse_A_scene_000242_000000000000000185.txt,Adverse_A,Adverse_A_scene_000242,000000000000000185
Adverse_A_scene_000242_000000000000000205.png,Adverse_A_scene_000242_000000000000000205.txt,Adverse_A,Adverse_A_scene_000242,000000000000000205
Adverse_A_scene_000243_000000000000000025.png,Adverse_A_scene_000243_000000000000000025.txt,Adverse_A,Adverse_A_scene_000243,000000000000000025
Adverse_A_scene_000243_000000000000000045.png,Adverse_A_scene_000243_000000000000000045.txt,Adverse_A,Adverse_A_scene_000243,000000000000000045
Adverse_A_scene_000243_000000000000000065.png,Adverse_A_scene_000243_000000000000000065.txt,Adverse_A,Adverse_A_scene_000243,000000000000000065
Adverse_A_scene_000243_000000000000000085.png,Adverse_A_scene_000243_000000000000000085.txt,Adverse_A,Adverse_A_scene_000243,000000000000000085
Adverse_A_scene_000243_000000000000000105.png,Adverse_A_scene_000243_000000000000000105.txt,Adverse_A,Adverse_A_scene_000243,000000000000000105
Adverse_A_scene_000243_000000000000000125.png,Adverse_A_scene_000243_000000000000000125.txt,Adverse_A,Adverse_A_scene_000243,000000000000000125
Adverse_A_scene_000243_000000000000000145.png,Adverse_A_scene_000243_000000000000000145.txt,Adverse_A,Adverse_A_scene_000243,000000000000000145
Adverse_A_scene_000243_000000000000000165.png,Adverse_A_scene_000243_000000000000000165.txt,Adverse_A,Adverse_A_scene_000243,000000000000000165
Adverse_A_scene_000243_000000000000000185.png,Adverse_A_scene_000243_000000000000000185.txt,Adverse_A,Adverse_A_scene_000243,000000000000000185
Adverse_A_scene_000243_000000000000000205.png,Adverse_A_scene_000243_000000000000000205.txt,Adverse_A,Adverse_A_scene_000243,000000000000000205
Adverse_A_scene_000244_000000000000000025.png,Adverse_A_scene_000244_000000000000000025.txt,Adverse_A,Adverse_A_scene_000244,000000000000000025
Adverse_A_scene_000244_000000000000000045.png,Adverse_A_scene_000244_000000000000000045.txt,Adverse_A,Adverse_A_scene_000244,000000000000000045
Adverse_A_scene_000244_000000000000000065.png,Adverse_A_scene_000244_000000000000000065.txt,Adverse_A,Adverse_A_scene_000244,000000000000000065
Adverse_A_scene_000244_000000000000000085.png,Adverse_A_scene_000244_000000000000000085.txt,Adverse_A,Adverse_A_scene_000244,000000000000000085
Adverse_A_scene_000244_000000000000000105.png,Adverse_A_scene_000244_000000000000000105.txt,Adverse_A,Adverse_A_scene_000244,000000000000000105
Adverse_A_scene_000244_000000000000000125.png,Adverse_A_scene_000244_000000000000000125.txt,Adverse_A,Adverse_A_scene_000244,000000000000000125
Adverse_A_scene_000244_000000000000000145.png,Adverse_A_scene_000244_000000000000000145.txt,Adverse_A,Adverse_A_scene_000244,000000000000000145
Adverse_A_scene_000244_000000000000000165.png,Adverse_A_scene_000244_000000000000000165.txt,Adverse_A,Adverse_A_scene_000244,000000000000000165
Adverse_A_scene_000244_000000000000000185.png,Adverse_A_scene_000244_000000000000000185.txt,Adverse_A,Adverse_A_scene_000244,000000000000000185
Adverse_A_scene_000244_000000000000000205.png,Adverse_A_scene_000244_000000000000000205.txt,Adverse_A,Adverse_A_scene_000244,000000000000000205
Adverse_A_scene_000245_000000000000000025.png,Adverse_A_scene_000245_000000000000000025.txt,Adverse_A,Adverse_A_scene_000245,000000000000000025
Adverse_A_scene_000245_000000000000000045.png,Adverse_A_scene_000245_000000000000000045.txt,Adverse_A,Adverse_A_scene_000245,000000000000000045
Adverse_A_scene_000245_000000000000000065.png,Adverse_A_scene_000245_000000000000000065.txt,Adverse_A,Adverse_A_scene_000245,000000000000000065
Adverse_A_scene_000245_000000000000000085.png,Adverse_A_scene_000245_000000000000000085.txt,Adverse_A,Adverse_A_scene_000245,000000000000000085
Adverse_A_scene_000245_000000000000000105.png,Adverse_A_scene_000245_000000000000000105.txt,Adverse_A,Adverse_A_scene_000245,000000000000000105
Adverse_A_scene_000245_000000000000000125.png,Adverse_A_scene_000245_000000000000000125.txt,Adverse_A,Adverse_A_scene_000245,000000000000000125
Adverse_A_scene_000245_000000000000000145.png,Adverse_A_scene_000245_000000000000000145.txt,Adverse_A,Adverse_A_scene_000245,000000000000000145
Adverse_A_scene_000245_000000000000000165.png,Adverse_A_scene_000245_000000000000000165.txt,Adverse_A,Adverse_A_scene_000245,000000000000000165
Adverse_A_scene_000245_000000000000000185.png,Adverse_A_scene_000245_000000000000000185.txt,Adverse_A,Adverse_A_scene_000245,000000000000000185
Adverse_A_scene_000245_000000000000000205.png,Adverse_A_scene_000245_000000000000000205.txt,Adverse_A,Adverse_A_scene_000245,000000000000000205
Adverse_A_scene_000246_000000000000000025.png,Adverse_A_scene_000246_000000000000000025.txt,Adverse_A,Adverse_A_scene_000246,000000000000000025
Adverse_A_scene_000246_000000000000000045.png,Adverse_A_scene_000246_000000000000000045.txt,Adverse_A,Adverse_A_scene_000246,000000000000000045
Adverse_A_scene_000246_000000000000000065.png,Adverse_A_scene_000246_000000000000000065.txt,Adverse_A,Adverse_A_scene_000246,000000000000000065
Adverse_A_scene_000246_000000000000000085.png,Adverse_A_scene_000246_000000000000000085.txt,Adverse_A,Adverse_A_scene_000246,000000000000000085
Adverse_A_scene_000246_000000000000000105.png,Adverse_A_scene_000246_000000000000000105.txt,Adverse_A,Adverse_A_scene_000246,000000000000000105
Adverse_A_scene_000246_000000000000000125.png,Adverse_A_scene_000246_000000000000000125.txt,Adverse_A,Adverse_A_scene_000246,000000000000000125
Adverse_A_scene_000246_000000000000000145.png,Adverse_A_scene_000246_000000000000000145.txt,Adverse_A,Adverse_A_scene_000246,000000000000000145
Adverse_A_scene_000246_000000000000000165.png,Adverse_A_scene_000246_000000000000000165.txt,Adverse_A,Adverse_A_scene_000246,000000000000000165
Adverse_A_scene_000246_000000000000000185.png,Adverse_A_scene_000246_000000000000000185.txt,Adverse_A,Adverse_A_scene_000246,000000000000000185
Adverse_A_scene_000246_000000000000000205.png,Adverse_A_scene_000246_000000000000000205.txt,Adverse_A,Adverse_A_scene_000246,000000000000000205
Adverse_A_scene_000247_000000000000000025.png,Adverse_A_scene_000247_000000000000000025.txt,Adverse_A,Adverse_A_scene_000247,000000000000000025
Adverse_A_scene_000247_000000000000000045.png,Adverse_A_scene_000247_000000000000000045.txt,Adverse_A,Adverse_A_scene_000247,000000000000000045
Adverse_A_scene_000247_000000000000000065.png,Adverse_A_scene_000247_000000000000000065.txt,Adverse_A,Adverse_A_scene_000247,000000000000000065
Adverse_A_scene_000247_000000000000000085.png,Adverse_A_scene_000247_000000000000000085.txt,Adverse_A,Adverse_A_scene_000247,000000000000000085
Adverse_A_scene_000247_000000000000000105.png,Adverse_A_scene_000247_000000000000000105.txt,Adverse_A,Adverse_A_scene_000247,000000000000000105
Adverse_A_scene_000247_000000000000000125.png,Adverse_A_scene_000247_000000000000000125.txt,Adverse_A,Adverse_A_scene_000247,000000000000000125
Adverse_A_scene_000247_000000000000000145.png,Adverse_A_scene_000247_000000000000000145.txt,Adverse_A,Adverse_A_scene_000247,000000000000000145
Adverse_A_scene_000247_000000000000000165.png,Adverse_A_scene_000247_000000000000000165.txt,Adverse_A,Adverse_A_scene_000247,000000000000000165
Adverse_A_scene_000247_000000000000000185.png,Adverse_A_scene_000247_000000000000000185.txt,Adverse_A,Adverse_A_scene_000247,000000000000000185
Adverse_A_scene_000247_000000000000000205.png,Adverse_A_scene_000247_000000000000000205.txt,Adverse_A,Adverse_A_scene_000247,000000000000000205
Adverse_A_scene_000248_000000000000000025.png,Adverse_A_scene_000248_000000000000000025.txt,Adverse_A,Adverse_A_scene_000248,000000000000000025
Adverse_A_scene_000248_000000000000000045.png,Adverse_A_scene_000248_000000000000000045.txt,Adverse_A,Adverse_A_scene_000248,000000000000000045
Adverse_A_scene_000248_000000000000000065.png,Adverse_A_scene_000248_000000000000000065.txt,Adverse_A,Adverse_A_scene_000248,000000000000000065
Adverse_A_scene_000248_000000000000000085.png,Adverse_A_scene_000248_000000000000000085.txt,Adverse_A,Adverse_A_scene_000248,000000000000000085
Adverse_A_scene_000248_000000000000000105.png,Adverse_A_scene_000248_000000000000000105.txt,Adverse_A,Adverse_A_scene_000248,000000000000000105
Adverse_A_scene_000248_000000000000000125.png,Adverse_A_scene_000248_000000000000000125.txt,Adverse_A,Adverse_A_scene_000248,000000000000000125
Adverse_A_scene_000248_000000000000000145.png,Adverse_A_scene_000248_000000000000000145.txt,Adverse_A,Adverse_A_scene_000248,000000000000000145
Adverse_A_scene_000248_000000000000000165.png,Adverse_A_scene_000248_000000000000000165.txt,Adverse_A,Adverse_A_scene_000248,000000000000000165
Adverse_A_scene_000248_000000000000000185.png,Adverse_A_scene_000248_000000000000000185.txt,Adverse_A,Adverse_A_scene_000248,000000000000000185
Adverse_A_scene_000248_000000000000000205.png,Adverse_A_scene_000248_000000000000000205.txt,Adverse_A,Adverse_A_scene_000248,000000000000000205
Adverse_A_scene_000249_000000000000000025.png,Adverse_A_scene_000249_000000000000000025.txt,Adverse_A,Adverse_A_scene_000249,000000000000000025
Adverse_A_scene_000249_000000000000000045.png,Adverse_A_scene_000249_000000000000000045.txt,Adverse_A,Adverse_A_scene_000249,000000000000000045
Adverse_A_scene_000249_000000000000000065.png,Adverse_A_scene_000249_000000000000000065.txt,Adverse_A,Adverse_A_scene_000249,000000000000000065
Adverse_A_scene_000249_000000000000000085.png,Adverse_A_scene_000249_000000000000000085.txt,Adverse_A,Adverse_A_scene_000249,000000000000000085
Adverse_A_scene_000249_000000000000000105.png,Adverse_A_scene_000249_000000000000000105.txt,Adverse_A,Adverse_A_scene_000249,000000000000000105
Adverse_A_scene_000249_000000000000000125.png,Adverse_A_scene_000249_000000000000000125.txt,Adverse_A,Adverse_A_scene_000249,000000000000000125
Adverse_A_scene_000249_000000000000000145.png,Adverse_A_scene_000249_000000000000000145.txt,Adverse_A,Adverse_A_scene_000249,000000000000000145
Adverse_A_scene_000249_000000000000000165.png,Adverse_A_scene_000249_000000000000000165.txt,Adverse_A,Adverse_A_scene_000249,000000000000000165
Adverse_A_scene_000249_000000000000000185.png,Adverse_A_scene_000249_000000000000000185.txt,Adverse_A,Adverse_A_scene_000249,000000000000000185
Adverse_A_scene_000249_000000000000000205.png,Adverse_A_scene_000249_000000000000000205.txt,Adverse_A,Adverse_A_scene_000249,000000000000000205
Adverse_A_scene_000250_000000000000000025.png,Adverse_A_scene_000250_000000000000000025.txt,Adverse_A,Adverse_A_scene_000250,000000000000000025
Adverse_A_scene_000250_000000000000000045.png,Adverse_A_scene_000250_000000000000000045.txt,Adverse_A,Adverse_A_scene_000250,000000000000000045
Adverse_A_scene_000250_000000000000000065.png,Adverse_A_scene_000250_000000000000000065.txt,Adverse_A,Adverse_A_scene_000250,000000000000000065
Adverse_A_scene_000250_000000000000000085.png,Adverse_A_scene_000250_000000000000000085.txt,Adverse_A,Adverse_A_scene_000250,000000000000000085
Adverse_A_scene_000250_000000000000000105.png,Adverse_A_scene_000250_000000000000000105.txt,Adverse_A,Adverse_A_scene_000250,000000000000000105
Adverse_A_scene_000250_000000000000000125.png,Adverse_A_scene_000250_000000000000000125.txt,Adverse_A,Adverse_A_scene_000250,000000000000000125
Adverse_A_scene_000250_000000000000000145.png,Adverse_A_scene_000250_000000000000000145.txt,Adverse_A,Adverse_A_scene_000250,000000000000000145
Adverse_A_scene_000250_000000000000000165.png,Adverse_A_scene_000250_000000000000000165.txt,Adverse_A,Adverse_A_scene_000250,000000000000000165
Adverse_A_scene_000250_000000000000000185.png,Adverse_A_scene_000250_000000000000000185.txt,Adverse_A,Adverse_A_scene_000250,000000000000000185
Adverse_A_scene_000250_000000000000000205.png,Adverse_A_scene_000250_000000000000000205.txt,Adverse_A,Adverse_A_scene_000250,000000000000000205
Adverse_A_scene_000251_000000000000000025.png,Adverse_A_scene_000251_000000000000000025.txt,Adverse_A,Adverse_A_scene_000251,000000000000000025
Adverse_A_scene_000251_000000000000000045.png,Adverse_A_scene_000251_000000000000000045.txt,Adverse_A,Adverse_A_scene_000251,000000000000000045
Adverse_A_scene_000251_000000000000000065.png,Adverse_A_scene_000251_000000000000000065.txt,Adverse_A,Adverse_A_scene_000251,000000000000000065
Adverse_A_scene_000251_000000000000000085.png,Adverse_A_scene_000251_000000000000000085.txt,Adverse_A,Adverse_A_scene_000251,000000000000000085
Adverse_A_scene_000251_000000000000000105.png,Adverse_A_scene_000251_000000000000000105.txt,Adverse_A,Adverse_A_scene_000251,000000000000000105
Adverse_A_scene_000251_000000000000000125.png,Adverse_A_scene_000251_000000000000000125.txt,Adverse_A,Adverse_A_scene_000251,000000000000000125
Adverse_A_scene_000251_000000000000000145.png,Adverse_A_scene_000251_000000000000000145.txt,Adverse_A,Adverse_A_scene_000251,000000000000000145
Adverse_A_scene_000251_000000000000000165.png,Adverse_A_scene_000251_000000000000000165.txt,Adverse_A,Adverse_A_scene_000251,000000000000000165
Adverse_A_scene_000251_000000000000000185.png,Adverse_A_scene_000251_000000000000000185.txt,Adverse_A,Adverse_A_scene_000251,000000000000000185
Adverse_A_scene_000251_000000000000000205.png,Adverse_A_scene_000251_000000000000000205.txt,Adverse_A,Adverse_A_scene_000251,000000000000000205
Adverse_A_scene_000252_000000000000000025.png,Adverse_A_scene_000252_000000000000000025.txt,Adverse_A,Adverse_A_scene_000252,000000000000000025
Adverse_A_scene_000252_000000000000000045.png,Adverse_A_scene_000252_000000000000000045.txt,Adverse_A,Adverse_A_scene_000252,000000000000000045
Adverse_A_scene_000252_000000000000000065.png,Adverse_A_scene_000252_000000000000000065.txt,Adverse_A,Adverse_A_scene_000252,000000000000000065
Adverse_A_scene_000252_000000000000000085.png,Adverse_A_scene_000252_000000000000000085.txt,Adverse_A,Adverse_A_scene_000252,000000000000000085
Adverse_A_scene_000252_000000000000000105.png,Adverse_A_scene_000252_000000000000000105.txt,Adverse_A,Adverse_A_scene_000252,000000000000000105
Adverse_A_scene_000252_000000000000000125.png,Adverse_A_scene_000252_000000000000000125.txt,Adverse_A,Adverse_A_scene_000252,000000000000000125
Adverse_A_scene_000252_000000000000000145.png,Adverse_A_scene_000252_000000000000000145.txt,Adverse_A,Adverse_A_scene_000252,000000000000000145
Adverse_A_scene_000252_000000000000000165.png,Adverse_A_scene_000252_000000000000000165.txt,Adverse_A,Adverse_A_scene_000252,000000000000000165
Adverse_A_scene_000252_000000000000000185.png,Adverse_A_scene_000252_000000000000000185.txt,Adverse_A,Adverse_A_scene_000252,000000000000000185
Adverse_A_scene_000252_000000000000000205.png,Adverse_A_scene_000252_000000000000000205.txt,Adverse_A,Adverse_A_scene_000252,000000000000000205
Adverse_A_scene_000253_000000000000000025.png,Adverse_A_scene_000253_000000000000000025.txt,Adverse_A,Adverse_A_scene_000253,000000000000000025
Adverse_A_scene_000253_000000000000000045.png,Adverse_A_scene_000253_000000000000000045.txt,Adverse_A,Adverse_A_scene_000253,000000000000000045
Adverse_A_scene_000253_000000000000000065.png,Adverse_A_scene_000253_000000000000000065.txt,Adverse_A,Adverse_A_scene_000253,000000000000000065
Adverse_A_scene_000253_000000000000000085.png,Adverse_A_scene_000253_000000000000000085.txt,Adverse_A,Adverse_A_scene_000253,000000000000000085
Adverse_A_scene_000253_000000000000000105.png,Adverse_A_scene_000253_000000000000000105.txt,Adverse_A,Adverse_A_scene_000253,000000000000000105
Adverse_A_scene_000253_000000000000000125.png,Adverse_A_scene_000253_000000000000000125.txt,Adverse_A,Adverse_A_scene_000253,000000000000000125
Adverse_A_scene_000253_000000000000000145.png,Adverse_A_scene_000253_000000000000000145.txt,Adverse_A,Adverse_A_scene_000253,000000000000000145
Adverse_A_scene_000253_000000000000000165.png,Adverse_A_scene_000253_000000000000000165.txt,Adverse_A,Adverse_A_scene_000253,000000000000000165
Adverse_A_scene_000253_000000000000000185.png,Adverse_A_scene_000253_000000000000000185.txt,Adverse_A,Adverse_A_scene_000253,000000000000000185
Adverse_A_scene_000253_000000000000000205.png,Adverse_A_scene_000253_000000000000000205.txt,Adverse_A,Adverse_A_scene_000253,000000000000000205
Adverse_A_scene_000254_000000000000000025.png,Adverse_A_scene_000254_000000000000000025.txt,Adverse_A,Adverse_A_scene_000254,000000000000000025
Adverse_A_scene_000254_000000000000000045.png,Adverse_A_scene_000254_000000000000000045.txt,Adverse_A,Adverse_A_scene_000254,000000000000000045
Adverse_A_scene_000254_000000000000000065.png,Adverse_A_scene_000254_000000000000000065.txt,Adverse_A,Adverse_A_scene_000254,000000000000000065
Adverse_A_scene_000254_000000000000000085.png,Adverse_A_scene_000254_000000000000000085.txt,Adverse_A,Adverse_A_scene_000254,000000000000000085
Adverse_A_scene_000254_000000000000000105.png,Adverse_A_scene_000254_000000000000000105.txt,Adverse_A,Adverse_A_scene_000254,000000000000000105
Adverse_A_scene_000254_000000000000000125.png,Adverse_A_scene_000254_000000000000000125.txt,Adverse_A,Adverse_A_scene_000254,000000000000000125
Adverse_A_scene_000254_000000000000000145.png,Adverse_A_scene_000254_000000000000000145.txt,Adverse_A,Adverse_A_scene_000254,000000000000000145
Adverse_A_scene_000254_000000000000000165.png,Adverse_A_scene_000254_000000000000000165.txt,Adverse_A,Adverse_A_scene_000254,000000000000000165
Adverse_A_scene_000254_000000000000000185.png,Adverse_A_scene_000254_000000000000000185.txt,Adverse_A,Adverse_A_scene_000254,000000000000000185
Adverse_A_scene_000254_000000000000000205.png,Adverse_A_scene_000254_000000000000000205.txt,Adverse_A,Adverse_A_scene_000254,000000000000000205
Adverse_A_scene_000255_000000000000000025.png,Adverse_A_scene_000255_000000000000000025.txt,Adverse_A,Adverse_A_scene_000255,000000000000000025
Adverse_A_scene_000255_000000000000000045.png,Adverse_A_scene_000255_000000000000000045.txt,Adverse_A,Adverse_A_scene_000255,000000000000000045
Adverse_A_scene_000255_000000000000000065.png,Adverse_A_scene_000255_000000000000000065.txt,Adverse_A,Adverse_A_scene_000255,000000000000000065
Adverse_A_scene_000255_000000000000000085.png,Adverse_A_scene_000255_000000000000000085.txt,Adverse_A,Adverse_A_scene_000255,000000000000000085
Adverse_A_scene_000255_000000000000000105.png,Adverse_A_scene_000255_000000000000000105.txt,Adverse_A,Adverse_A_scene_000255,000000000000000105
Adverse_A_scene_000255_000000000000000125.png,Adverse_A_scene_000255_000000000000000125.txt,Adverse_A,Adverse_A_scene_000255,000000000000000125
Adverse_A_scene_000255_000000000000000145.png,Adverse_A_scene_000255_000000000000000145.txt,Adverse_A,Adverse_A_scene_000255,000000000000000145
Adverse_A_scene_000255_000000000000000165.png,Adverse_A_scene_000255_000000000000000165.txt,Adverse_A,Adverse_A_scene_000255,000000000000000165
Adverse_A_scene_000255_000000000000000185.png,Adverse_A_scene_000255_000000000000000185.txt,Adverse_A,Adverse_A_scene_000255,000000000000000185
Adverse_A_scene_000255_000000000000000205.png,Adverse_A_scene_000255_000000000000000205.txt,Adverse_A,Adverse_A_scene_000255,000000000000000205
Adverse_A_scene_000256_000000000000000025.png,Adverse_A_scene_000256_000000000000000025.txt,Adverse_A,Adverse_A_scene_000256,000000000000000025
Adverse_A_scene_000256_000000000000000045.png,Adverse_A_scene_000256_000000000000000045.txt,Adverse_A,Adverse_A_scene_000256,000000000000000045
Adverse_A_scene_000256_000000000000000065.png,Adverse_A_scene_000256_000000000000000065.txt,Adverse_A,Adverse_A_scene_000256,000000000000000065
Adverse_A_scene_000256_000000000000000085.png,Adverse_A_scene_000256_000000000000000085.txt,Adverse_A,Adverse_A_scene_000256,000000000000000085
Adverse_A_scene_000256_000000000000000105.png,Adverse_A_scene_000256_000000000000000105.txt,Adverse_A,Adverse_A_scene_000256,000000000000000105
Adverse_A_scene_000256_000000000000000125.png,Adverse_A_scene_000256_000000000000000125.txt,Adverse_A,Adverse_A_scene_000256,000000000000000125
Adverse_A_scene_000256_000000000000000145.png,Adverse_A_scene_000256_000000000000000145.txt,Adverse_A,Adverse_A_scene_000256,000000000000000145
Adverse_A_scene_000256_000000000000000165.png,Adverse_A_scene_000256_000000000000000165.txt,Adverse_A,Adverse_A_scene_000256,000000000000000165
Adverse_A_scene_000256_000000000000000185.png,Adverse_A_scene_000256_000000000000000185.txt,Adverse_A,Adverse_A_scene_000256,000000000000000185
Adverse_A_scene_000256_000000000000000205.png,Adverse_A_scene_000256_000000000000000205.txt,Adverse_A,Adverse_A_scene_000256,000000000000000205
Adverse_A_scene_000257_000000000000000025.png,Adverse_A_scene_000257_000000000000000025.txt,Adverse_A,Adverse_A_scene_000257,000000000000000025
Adverse_A_scene_000257_000000000000000045.png,Adverse_A_scene_000257_000000000000000045.txt,Adverse_A,Adverse_A_scene_000257,000000000000000045
Adverse_A_scene_000257_000000000000000065.png,Adverse_A_scene_000257_000000000000000065.txt,Adverse_A,Adverse_A_scene_000257,000000000000000065
Adverse_A_scene_000257_000000000000000085.png,Adverse_A_scene_000257_000000000000000085.txt,Adverse_A,Adverse_A_scene_000257,000000000000000085
Adverse_A_scene_000257_000000000000000105.png,Adverse_A_scene_000257_000000000000000105.txt,Adverse_A,Adverse_A_scene_000257,000000000000000105
Adverse_A_scene_000257_000000000000000125.png,Adverse_A_scene_000257_000000000000000125.txt,Adverse_A,Adverse_A_scene_000257,000000000000000125
Adverse_A_scene_000257_000000000000000145.png,Adverse_A_scene_000257_000000000000000145.txt,Adverse_A,Adverse_A_scene_000257,000000000000000145
Adverse_A_scene_000257_000000000000000165.png,Adverse_A_scene_000257_000000000000000165.txt,Adverse_A,Adverse_A_scene_000257,000000000000000165
Adverse_A_scene_000257_000000000000000185.png,Adverse_A_scene_000257_000000000000000185.txt,Adverse_A,Adverse_A_scene_000257,000000000000000185
Adverse_A_scene_000257_000000000000000205.png,Adverse_A_scene_000257_000000000000000205.txt,Adverse_A,Adverse_A_scene_000257,000000000000000205
Adverse_A_scene_000258_000000000000000025.png,Adverse_A_scene_000258_000000000000000025.txt,Adverse_A,Adverse_A_scene_000258,000000000000000025
Adverse_A_scene_000258_000000000000000045.png,Adverse_A_scene_000258_000000000000000045.txt,Adverse_A,Adverse_A_scene_000258,000000000000000045
Adverse_A_scene_000258_000000000000000065.png,Adverse_A_scene_000258_000000000000000065.txt,Adverse_A,Adverse_A_scene_000258,000000000000000065
Adverse_A_scene_000258_000000000000000085.png,Adverse_A_scene_000258_000000000000000085.txt,Adverse_A,Adverse_A_scene_000258,000000000000000085
Adverse_A_scene_000258_000000000000000105.png,Adverse_A_scene_000258_000000000000000105.txt,Adverse_A,Adverse_A_scene_000258,000000000000000105
Adverse_A_scene_000258_000000000000000125.png,Adverse_A_scene_000258_000000000000000125.txt,Adverse_A,Adverse_A_scene_000258,000000000000000125
Adverse_A_scene_000258_000000000000000145.png,Adverse_A_scene_000258_000000000000000145.txt,Adverse_A,Adverse_A_scene_000258,000000000000000145
Adverse_A_scene_000258_000000000000000165.png,Adverse_A_scene_000258_000000000000000165.txt,Adverse_A,Adverse_A_scene_000258,000000000000000165
Adverse_A_scene_000258_000000000000000185.png,Adverse_A_scene_000258_000000000000000185.txt,Adverse_A,Adverse_A_scene_000258,000000000000000185
Adverse_A_scene_000258_000000000000000205.png,Adverse_A_scene_000258_000000000000000205.txt,Adverse_A,Adverse_A_scene_000258,000000000000000205
Adverse_A_scene_000259_000000000000000025.png,Adverse_A_scene_000259_000000000000000025.txt,Adverse_A,Adverse_A_scene_000259,000000000000000025
Adverse_A_scene_000259_000000000000000045.png,Adverse_A_scene_000259_000000000000000045.txt,Adverse_A,Adverse_A_scene_000259,000000000000000045
Adverse_A_scene_000259_000000000000000065.png,Adverse_A_scene_000259_000000000000000065.txt,Adverse_A,Adverse_A_scene_000259,000000000000000065
Adverse_A_scene_000259_000000000000000085.png,Adverse_A_scene_000259_000000000000000085.txt,Adverse_A,Adverse_A_scene_000259,000000000000000085
Adverse_A_scene_000259_000000000000000105.png,Adverse_A_scene_000259_000000000000000105.txt,Adverse_A,Adverse_A_scene_000259,000000000000000105
Adverse_A_scene_000259_000000000000000125.png,Adverse_A_scene_000259_000000000000000125.txt,Adverse_A,Adverse_A_scene_000259,000000000000000125
Adverse_A_scene_000259_000000000000000145.png,Adverse_A_scene_000259_000000000000000145.txt,Adverse_A,Adverse_A_scene_000259,000000000000000145
Adverse_A_scene_000259_000000000000000165.png,Adverse_A_scene_000259_000000000000000165.txt,Adverse_A,Adverse_A_scene_000259,000000000000000165
Adverse_A_scene_000259_000000000000000185.png,Adverse_A_scene_000259_000000000000000185.txt,Adverse_A,Adverse_A_scene_000259,000000000000000185
Adverse_A_scene_000259_000000000000000205.png,Adverse_A_scene_000259_000000000000000205.txt,Adverse_A,Adverse_A_scene_000259,000000000000000205
Adverse_B_scene_000000_000000000000000025.png,Adverse_B_scene_000000_000000000000000025.txt,Adverse_B,Adverse_B_scene_000000,000000000000000025
Adverse_B_scene_000000_000000000000000045.png,Adverse_B_scene_000000_000000000000000045.txt,Adverse_B,Adverse_B_scene_000000,000000000000000045
Adverse_B_scene_000000_000000000000000065.png,Adverse_B_scene_000000_000000000000000065.txt,Adverse_B,Adverse_B_scene_000000,000000000000000065
Adverse_B_scene_000000_000000000000000085.png,Adverse_B_scene_000000_000000000000000085.txt,Adverse_B,Adverse_B_scene_000000,000000000000000085
Adverse_B_scene_000000_000000000000000105.png,Adverse_B_scene_000000_000000000000000105.txt,Adverse_B,Adverse_B_scene_000000,000000000000000105
Adverse_B_scene_000000_000000000000000125.png,Adverse_B_scene_000000_000000000000000125.txt,Adverse_B,Adverse_B_scene_000000,000000000000000125
Adverse_B_scene_000000_000000000000000145.png,Adverse_B_scene_000000_000000000000000145.txt,Adverse_B,Adverse_B_scene_000000,000000000000000145
Adverse_B_scene_000000_000000000000000165.png,Adverse_B_scene_000000_000000000000000165.txt,Adverse_B,Adverse_B_scene_000000,000000000000000165
Adverse_B_scene_000000_000000000000000185.png,Adverse_B_scene_000000_000000000000000185.txt,Adverse_B,Adverse_B_scene_000000,000000000000000185
Adverse_B_scene_000000_000000000000000205.png,Adverse_B_scene_000000_000000000000000205.txt,Adverse_B,Adverse_B_scene_000000,000000000000000205
Adverse_B_scene_000001_000000000000000025.png,Adverse_B_scene_000001_000000000000000025.txt,Adverse_B,Adverse_B_scene_000001,000000000000000025
Adverse_B_scene_000001_000000000000000045.png,Adverse_B_scene_000001_000000000000000045.txt,Adverse_B,Adverse_B_scene_000001,000000000000000045
Adverse_B_scene_000001_000000000000000065.png,Adverse_B_scene_000001_000000000000000065.txt,Adverse_B,Adverse_B_scene_000001,000000000000000065
Adverse_B_scene_000001_000000000000000085.png,Adverse_B_scene_000001_000000000000000085.txt,Adverse_B,Adverse_B_scene_000001,000000000000000085
Adverse_B_scene_000001_000000000000000105.png,Adverse_B_scene_000001_000000000000000105.txt,Adverse_B,Adverse_B_scene_000001,000000000000000105
Adverse_B_scene_000001_000000000000000125.png,Adverse_B_scene_000001_000000000000000125.txt,Adverse_B,Adverse_B_scene_000001,000000000000000125
Adverse_B_scene_000001_000000000000000145.png,Adverse_B_scene_000001_000000000000000145.txt,Adverse_B,Adverse_B_scene_000001,000000000000000145
Adverse_B_scene_000001_000000000000000165.png,Adverse_B_scene_000001_000000000000000165.txt,Adverse_B,Adverse_B_scene_000001,000000000000000165
Adverse_B_scene_000001_000000000000000185.png,Adverse_B_scene_000001_000000000000000185.txt,Adverse_B,Adverse_B_scene_000001,000000000000000185
Adverse_B_scene_000001_000000000000000205.png,Adverse_B_scene_000001_000000000000000205.txt,Adverse_B,Adverse_B_scene_000001,000000000000000205
Adverse_B_scene_000002_000000000000000025.png,Adverse_B_scene_000002_000000000000000025.txt,Adverse_B,Adverse_B_scene_000002,000000000000000025
Adverse_B_scene_000002_000000000000000045.png,Adverse_B_scene_000002_000000000000000045.txt,Adverse_B,Adverse_B_scene_000002,000000000000000045
Adverse_B_scene_000002_000000000000000065.png,Adverse_B_scene_000002_000000000000000065.txt,Adverse_B,Adverse_B_scene_000002,000000000000000065
Adverse_B_scene_000002_000000000000000085.png,Adverse_B_scene_000002_000000000000000085.txt,Adverse_B,Adverse_B_scene_000002,000000000000000085
Adverse_B_scene_000002_000000000000000105.png,Adverse_B_scene_000002_000000000000000105.txt,Adverse_B,Adverse_B_scene_000002,000000000000000105
Adverse_B_scene_000002_000000000000000125.png,Adverse_B_scene_000002_000000000000000125.txt,Adverse_B,Adverse_B_scene_000002,000000000000000125
Adverse_B_scene_000002_000000000000000145.png,Adverse_B_scene_000002_000000000000000145.txt,Adverse_B,Adverse_B_scene_000002,000000000000000145
Adverse_B_scene_000002_000000000000000165.png,Adverse_B_scene_000002_000000000000000165.txt,Adverse_B,Adverse_B_scene_000002,000000000000000165
Adverse_B_scene_000002_000000000000000185.png,Adverse_B_scene_000002_000000000000000185.txt,Adverse_B,Adverse_B_scene_000002,000000000000000185
Adverse_B_scene_000002_000000000000000205.png,Adverse_B_scene_000002_000000000000000205.txt,Adverse_B,Adverse_B_scene_000002,000000000000000205
Adverse_B_scene_000003_000000000000000025.png,Adverse_B_scene_000003_000000000000000025.txt,Adverse_B,Adverse_B_scene_000003,000000000000000025
Adverse_B_scene_000003_000000000000000045.png,Adverse_B_scene_000003_000000000000000045.txt,Adverse_B,Adverse_B_scene_000003,000000000000000045
Adverse_B_scene_000003_000000000000000065.png,Adverse_B_scene_000003_000000000000000065.txt,Adverse_B,Adverse_B_scene_000003,000000000000000065
Adverse_B_scene_000003_000000000000000085.png,Adverse_B_scene_000003_000000000000000085.txt,Adverse_B,Adverse_B_scene_000003,000000000000000085
Adverse_B_scene_000003_000000000000000105.png,Adverse_B_scene_000003_000000000000000105.txt,Adverse_B,Adverse_B_scene_000003,000000000000000105
Adverse_B_scene_000003_000000000000000125.png,Adverse_B_scene_000003_000000000000000125.txt,Adverse_B,Adverse_B_scene_000003,000000000000000125
Adverse_B_scene_000003_000000000000000145.png,Adverse_B_scene_000003_000000000000000145.txt,Adverse_B,Adverse_B_scene_000003,000000000000000145
Adverse_B_scene_000003_000000000000000165.png,Adverse_B_scene_000003_000000000000000165.txt,Adverse_B,Adverse_B_scene_000003,000000000000000165
Adverse_B_scene_000003_000000000000000185.png,Adverse_B_scene_000003_000000000000000185.txt,Adverse_B,Adverse_B_scene_000003,000000000000000185
Adverse_B_scene_000003_000000000000000205.png,Adverse_B_scene_000003_000000000000000205.txt,Adverse_B,Adverse_B_scene_000003,000000000000000205
Adverse_B_scene_000004_000000000000000025.png,Adverse_B_scene_000004_000000000000000025.txt,Adverse_B,Adverse_B_scene_000004,000000000000000025
Adverse_B_scene_000004_000000000000000045.png,Adverse_B_scene_000004_000000000000000045.txt,Adverse_B,Adverse_B_scene_000004,000000000000000045
Adverse_B_scene_000004_000000000000000065.png,Adverse_B_scene_000004_000000000000000065.txt,Adverse_B,Adverse_B_scene_000004,000000000000000065
Adverse_B_scene_000004_000000000000000085.png,Adverse_B_scene_000004_000000000000000085.txt,Adverse_B,Adverse_B_scene_000004,000000000000000085
Adverse_B_scene_000004_000000000000000105.png,Adverse_B_scene_000004_000000000000000105.txt,Adverse_B,Adverse_B_scene_000004,000000000000000105
Adverse_B_scene_000004_000000000000000125.png,Adverse_B_scene_000004_000000000000000125.txt,Adverse_B,Adverse_B_scene_000004,000000000000000125
Adverse_B_scene_000004_000000000000000145.png,Adverse_B_scene_000004_000000000000000145.txt,Adverse_B,Adverse_B_scene_000004,000000000000000145
Adverse_B_scene_000004_000000000000000165.png,Adverse_B_scene_000004_000000000000000165.txt,Adverse_B,Adverse_B_scene_000004,000000000000000165
Adverse_B_scene_000004_000000000000000185.png,Adverse_B_scene_000004_000000000000000185.txt,Adverse_B,Adverse_B_scene_000004,000000000000000185
Adverse_B_scene_000004_000000000000000205.png,Adverse_B_scene_000004_000000000000000205.txt,Adverse_B,Adverse_B_scene_000004,000000000000000205
Adverse_B_scene_000010_000000000000000025.png,Adverse_B_scene_000010_000000000000000025.txt,Adverse_B,Adverse_B_scene_000010,000000000000000025
Adverse_B_scene_000010_000000000000000045.png,Adverse_B_scene_000010_000000000000000045.txt,Adverse_B,Adverse_B_scene_000010,000000000000000045
Adverse_B_scene_000010_000000000000000065.png,Adverse_B_scene_000010_000000000000000065.txt,Adverse_B,Adverse_B_scene_000010,000000000000000065
Adverse_B_scene_000010_000000000000000085.png,Adverse_B_scene_000010_000000000000000085.txt,Adverse_B,Adverse_B_scene_000010,000000000000000085
Adverse_B_scene_000010_000000000000000105.png,Adverse_B_scene_000010_000000000000000105.txt,Adverse_B,Adverse_B_scene_000010,000000000000000105
Adverse_B_scene_000010_000000000000000125.png,Adverse_B_scene_000010_000000000000000125.txt,Adverse_B,Adverse_B_scene_000010,000000000000000125
Adverse_B_scene_000010_000000000000000145.png,Adverse_B_scene_000010_000000000000000145.txt,Adverse_B,Adverse_B_scene_000010,000000000000000145
Adverse_B_scene_000010_000000000000000165.png,Adverse_B_scene_000010_000000000000000165.txt,Adverse_B,Adverse_B_scene_000010,000000000000000165
Adverse_B_scene_000010_000000000000000185.png,Adverse_B_scene_000010_000000000000000185.txt,Adverse_B,Adverse_B_scene_000010,000000000000000185
Adverse_B_scene_000010_000000000000000205.png,Adverse_B_scene_000010_000000000000000205.txt,Adverse_B,Adverse_B_scene_000010,000000000000000205
Adverse_B_scene_000011_000000000000000025.png,Adverse_B_scene_000011_000000000000000025.txt,Adverse_B,Adverse_B_scene_000011,000000000000000025
Adverse_B_scene_000011_000000000000000045.png,Adverse_B_scene_000011_000000000000000045.txt,Adverse_B,Adverse_B_scene_000011,000000000000000045
Adverse_B_scene_000011_000000000000000065.png,Adverse_B_scene_000011_000000000000000065.txt,Adverse_B,Adverse_B_scene_000011,000000000000000065
Adverse_B_scene_000011_000000000000000085.png,Adverse_B_scene_000011_000000000000000085.txt,Adverse_B,Adverse_B_scene_000011,000000000000000085
Adverse_B_scene_000011_000000000000000105.png,Adverse_B_scene_000011_000000000000000105.txt,Adverse_B,Adverse_B_scene_000011,000000000000000105
Adverse_B_scene_000011_000000000000000125.png,Adverse_B_scene_000011_000000000000000125.txt,Adverse_B,Adverse_B_scene_000011,000000000000000125
Adverse_B_scene_000011_000000000000000145.png,Adverse_B_scene_000011_000000000000000145.txt,Adverse_B,Adverse_B_scene_000011,000000000000000145
Adverse_B_scene_000011_000000000000000165.png,Adverse_B_scene_000011_000000000000000165.txt,Adverse_B,Adverse_B_scene_000011,000000000000000165
Adverse_B_scene_000011_000000000000000185.png,Adverse_B_scene_000011_000000000000000185.txt,Adverse_B,Adverse_B_scene_000011,000000000000000185
Adverse_B_scene_000011_000000000000000205.png,Adverse_B_scene_000011_000000000000000205.txt,Adverse_B,Adverse_B_scene_000011,000000000000000205
Adverse_B_scene_000012_000000000000000025.png,Adverse_B_scene_000012_000000000000000025.txt,Adverse_B,Adverse_B_scene_000012,000000000000000025
Adverse_B_scene_000012_000000000000000045.png,Adverse_B_scene_000012_000000000000000045.txt,Adverse_B,Adverse_B_scene_000012,000000000000000045
Adverse_B_scene_000012_000000000000000065.png,Adverse_B_scene_000012_000000000000000065.txt,Adverse_B,Adverse_B_scene_000012,000000000000000065
Adverse_B_scene_000012_000000000000000085.png,Adverse_B_scene_000012_000000000000000085.txt,Adverse_B,Adverse_B_scene_000012,000000000000000085
Adverse_B_scene_000012_000000000000000105.png,Adverse_B_scene_000012_000000000000000105.txt,Adverse_B,Adverse_B_scene_000012,000000000000000105
Adverse_B_scene_000012_000000000000000125.png,Adverse_B_scene_000012_000000000000000125.txt,Adverse_B,Adverse_B_scene_000012,000000000000000125
Adverse_B_scene_000012_000000000000000145.png,Adverse_B_scene_000012_000000000000000145.txt,Adverse_B,Adverse_B_scene_000012,000000000000000145
Adverse_B_scene_000012_000000000000000165.png,Adverse_B_scene_000012_000000000000000165.txt,Adverse_B,Adverse_B_scene_000012,000000000000000165
Adverse_B_scene_000012_000000000000000185.png,Adverse_B_scene_000012_000000000000000185.txt,Adverse_B,Adverse_B_scene_000012,000000000000000185
Adverse_B_scene_000012_000000000000000205.png,Adverse_B_scene_000012_000000000000000205.txt,Adverse_B,Adverse_B_scene_000012,000000000000000205
Adverse_B_scene_000013_000000000000000025.png,Adverse_B_scene_000013_000000000000000025.txt,Adverse_B,Adverse_B_scene_000013,000000000000000025
Adverse_B_scene_000013_000000000000000045.png,Adverse_B_scene_000013_000000000000000045.txt,Adverse_B,Adverse_B_scene_000013,000000000000000045
Adverse_B_scene_000013_000000000000000065.png,Adverse_B_scene_000013_000000000000000065.txt,Adverse_B,Adverse_B_scene_000013,000000000000000065
Adverse_B_scene_000013_000000000000000085.png,Adverse_B_scene_000013_000000000000000085.txt,Adverse_B,Adverse_B_scene_000013,000000000000000085
Adverse_B_scene_000013_000000000000000105.png,Adverse_B_scene_000013_000000000000000105.txt,Adverse_B,Adverse_B_scene_000013,000000000000000105
Adverse_B_scene_000013_000000000000000125.png,Adverse_B_scene_000013_000000000000000125.txt,Adverse_B,Adverse_B_scene_000013,000000000000000125
Adverse_B_scene_000013_000000000000000145.png,Adverse_B_scene_000013_000000000000000145.txt,Adverse_B,Adverse_B_scene_000013,000000000000000145
Adverse_B_scene_000013_000000000000000165.png,Adverse_B_scene_000013_000000000000000165.txt,Adverse_B,Adverse_B_scene_000013,000000000000000165
Adverse_B_scene_000013_000000000000000185.png,Adverse_B_scene_000013_000000000000000185.txt,Adverse_B,Adverse_B_scene_000013,000000000000000185
Adverse_B_scene_000013_000000000000000205.png,Adverse_B_scene_000013_000000000000000205.txt,Adverse_B,Adverse_B_scene_000013,000000000000000205
Adverse_B_scene_000014_000000000000000025.png,Adverse_B_scene_000014_000000000000000025.txt,Adverse_B,Adverse_B_scene_000014,000000000000000025
Adverse_B_scene_000014_000000000000000045.png,Adverse_B_scene_000014_000000000000000045.txt,Adverse_B,Adverse_B_scene_000014,000000000000000045
Adverse_B_scene_000014_000000000000000065.png,Adverse_B_scene_000014_000000000000000065.txt,Adverse_B,Adverse_B_scene_000014,000000000000000065
Adverse_B_scene_000014_000000000000000085.png,Adverse_B_scene_000014_000000000000000085.txt,Adverse_B,Adverse_B_scene_000014,000000000000000085
Adverse_B_scene_000014_000000000000000105.png,Adverse_B_scene_000014_000000000000000105.txt,Adverse_B,Adverse_B_scene_000014,000000000000000105
Adverse_B_scene_000014_000000000000000125.png,Adverse_B_scene_000014_000000000000000125.txt,Adverse_B,Adverse_B_scene_000014,000000000000000125
Adverse_B_scene_000014_000000000000000145.png,Adverse_B_scene_000014_000000000000000145.txt,Adverse_B,Adverse_B_scene_000014,000000000000000145
Adverse_B_scene_000014_000000000000000165.png,Adverse_B_scene_000014_000000000000000165.txt,Adverse_B,Adverse_B_scene_000014,000000000000000165
Adverse_B_scene_000014_000000000000000185.png,Adverse_B_scene_000014_000000000000000185.txt,Adverse_B,Adverse_B_scene_000014,000000000000000185
Adverse_B_scene_000014_000000000000000205.png,Adverse_B_scene_000014_000000000000000205.txt,Adverse_B,Adverse_B_scene_000014,000000000000000205
Adverse_B_scene_000015_000000000000000025.png,Adverse_B_scene_000015_000000000000000025.txt,Adverse_B,Adverse_B_scene_000015,000000000000000025
Adverse_B_scene_000015_000000000000000045.png,Adverse_B_scene_000015_000000000000000045.txt,Adverse_B,Adverse_B_scene_000015,000000000000000045
Adverse_B_scene_000015_000000000000000065.png,Adverse_B_scene_000015_000000000000000065.txt,Adverse_B,Adverse_B_scene_000015,000000000000000065
Adverse_B_scene_000015_000000000000000085.png,Adverse_B_scene_000015_000000000000000085.txt,Adverse_B,Adverse_B_scene_000015,000000000000000085
Adverse_B_scene_000015_000000000000000105.png,Adverse_B_scene_000015_000000000000000105.txt,Adverse_B,Adverse_B_scene_000015,000000000000000105
Adverse_B_scene_000015_000000000000000125.png,Adverse_B_scene_000015_000000000000000125.txt,Adverse_B,Adverse_B_scene_000015,000000000000000125
Adverse_B_scene_000015_000000000000000145.png,Adverse_B_scene_000015_000000000000000145.txt,Adverse_B,Adverse_B_scene_000015,000000000000000145
Adverse_B_scene_000015_000000000000000165.png,Adverse_B_scene_000015_000000000000000165.txt,Adverse_B,Adverse_B_scene_000015,000000000000000165
Adverse_B_scene_000015_000000000000000185.png,Adverse_B_scene_000015_000000000000000185.txt,Adverse_B,Adverse_B_scene_000015,000000000000000185
Adverse_B_scene_000015_000000000000000205.png,Adverse_B_scene_000015_000000000000000205.txt,Adverse_B,Adverse_B_scene_000015,000000000000000205
Adverse_B_scene_000016_000000000000000025.png,Adverse_B_scene_000016_000000000000000025.txt,Adverse_B,Adverse_B_scene_000016,000000000000000025
Adverse_B_scene_000016_000000000000000045.png,Adverse_B_scene_000016_000000000000000045.txt,Adverse_B,Adverse_B_scene_000016,000000000000000045
Adverse_B_scene_000016_000000000000000065.png,Adverse_B_scene_000016_000000000000000065.txt,Adverse_B,Adverse_B_scene_000016,000000000000000065
Adverse_B_scene_000016_000000000000000085.png,Adverse_B_scene_000016_000000000000000085.txt,Adverse_B,Adverse_B_scene_000016,000000000000000085
Adverse_B_scene_000016_000000000000000105.png,Adverse_B_scene_000016_000000000000000105.txt,Adverse_B,Adverse_B_scene_000016,000000000000000105
Adverse_B_scene_000016_000000000000000125.png,Adverse_B_scene_000016_000000000000000125.txt,Adverse_B,Adverse_B_scene_000016,000000000000000125
Adverse_B_scene_000016_000000000000000145.png,Adverse_B_scene_000016_000000000000000145.txt,Adverse_B,Adverse_B_scene_000016,000000000000000145
Adverse_B_scene_000016_000000000000000165.png,Adverse_B_scene_000016_000000000000000165.txt,Adverse_B,Adverse_B_scene_000016,000000000000000165
Adverse_B_scene_000016_000000000000000185.png,Adverse_B_scene_000016_000000000000000185.txt,Adverse_B,Adverse_B_scene_000016,000000000000000185
Adverse_B_scene_000016_000000000000000205.png,Adverse_B_scene_000016_000000000000000205.txt,Adverse_B,Adverse_B_scene_000016,000000000000000205
Adverse_B_scene_000017_000000000000000025.png,Adverse_B_scene_000017_000000000000000025.txt,Adverse_B,Adverse_B_scene_000017,000000000000000025
Adverse_B_scene_000017_000000000000000045.png,Adverse_B_scene_000017_000000000000000045.txt,Adverse_B,Adverse_B_scene_000017,000000000000000045
Adverse_B_scene_000017_000000000000000065.png,Adverse_B_scene_000017_000000000000000065.txt,Adverse_B,Adverse_B_scene_000017,000000000000000065
Adverse_B_scene_000017_000000000000000085.png,Adverse_B_scene_000017_000000000000000085.txt,Adverse_B,Adverse_B_scene_000017,000000000000000085
Adverse_B_scene_000017_000000000000000105.png,Adverse_B_scene_000017_000000000000000105.txt,Adverse_B,Adverse_B_scene_000017,000000000000000105
Adverse_B_scene_000017_000000000000000125.png,Adverse_B_scene_000017_000000000000000125.txt,Adverse_B,Adverse_B_scene_000017,000000000000000125
Adverse_B_scene_000017_000000000000000145.png,Adverse_B_scene_000017_000000000000000145.txt,Adverse_B,Adverse_B_scene_000017,000000000000000145
Adverse_B_scene_000017_000000000000000165.png,Adverse_B_scene_000017_000000000000000165.txt,Adverse_B,Adverse_B_scene_000017,000000000000000165
Adverse_B_scene_000017_000000000000000185.png,Adverse_B_scene_000017_000000000000000185.txt,Adverse_B,Adverse_B_scene_000017,000000000000000185
Adverse_B_scene_000017_000000000000000205.png,Adverse_B_scene_000017_000000000000000205.txt,Adverse_B,Adverse_B_scene_000017,000000000000000205
Adverse_B_scene_000018_000000000000000025.png,Adverse_B_scene_000018_000000000000000025.txt,Adverse_B,Adverse_B_scene_000018,000000000000000025
Adverse_B_scene_000018_000000000000000045.png,Adverse_B_scene_000018_000000000000000045.txt,Adverse_B,Adverse_B_scene_000018,000000000000000045
Adverse_B_scene_000018_000000000000000065.png,Adverse_B_scene_000018_000000000000000065.txt,Adverse_B,Adverse_B_scene_000018,000000000000000065
Adverse_B_scene_000018_000000000000000085.png,Adverse_B_scene_000018_000000000000000085.txt,Adverse_B,Adverse_B_scene_000018,000000000000000085
Adverse_B_scene_000018_000000000000000105.png,Adverse_B_scene_000018_000000000000000105.txt,Adverse_B,Adverse_B_scene_000018,000000000000000105
Adverse_B_scene_000018_000000000000000125.png,Adverse_B_scene_000018_000000000000000125.txt,Adverse_B,Adverse_B_scene_000018,000000000000000125
Adverse_B_scene_000018_000000000000000145.png,Adverse_B_scene_000018_000000000000000145.txt,Adverse_B,Adverse_B_scene_000018,000000000000000145
Adverse_B_scene_000018_000000000000000165.png,Adverse_B_scene_000018_000000000000000165.txt,Adverse_B,Adverse_B_scene_000018,000000000000000165
Adverse_B_scene_000018_000000000000000185.png,Adverse_B_scene_000018_000000000000000185.txt,Adverse_B,Adverse_B_scene_000018,000000000000000185
Adverse_B_scene_000018_000000000000000205.png,Adverse_B_scene_000018_000000000000000205.txt,Adverse_B,Adverse_B_scene_000018,000000000000000205
Adverse_B_scene_000019_000000000000000025.png,Adverse_B_scene_000019_000000000000000025.txt,Adverse_B,Adverse_B_scene_000019,000000000000000025
Adverse_B_scene_000019_000000000000000045.png,Adverse_B_scene_000019_000000000000000045.txt,Adverse_B,Adverse_B_scene_000019,000000000000000045
Adverse_B_scene_000019_000000000000000065.png,Adverse_B_scene_000019_000000000000000065.txt,Adverse_B,Adverse_B_scene_000019,000000000000000065
Adverse_B_scene_000019_000000000000000085.png,Adverse_B_scene_000019_000000000000000085.txt,Adverse_B,Adverse_B_scene_000019,000000000000000085
Adverse_B_scene_000019_000000000000000105.png,Adverse_B_scene_000019_000000000000000105.txt,Adverse_B,Adverse_B_scene_000019,000000000000000105
Adverse_B_scene_000019_000000000000000125.png,Adverse_B_scene_000019_000000000000000125.txt,Adverse_B,Adverse_B_scene_000019,000000000000000125
Adverse_B_scene_000019_000000000000000145.png,Adverse_B_scene_000019_000000000000000145.txt,Adverse_B,Adverse_B_scene_000019,000000000000000145
Adverse_B_scene_000019_000000000000000165.png,Adverse_B_scene_000019_000000000000000165.txt,Adverse_B,Adverse_B_scene_000019,000000000000000165
Adverse_B_scene_000019_000000000000000185.png,Adverse_B_scene_000019_000000000000000185.txt,Adverse_B,Adverse_B_scene_000019,000000000000000185
Adverse_B_scene_000019_000000000000000205.png,Adverse_B_scene_000019_000000000000000205.txt,Adverse_B,Adverse_B_scene_000019,000000000000000205
Adverse_B_scene_000020_000000000000000025.png,Adverse_B_scene_000020_000000000000000025.txt,Adverse_B,Adverse_B_scene_000020,000000000000000025
Adverse_B_scene_000020_000000000000000045.png,Adverse_B_scene_000020_000000000000000045.txt,Adverse_B,Adverse_B_scene_000020,000000000000000045
Adverse_B_scene_000020_000000000000000065.png,Adverse_B_scene_000020_000000000000000065.txt,Adverse_B,Adverse_B_scene_000020,000000000000000065
Adverse_B_scene_000020_000000000000000085.png,Adverse_B_scene_000020_000000000000000085.txt,Adverse_B,Adverse_B_scene_000020,000000000000000085
Adverse_B_scene_000020_000000000000000105.png,Adverse_B_scene_000020_000000000000000105.txt,Adverse_B,Adverse_B_scene_000020,000000000000000105
Adverse_B_scene_000020_000000000000000125.png,Adverse_B_scene_000020_000000000000000125.txt,Adverse_B,Adverse_B_scene_000020,000000000000000125
Adverse_B_scene_000020_000000000000000145.png,Adverse_B_scene_000020_000000000000000145.txt,Adverse_B,Adverse_B_scene_000020,000000000000000145
Adverse_B_scene_000020_000000000000000165.png,Adverse_B_scene_000020_000000000000000165.txt,Adverse_B,Adverse_B_scene_000020,000000000000000165
Adverse_B_scene_000020_000000000000000185.png,Adverse_B_scene_000020_000000000000000185.txt,Adverse_B,Adverse_B_scene_000020,000000000000000185
Adverse_B_scene_000020_000000000000000205.png,Adverse_B_scene_000020_000000000000000205.txt,Adverse_B,Adverse_B_scene_000020,000000000000000205
Adverse_B_scene_000021_000000000000000025.png,Adverse_B_scene_000021_000000000000000025.txt,Adverse_B,Adverse_B_scene_000021,000000000000000025
Adverse_B_scene_000021_000000000000000045.png,Adverse_B_scene_000021_000000000000000045.txt,Adverse_B,Adverse_B_scene_000021,000000000000000045
Adverse_B_scene_000021_000000000000000065.png,Adverse_B_scene_000021_000000000000000065.txt,Adverse_B,Adverse_B_scene_000021,000000000000000065
Adverse_B_scene_000021_000000000000000085.png,Adverse_B_scene_000021_000000000000000085.txt,Adverse_B,Adverse_B_scene_000021,000000000000000085
Adverse_B_scene_000021_000000000000000105.png,Adverse_B_scene_000021_000000000000000105.txt,Adverse_B,Adverse_B_scene_000021,000000000000000105
Adverse_B_scene_000021_000000000000000125.png,Adverse_B_scene_000021_000000000000000125.txt,Adverse_B,Adverse_B_scene_000021,000000000000000125
Adverse_B_scene_000021_000000000000000145.png,Adverse_B_scene_000021_000000000000000145.txt,Adverse_B,Adverse_B_scene_000021,000000000000000145
Adverse_B_scene_000021_000000000000000165.png,Adverse_B_scene_000021_000000000000000165.txt,Adverse_B,Adverse_B_scene_000021,000000000000000165
Adverse_B_scene_000021_000000000000000185.png,Adverse_B_scene_000021_000000000000000185.txt,Adverse_B,Adverse_B_scene_000021,000000000000000185
Adverse_B_scene_000021_000000000000000205.png,Adverse_B_scene_000021_000000000000000205.txt,Adverse_B,Adverse_B_scene_000021,000000000000000205
Adverse_B_scene_000022_000000000000000025.png,Adverse_B_scene_000022_000000000000000025.txt,Adverse_B,Adverse_B_scene_000022,000000000000000025
Adverse_B_scene_000022_000000000000000045.png,Adverse_B_scene_000022_000000000000000045.txt,Adverse_B,Adverse_B_scene_000022,000000000000000045
Adverse_B_scene_000022_000000000000000065.png,Adverse_B_scene_000022_000000000000000065.txt,Adverse_B,Adverse_B_scene_000022,000000000000000065
Adverse_B_scene_000022_000000000000000085.png,Adverse_B_scene_000022_000000000000000085.txt,Adverse_B,Adverse_B_scene_000022,000000000000000085
Adverse_B_scene_000022_000000000000000105.png,Adverse_B_scene_000022_000000000000000105.txt,Adverse_B,Adverse_B_scene_000022,000000000000000105
Adverse_B_scene_000022_000000000000000125.png,Adverse_B_scene_000022_000000000000000125.txt,Adverse_B,Adverse_B_scene_000022,000000000000000125
Adverse_B_scene_000022_000000000000000145.png,Adverse_B_scene_000022_000000000000000145.txt,Adverse_B,Adverse_B_scene_000022,000000000000000145
Adverse_B_scene_000022_000000000000000165.png,Adverse_B_scene_000022_000000000000000165.txt,Adverse_B,Adverse_B_scene_000022,000000000000000165
Adverse_B_scene_000022_000000000000000185.png,Adverse_B_scene_000022_000000000000000185.txt,Adverse_B,Adverse_B_scene_000022,000000000000000185
Adverse_B_scene_000022_000000000000000205.png,Adverse_B_scene_000022_000000000000000205.txt,Adverse_B,Adverse_B_scene_000022,000000000000000205
Adverse_B_scene_000023_000000000000000025.png,Adverse_B_scene_000023_000000000000000025.txt,Adverse_B,Adverse_B_scene_000023,000000000000000025
Adverse_B_scene_000023_000000000000000045.png,Adverse_B_scene_000023_000000000000000045.txt,Adverse_B,Adverse_B_scene_000023,000000000000000045
Adverse_B_scene_000023_000000000000000065.png,Adverse_B_scene_000023_000000000000000065.txt,Adverse_B,Adverse_B_scene_000023,000000000000000065
Adverse_B_scene_000023_000000000000000085.png,Adverse_B_scene_000023_000000000000000085.txt,Adverse_B,Adverse_B_scene_000023,000000000000000085
Adverse_B_scene_000023_000000000000000105.png,Adverse_B_scene_000023_000000000000000105.txt,Adverse_B,Adverse_B_scene_000023,000000000000000105
Adverse_B_scene_000023_000000000000000125.png,Adverse_B_scene_000023_000000000000000125.txt,Adverse_B,Adverse_B_scene_000023,000000000000000125
Adverse_B_scene_000023_000000000000000145.png,Adverse_B_scene_000023_000000000000000145.txt,Adverse_B,Adverse_B_scene_000023,000000000000000145
Adverse_B_scene_000023_000000000000000165.png,Adverse_B_scene_000023_000000000000000165.txt,Adverse_B,Adverse_B_scene_000023,000000000000000165
Adverse_B_scene_000023_000000000000000185.png,Adverse_B_scene_000023_000000000000000185.txt,Adverse_B,Adverse_B_scene_000023,000000000000000185
Adverse_B_scene_000023_000000000000000205.png,Adverse_B_scene_000023_000000000000000205.txt,Adverse_B,Adverse_B_scene_000023,000000000000000205
Adverse_B_scene_000024_000000000000000025.png,Adverse_B_scene_000024_000000000000000025.txt,Adverse_B,Adverse_B_scene_000024,000000000000000025
Adverse_B_scene_000024_000000000000000045.png,Adverse_B_scene_000024_000000000000000045.txt,Adverse_B,Adverse_B_scene_000024,000000000000000045
Adverse_B_scene_000024_000000000000000065.png,Adverse_B_scene_000024_000000000000000065.txt,Adverse_B,Adverse_B_scene_000024,000000000000000065
Adverse_B_scene_000024_000000000000000085.png,Adverse_B_scene_000024_000000000000000085.txt,Adverse_B,Adverse_B_scene_000024,000000000000000085
Adverse_B_scene_000024_000000000000000105.png,Adverse_B_scene_000024_000000000000000105.txt,Adverse_B,Adverse_B_scene_000024,000000000000000105
Adverse_B_scene_000024_000000000000000125.png,Adverse_B_scene_000024_000000000000000125.txt,Adverse_B,Adverse_B_scene_000024,000000000000000125
Adverse_B_scene_000024_000000000000000145.png,Adverse_B_scene_000024_000000000000000145.txt,Adverse_B,Adverse_B_scene_000024,000000000000000145
Adverse_B_scene_000024_000000000000000165.png,Adverse_B_scene_000024_000000000000000165.txt,Adverse_B,Adverse_B_scene_000024,000000000000000165
Adverse_B_scene_000024_000000000000000185.png,Adverse_B_scene_000024_000000000000000185.txt,Adverse_B,Adverse_B_scene_000024,000000000000000185
Adverse_B_scene_000024_000000000000000205.png,Adverse_B_scene_000024_000000000000000205.txt,Adverse_B,Adverse_B_scene_000024,000000000000000205
Adverse_B_scene_000025_000000000000000025.png,Adverse_B_scene_000025_000000000000000025.txt,Adverse_B,Adverse_B_scene_000025,000000000000000025
Adverse_B_scene_000025_000000000000000045.png,Adverse_B_scene_000025_000000000000000045.txt,Adverse_B,Adverse_B_scene_000025,000000000000000045
Adverse_B_scene_000025_000000000000000065.png,Adverse_B_scene_000025_000000000000000065.txt,Adverse_B,Adverse_B_scene_000025,000000000000000065
Adverse_B_scene_000025_000000000000000085.png,Adverse_B_scene_000025_000000000000000085.txt,Adverse_B,Adverse_B_scene_000025,000000000000000085
Adverse_B_scene_000025_000000000000000105.png,Adverse_B_scene_000025_000000000000000105.txt,Adverse_B,Adverse_B_scene_000025,000000000000000105
Adverse_B_scene_000025_000000000000000125.png,Adverse_B_scene_000025_000000000000000125.txt,Adverse_B,Adverse_B_scene_000025,000000000000000125
Adverse_B_scene_000025_000000000000000145.png,Adverse_B_scene_000025_000000000000000145.txt,Adverse_B,Adverse_B_scene_000025,000000000000000145
Adverse_B_scene_000025_000000000000000165.png,Adverse_B_scene_000025_000000000000000165.txt,Adverse_B,Adverse_B_scene_000025,000000000000000165
Adverse_B_scene_000025_000000000000000185.png,Adverse_B_scene_000025_000000000000000185.txt,Adverse_B,Adverse_B_scene_000025,000000000000000185
Adverse_B_scene_000025_000000000000000205.png,Adverse_B_scene_000025_000000000000000205.txt,Adverse_B,Adverse_B_scene_000025,000000000000000205
Adverse_B_scene_000026_000000000000000025.png,Adverse_B_scene_000026_000000000000000025.txt,Adverse_B,Adverse_B_scene_000026,000000000000000025
Adverse_B_scene_000026_000000000000000045.png,Adverse_B_scene_000026_000000000000000045.txt,Adverse_B,Adverse_B_scene_000026,000000000000000045
Adverse_B_scene_000026_000000000000000065.png,Adverse_B_scene_000026_000000000000000065.txt,Adverse_B,Adverse_B_scene_000026,000000000000000065
Adverse_B_scene_000026_000000000000000085.png,Adverse_B_scene_000026_000000000000000085.txt,Adverse_B,Adverse_B_scene_000026,000000000000000085
Adverse_B_scene_000026_000000000000000105.png,Adverse_B_scene_000026_000000000000000105.txt,Adverse_B,Adverse_B_scene_000026,000000000000000105
Adverse_B_scene_000026_000000000000000125.png,Adverse_B_scene_000026_000000000000000125.txt,Adverse_B,Adverse_B_scene_000026,000000000000000125
Adverse_B_scene_000026_000000000000000145.png,Adverse_B_scene_000026_000000000000000145.txt,Adverse_B,Adverse_B_scene_000026,000000000000000145
Adverse_B_scene_000026_000000000000000165.png,Adverse_B_scene_000026_000000000000000165.txt,Adverse_B,Adverse_B_scene_000026,000000000000000165
Adverse_B_scene_000026_000000000000000185.png,Adverse_B_scene_000026_000000000000000185.txt,Adverse_B,Adverse_B_scene_000026,000000000000000185
Adverse_B_scene_000026_000000000000000205.png,Adverse_B_scene_000026_000000000000000205.txt,Adverse_B,Adverse_B_scene_000026,000000000000000205
Adverse_B_scene_000027_000000000000000025.png,Adverse_B_scene_000027_000000000000000025.txt,Adverse_B,Adverse_B_scene_000027,000000000000000025
Adverse_B_scene_000027_000000000000000045.png,Adverse_B_scene_000027_000000000000000045.txt,Adverse_B,Adverse_B_scene_000027,000000000000000045
Adverse_B_scene_000027_000000000000000065.png,Adverse_B_scene_000027_000000000000000065.txt,Adverse_B,Adverse_B_scene_000027,000000000000000065
Adverse_B_scene_000027_000000000000000085.png,Adverse_B_scene_000027_000000000000000085.txt,Adverse_B,Adverse_B_scene_000027,000000000000000085
Adverse_B_scene_000027_000000000000000105.png,Adverse_B_scene_000027_000000000000000105.txt,Adverse_B,Adverse_B_scene_000027,000000000000000105
Adverse_B_scene_000027_000000000000000125.png,Adverse_B_scene_000027_000000000000000125.txt,Adverse_B,Adverse_B_scene_000027,000000000000000125
Adverse_B_scene_000027_000000000000000145.png,Adverse_B_scene_000027_000000000000000145.txt,Adverse_B,Adverse_B_scene_000027,000000000000000145
Adverse_B_scene_000027_000000000000000165.png,Adverse_B_scene_000027_000000000000000165.txt,Adverse_B,Adverse_B_scene_000027,000000000000000165
Adverse_B_scene_000027_000000000000000185.png,Adverse_B_scene_000027_000000000000000185.txt,Adverse_B,Adverse_B_scene_000027,000000000000000185
Adverse_B_scene_000027_000000000000000205.png,Adverse_B_scene_000027_000000000000000205.txt,Adverse_B,Adverse_B_scene_000027,000000000000000205
Adverse_B_scene_000028_000000000000000025.png,Adverse_B_scene_000028_000000000000000025.txt,Adverse_B,Adverse_B_scene_000028,000000000000000025
Adverse_B_scene_000028_000000000000000045.png,Adverse_B_scene_000028_000000000000000045.txt,Adverse_B,Adverse_B_scene_000028,000000000000000045
Adverse_B_scene_000028_000000000000000065.png,Adverse_B_scene_000028_000000000000000065.txt,Adverse_B,Adverse_B_scene_000028,000000000000000065
Adverse_B_scene_000028_000000000000000085.png,Adverse_B_scene_000028_000000000000000085.txt,Adverse_B,Adverse_B_scene_000028,000000000000000085
Adverse_B_scene_000028_000000000000000105.png,Adverse_B_scene_000028_000000000000000105.txt,Adverse_B,Adverse_B_scene_000028,000000000000000105
Adverse_B_scene_000028_000000000000000125.png,Adverse_B_scene_000028_000000000000000125.txt,Adverse_B,Adverse_B_scene_000028,000000000000000125
Adverse_B_scene_000028_000000000000000145.png,Adverse_B_scene_000028_000000000000000145.txt,Adverse_B,Adverse_B_scene_000028,000000000000000145
Adverse_B_scene_000028_000000000000000165.png,Adverse_B_scene_000028_000000000000000165.txt,Adverse_B,Adverse_B_scene_000028,000000000000000165
Adverse_B_scene_000028_000000000000000185.png,Adverse_B_scene_000028_000000000000000185.txt,Adverse_B,Adverse_B_scene_000028,000000000000000185
Adverse_B_scene_000028_000000000000000205.png,Adverse_B_scene_000028_000000000000000205.txt,Adverse_B,Adverse_B_scene_000028,000000000000000205
Adverse_B_scene_000029_000000000000000025.png,Adverse_B_scene_000029_000000000000000025.txt,Adverse_B,Adverse_B_scene_000029,000000000000000025
Adverse_B_scene_000029_000000000000000045.png,Adverse_B_scene_000029_000000000000000045.txt,Adverse_B,Adverse_B_scene_000029,000000000000000045
Adverse_B_scene_000029_000000000000000065.png,Adverse_B_scene_000029_000000000000000065.txt,Adverse_B,Adverse_B_scene_000029,000000000000000065
Adverse_B_scene_000029_000000000000000085.png,Adverse_B_scene_000029_000000000000000085.txt,Adverse_B,Adverse_B_scene_000029,000000000000000085
Adverse_B_scene_000029_000000000000000105.png,Adverse_B_scene_000029_000000000000000105.txt,Adverse_B,Adverse_B_scene_000029,000000000000000105
Adverse_B_scene_000029_000000000000000125.png,Adverse_B_scene_000029_000000000000000125.txt,Adverse_B,Adverse_B_scene_000029,000000000000000125
Adverse_B_scene_000029_000000000000000145.png,Adverse_B_scene_000029_000000000000000145.txt,Adverse_B,Adverse_B_scene_000029,000000000000000145
Adverse_B_scene_000029_000000000000000165.png,Adverse_B_scene_000029_000000000000000165.txt,Adverse_B,Adverse_B_scene_000029,000000000000000165
Adverse_B_scene_000029_000000000000000185.png,Adverse_B_scene_000029_000000000000000185.txt,Adverse_B,Adverse_B_scene_000029,000000000000000185
Adverse_B_scene_000029_000000000000000205.png,Adverse_B_scene_000029_000000000000000205.txt,Adverse_B,Adverse_B_scene_000029,000000000000000205
Adverse_B_scene_000035_000000000000000025.png,Adverse_B_scene_000035_000000000000000025.txt,Adverse_B,Adverse_B_scene_000035,000000000000000025
Adverse_B_scene_000035_000000000000000045.png,Adverse_B_scene_000035_000000000000000045.txt,Adverse_B,Adverse_B_scene_000035,000000000000000045
Adverse_B_scene_000035_000000000000000065.png,Adverse_B_scene_000035_000000000000000065.txt,Adverse_B,Adverse_B_scene_000035,000000000000000065
Adverse_B_scene_000035_000000000000000085.png,Adverse_B_scene_000035_000000000000000085.txt,Adverse_B,Adverse_B_scene_000035,000000000000000085
Adverse_B_scene_000035_000000000000000105.png,Adverse_B_scene_000035_000000000000000105.txt,Adverse_B,Adverse_B_scene_000035,000000000000000105
Adverse_B_scene_000035_000000000000000125.png,Adverse_B_scene_000035_000000000000000125.txt,Adverse_B,Adverse_B_scene_000035,000000000000000125
Adverse_B_scene_000035_000000000000000145.png,Adverse_B_scene_000035_000000000000000145.txt,Adverse_B,Adverse_B_scene_000035,000000000000000145
Adverse_B_scene_000035_000000000000000165.png,Adverse_B_scene_000035_000000000000000165.txt,Adverse_B,Adverse_B_scene_000035,000000000000000165
Adverse_B_scene_000035_000000000000000185.png,Adverse_B_scene_000035_000000000000000185.txt,Adverse_B,Adverse_B_scene_000035,000000000000000185
Adverse_B_scene_000035_000000000000000205.png,Adverse_B_scene_000035_000000000000000205.txt,Adverse_B,Adverse_B_scene_000035,000000000000000205
Adverse_B_scene_000036_000000000000000025.png,Adverse_B_scene_000036_000000000000000025.txt,Adverse_B,Adverse_B_scene_000036,000000000000000025
Adverse_B_scene_000036_000000000000000045.png,Adverse_B_scene_000036_000000000000000045.txt,Adverse_B,Adverse_B_scene_000036,000000000000000045
Adverse_B_scene_000036_000000000000000065.png,Adverse_B_scene_000036_000000000000000065.txt,Adverse_B,Adverse_B_scene_000036,000000000000000065
Adverse_B_scene_000036_000000000000000085.png,Adverse_B_scene_000036_000000000000000085.txt,Adverse_B,Adverse_B_scene_000036,000000000000000085
Adverse_B_scene_000036_000000000000000105.png,Adverse_B_scene_000036_000000000000000105.txt,Adverse_B,Adverse_B_scene_000036,000000000000000105
Adverse_B_scene_000036_000000000000000125.png,Adverse_B_scene_000036_000000000000000125.txt,Adverse_B,Adverse_B_scene_000036,000000000000000125
Adverse_B_scene_000036_000000000000000145.png,Adverse_B_scene_000036_000000000000000145.txt,Adverse_B,Adverse_B_scene_000036,000000000000000145
Adverse_B_scene_000036_000000000000000165.png,Adverse_B_scene_000036_000000000000000165.txt,Adverse_B,Adverse_B_scene_000036,000000000000000165
Adverse_B_scene_000036_000000000000000185.png,Adverse_B_scene_000036_000000000000000185.txt,Adverse_B,Adverse_B_scene_000036,000000000000000185
Adverse_B_scene_000036_000000000000000205.png,Adverse_B_scene_000036_000000000000000205.txt,Adverse_B,Adverse_B_scene_000036,000000000000000205
Adverse_B_scene_000037_000000000000000025.png,Adverse_B_scene_000037_000000000000000025.txt,Adverse_B,Adverse_B_scene_000037,000000000000000025
Adverse_B_scene_000037_000000000000000045.png,Adverse_B_scene_000037_000000000000000045.txt,Adverse_B,Adverse_B_scene_000037,000000000000000045
Adverse_B_scene_000037_000000000000000065.png,Adverse_B_scene_000037_000000000000000065.txt,Adverse_B,Adverse_B_scene_000037,000000000000000065
Adverse_B_scene_000037_000000000000000085.png,Adverse_B_scene_000037_000000000000000085.txt,Adverse_B,Adverse_B_scene_000037,000000000000000085
Adverse_B_scene_000037_000000000000000105.png,Adverse_B_scene_000037_000000000000000105.txt,Adverse_B,Adverse_B_scene_000037,000000000000000105
Adverse_B_scene_000037_000000000000000125.png,Adverse_B_scene_000037_000000000000000125.txt,Adverse_B,Adverse_B_scene_000037,000000000000000125
Adverse_B_scene_000037_000000000000000145.png,Adverse_B_scene_000037_000000000000000145.txt,Adverse_B,Adverse_B_scene_000037,000000000000000145
Adverse_B_scene_000037_000000000000000165.png,Adverse_B_scene_000037_000000000000000165.txt,Adverse_B,Adverse_B_scene_000037,000000000000000165
Adverse_B_scene_000037_000000000000000185.png,Adverse_B_scene_000037_000000000000000185.txt,Adverse_B,Adverse_B_scene_000037,000000000000000185
Adverse_B_scene_000037_000000000000000205.png,Adverse_B_scene_000037_000000000000000205.txt,Adverse_B,Adverse_B_scene_000037,000000000000000205
Adverse_B_scene_000038_000000000000000025.png,Adverse_B_scene_000038_000000000000000025.txt,Adverse_B,Adverse_B_scene_000038,000000000000000025
Adverse_B_scene_000038_000000000000000045.png,Adverse_B_scene_000038_000000000000000045.txt,Adverse_B,Adverse_B_scene_000038,000000000000000045
Adverse_B_scene_000038_000000000000000065.png,Adverse_B_scene_000038_000000000000000065.txt,Adverse_B,Adverse_B_scene_000038,000000000000000065
Adverse_B_scene_000038_000000000000000085.png,Adverse_B_scene_000038_000000000000000085.txt,Adverse_B,Adverse_B_scene_000038,000000000000000085
Adverse_B_scene_000038_000000000000000105.png,Adverse_B_scene_000038_000000000000000105.txt,Adverse_B,Adverse_B_scene_000038,000000000000000105
Adverse_B_scene_000038_000000000000000125.png,Adverse_B_scene_000038_000000000000000125.txt,Adverse_B,Adverse_B_scene_000038,000000000000000125
Adverse_B_scene_000038_000000000000000145.png,Adverse_B_scene_000038_000000000000000145.txt,Adverse_B,Adverse_B_scene_000038,000000000000000145
Adverse_B_scene_000038_000000000000000165.png,Adverse_B_scene_000038_000000000000000165.txt,Adverse_B,Adverse_B_scene_000038,000000000000000165
Adverse_B_scene_000038_000000000000000185.png,Adverse_B_scene_000038_000000000000000185.txt,Adverse_B,Adverse_B_scene_000038,000000000000000185
Adverse_B_scene_000038_000000000000000205.png,Adverse_B_scene_000038_000000000000000205.txt,Adverse_B,Adverse_B_scene_000038,000000000000000205
Adverse_B_scene_000039_000000000000000025.png,Adverse_B_scene_000039_000000000000000025.txt,Adverse_B,Adverse_B_scene_000039,000000000000000025
Adverse_B_scene_000039_000000000000000045.png,Adverse_B_scene_000039_000000000000000045.txt,Adverse_B,Adverse_B_scene_000039,000000000000000045
Adverse_B_scene_000039_000000000000000065.png,Adverse_B_scene_000039_000000000000000065.txt,Adverse_B,Adverse_B_scene_000039,000000000000000065
Adverse_B_scene_000039_000000000000000085.png,Adverse_B_scene_000039_000000000000000085.txt,Adverse_B,Adverse_B_scene_000039,000000000000000085
Adverse_B_scene_000039_000000000000000105.png,Adverse_B_scene_000039_000000000000000105.txt,Adverse_B,Adverse_B_scene_000039,000000000000000105
Adverse_B_scene_000039_000000000000000125.png,Adverse_B_scene_000039_000000000000000125.txt,Adverse_B,Adverse_B_scene_000039,000000000000000125
Adverse_B_scene_000039_000000000000000145.png,Adverse_B_scene_000039_000000000000000145.txt,Adverse_B,Adverse_B_scene_000039,000000000000000145
Adverse_B_scene_000039_000000000000000165.png,Adverse_B_scene_000039_000000000000000165.txt,Adverse_B,Adverse_B_scene_000039,000000000000000165
Adverse_B_scene_000039_000000000000000185.png,Adverse_B_scene_000039_000000000000000185.txt,Adverse_B,Adverse_B_scene_000039,000000000000000185
Adverse_B_scene_000039_000000000000000205.png,Adverse_B_scene_000039_000000000000000205.txt,Adverse_B,Adverse_B_scene_000039,000000000000000205
Adverse_B_scene_000040_000000000000000025.png,Adverse_B_scene_000040_000000000000000025.txt,Adverse_B,Adverse_B_scene_000040,000000000000000025
Adverse_B_scene_000040_000000000000000045.png,Adverse_B_scene_000040_000000000000000045.txt,Adverse_B,Adverse_B_scene_000040,000000000000000045
Adverse_B_scene_000040_000000000000000065.png,Adverse_B_scene_000040_000000000000000065.txt,Adverse_B,Adverse_B_scene_000040,000000000000000065
Adverse_B_scene_000040_000000000000000085.png,Adverse_B_scene_000040_000000000000000085.txt,Adverse_B,Adverse_B_scene_000040,000000000000000085
Adverse_B_scene_000040_000000000000000105.png,Adverse_B_scene_000040_000000000000000105.txt,Adverse_B,Adverse_B_scene_000040,000000000000000105
Adverse_B_scene_000040_000000000000000125.png,Adverse_B_scene_000040_000000000000000125.txt,Adverse_B,Adverse_B_scene_000040,000000000000000125
Adverse_B_scene_000040_000000000000000145.png,Adverse_B_scene_000040_000000000000000145.txt,Adverse_B,Adverse_B_scene_000040,000000000000000145
Adverse_B_scene_000040_000000000000000165.png,Adverse_B_scene_000040_000000000000000165.txt,Adverse_B,Adverse_B_scene_000040,000000000000000165
Adverse_B_scene_000040_000000000000000185.png,Adverse_B_scene_000040_000000000000000185.txt,Adverse_B,Adverse_B_scene_000040,000000000000000185
Adverse_B_scene_000040_000000000000000205.png,Adverse_B_scene_000040_000000000000000205.txt,Adverse_B,Adverse_B_scene_000040,000000000000000205
Adverse_B_scene_000041_000000000000000025.png,Adverse_B_scene_000041_000000000000000025.txt,Adverse_B,Adverse_B_scene_000041,000000000000000025
Adverse_B_scene_000041_000000000000000045.png,Adverse_B_scene_000041_000000000000000045.txt,Adverse_B,Adverse_B_scene_000041,000000000000000045
Adverse_B_scene_000041_000000000000000065.png,Adverse_B_scene_000041_000000000000000065.txt,Adverse_B,Adverse_B_scene_000041,000000000000000065
Adverse_B_scene_000041_000000000000000085.png,Adverse_B_scene_000041_000000000000000085.txt,Adverse_B,Adverse_B_scene_000041,000000000000000085
Adverse_B_scene_000041_000000000000000105.png,Adverse_B_scene_000041_000000000000000105.txt,Adverse_B,Adverse_B_scene_000041,000000000000000105
Adverse_B_scene_000041_000000000000000125.png,Adverse_B_scene_000041_000000000000000125.txt,Adverse_B,Adverse_B_scene_000041,000000000000000125
Adverse_B_scene_000041_000000000000000145.png,Adverse_B_scene_000041_000000000000000145.txt,Adverse_B,Adverse_B_scene_000041,000000000000000145
Adverse_B_scene_000041_000000000000000165.png,Adverse_B_scene_000041_000000000000000165.txt,Adverse_B,Adverse_B_scene_000041,000000000000000165
Adverse_B_scene_000041_000000000000000185.png,Adverse_B_scene_000041_000000000000000185.txt,Adverse_B,Adverse_B_scene_000041,000000000000000185
Adverse_B_scene_000041_000000000000000205.png,Adverse_B_scene_000041_000000000000000205.txt,Adverse_B,Adverse_B_scene_000041,000000000000000205
Adverse_B_scene_000042_000000000000000025.png,Adverse_B_scene_000042_000000000000000025.txt,Adverse_B,Adverse_B_scene_000042,000000000000000025
Adverse_B_scene_000042_000000000000000045.png,Adverse_B_scene_000042_000000000000000045.txt,Adverse_B,Adverse_B_scene_000042,000000000000000045
Adverse_B_scene_000042_000000000000000065.png,Adverse_B_scene_000042_000000000000000065.txt,Adverse_B,Adverse_B_scene_000042,000000000000000065
Adverse_B_scene_000042_000000000000000085.png,Adverse_B_scene_000042_000000000000000085.txt,Adverse_B,Adverse_B_scene_000042,000000000000000085
Adverse_B_scene_000042_000000000000000105.png,Adverse_B_scene_000042_000000000000000105.txt,Adverse_B,Adverse_B_scene_000042,000000000000000105
Adverse_B_scene_000042_000000000000000125.png,Adverse_B_scene_000042_000000000000000125.txt,Adverse_B,Adverse_B_scene_000042,000000000000000125
Adverse_B_scene_000042_000000000000000145.png,Adverse_B_scene_000042_000000000000000145.txt,Adverse_B,Adverse_B_scene_000042,000000000000000145
Adverse_B_scene_000042_000000000000000165.png,Adverse_B_scene_000042_000000000000000165.txt,Adverse_B,Adverse_B_scene_000042,000000000000000165
Adverse_B_scene_000042_000000000000000185.png,Adverse_B_scene_000042_000000000000000185.txt,Adverse_B,Adverse_B_scene_000042,000000000000000185
Adverse_B_scene_000042_000000000000000205.png,Adverse_B_scene_000042_000000000000000205.txt,Adverse_B,Adverse_B_scene_000042,000000000000000205
Adverse_B_scene_000043_000000000000000025.png,Adverse_B_scene_000043_000000000000000025.txt,Adverse_B,Adverse_B_scene_000043,000000000000000025
Adverse_B_scene_000043_000000000000000045.png,Adverse_B_scene_000043_000000000000000045.txt,Adverse_B,Adverse_B_scene_000043,000000000000000045
Adverse_B_scene_000043_000000000000000065.png,Adverse_B_scene_000043_000000000000000065.txt,Adverse_B,Adverse_B_scene_000043,000000000000000065
Adverse_B_scene_000043_000000000000000085.png,Adverse_B_scene_000043_000000000000000085.txt,Adverse_B,Adverse_B_scene_000043,000000000000000085
Adverse_B_scene_000043_000000000000000105.png,Adverse_B_scene_000043_000000000000000105.txt,Adverse_B,Adverse_B_scene_000043,000000000000000105
Adverse_B_scene_000043_000000000000000125.png,Adverse_B_scene_000043_000000000000000125.txt,Adverse_B,Adverse_B_scene_000043,000000000000000125
Adverse_B_scene_000043_000000000000000145.png,Adverse_B_scene_000043_000000000000000145.txt,Adverse_B,Adverse_B_scene_000043,000000000000000145
Adverse_B_scene_000043_000000000000000165.png,Adverse_B_scene_000043_000000000000000165.txt,Adverse_B,Adverse_B_scene_000043,000000000000000165
Adverse_B_scene_000043_000000000000000185.png,Adverse_B_scene_000043_000000000000000185.txt,Adverse_B,Adverse_B_scene_000043,000000000000000185
Adverse_B_scene_000043_000000000000000205.png,Adverse_B_scene_000043_000000000000000205.txt,Adverse_B,Adverse_B_scene_000043,000000000000000205
Adverse_B_scene_000044_000000000000000025.png,Adverse_B_scene_000044_000000000000000025.txt,Adverse_B,Adverse_B_scene_000044,000000000000000025
Adverse_B_scene_000044_000000000000000045.png,Adverse_B_scene_000044_000000000000000045.txt,Adverse_B,Adverse_B_scene_000044,000000000000000045
Adverse_B_scene_000044_000000000000000065.png,Adverse_B_scene_000044_000000000000000065.txt,Adverse_B,Adverse_B_scene_000044,000000000000000065
Adverse_B_scene_000044_000000000000000085.png,Adverse_B_scene_000044_000000000000000085.txt,Adverse_B,Adverse_B_scene_000044,000000000000000085
Adverse_B_scene_000044_000000000000000105.png,Adverse_B_scene_000044_000000000000000105.txt,Adverse_B,Adverse_B_scene_000044,000000000000000105
Adverse_B_scene_000044_000000000000000125.png,Adverse_B_scene_000044_000000000000000125.txt,Adverse_B,Adverse_B_scene_000044,000000000000000125
Adverse_B_scene_000044_000000000000000145.png,Adverse_B_scene_000044_000000000000000145.txt,Adverse_B,Adverse_B_scene_000044,000000000000000145
Adverse_B_scene_000044_000000000000000165.png,Adverse_B_scene_000044_000000000000000165.txt,Adverse_B,Adverse_B_scene_000044,000000000000000165
Adverse_B_scene_000044_000000000000000185.png,Adverse_B_scene_000044_000000000000000185.txt,Adverse_B,Adverse_B_scene_000044,000000000000000185
Adverse_B_scene_000044_000000000000000205.png,Adverse_B_scene_000044_000000000000000205.txt,Adverse_B,Adverse_B_scene_000044,000000000000000205
Adverse_B_scene_000045_000000000000000025.png,Adverse_B_scene_000045_000000000000000025.txt,Adverse_B,Adverse_B_scene_000045,000000000000000025
Adverse_B_scene_000045_000000000000000045.png,Adverse_B_scene_000045_000000000000000045.txt,Adverse_B,Adverse_B_scene_000045,000000000000000045
Adverse_B_scene_000045_000000000000000065.png,Adverse_B_scene_000045_000000000000000065.txt,Adverse_B,Adverse_B_scene_000045,000000000000000065
Adverse_B_scene_000045_000000000000000085.png,Adverse_B_scene_000045_000000000000000085.txt,Adverse_B,Adverse_B_scene_000045,000000000000000085
Adverse_B_scene_000045_000000000000000105.png,Adverse_B_scene_000045_000000000000000105.txt,Adverse_B,Adverse_B_scene_000045,000000000000000105
Adverse_B_scene_000045_000000000000000125.png,Adverse_B_scene_000045_000000000000000125.txt,Adverse_B,Adverse_B_scene_000045,000000000000000125
Adverse_B_scene_000045_000000000000000145.png,Adverse_B_scene_000045_000000000000000145.txt,Adverse_B,Adverse_B_scene_000045,000000000000000145
Adverse_B_scene_000045_000000000000000165.png,Adverse_B_scene_000045_000000000000000165.txt,Adverse_B,Adverse_B_scene_000045,000000000000000165
Adverse_B_scene_000045_000000000000000185.png,Adverse_B_scene_000045_000000000000000185.txt,Adverse_B,Adverse_B_scene_000045,000000000000000185
Adverse_B_scene_000045_000000000000000205.png,Adverse_B_scene_000045_000000000000000205.txt,Adverse_B,Adverse_B_scene_000045,000000000000000205
Adverse_B_scene_000046_000000000000000025.png,Adverse_B_scene_000046_000000000000000025.txt,Adverse_B,Adverse_B_scene_000046,000000000000000025
Adverse_B_scene_000046_000000000000000045.png,Adverse_B_scene_000046_000000000000000045.txt,Adverse_B,Adverse_B_scene_000046,000000000000000045
Adverse_B_scene_000046_000000000000000065.png,Adverse_B_scene_000046_000000000000000065.txt,Adverse_B,Adverse_B_scene_000046,000000000000000065
Adverse_B_scene_000046_000000000000000085.png,Adverse_B_scene_000046_000000000000000085.txt,Adverse_B,Adverse_B_scene_000046,000000000000000085
Adverse_B_scene_000046_000000000000000105.png,Adverse_B_scene_000046_000000000000000105.txt,Adverse_B,Adverse_B_scene_000046,000000000000000105
Adverse_B_scene_000046_000000000000000125.png,Adverse_B_scene_000046_000000000000000125.txt,Adverse_B,Adverse_B_scene_000046,000000000000000125
Adverse_B_scene_000046_000000000000000145.png,Adverse_B_scene_000046_000000000000000145.txt,Adverse_B,Adverse_B_scene_000046,000000000000000145
Adverse_B_scene_000046_000000000000000165.png,Adverse_B_scene_000046_000000000000000165.txt,Adverse_B,Adverse_B_scene_000046,000000000000000165
Adverse_B_scene_000046_000000000000000185.png,Adverse_B_scene_000046_000000000000000185.txt,Adverse_B,Adverse_B_scene_000046,000000000000000185
Adverse_B_scene_000046_000000000000000205.png,Adverse_B_scene_000046_000000000000000205.txt,Adverse_B,Adverse_B_scene_000046,000000000000000205
Adverse_B_scene_000047_000000000000000025.png,Adverse_B_scene_000047_000000000000000025.txt,Adverse_B,Adverse_B_scene_000047,000000000000000025
Adverse_B_scene_000047_000000000000000045.png,Adverse_B_scene_000047_000000000000000045.txt,Adverse_B,Adverse_B_scene_000047,000000000000000045
Adverse_B_scene_000047_000000000000000065.png,Adverse_B_scene_000047_000000000000000065.txt,Adverse_B,Adverse_B_scene_000047,000000000000000065
Adverse_B_scene_000047_000000000000000085.png,Adverse_B_scene_000047_000000000000000085.txt,Adverse_B,Adverse_B_scene_000047,000000000000000085
Adverse_B_scene_000047_000000000000000105.png,Adverse_B_scene_000047_000000000000000105.txt,Adverse_B,Adverse_B_scene_000047,000000000000000105
Adverse_B_scene_000047_000000000000000125.png,Adverse_B_scene_000047_000000000000000125.txt,Adverse_B,Adverse_B_scene_000047,000000000000000125
Adverse_B_scene_000047_000000000000000145.png,Adverse_B_scene_000047_000000000000000145.txt,Adverse_B,Adverse_B_scene_000047,000000000000000145
Adverse_B_scene_000047_000000000000000165.png,Adverse_B_scene_000047_000000000000000165.txt,Adverse_B,Adverse_B_scene_000047,000000000000000165
Adverse_B_scene_000047_000000000000000185.png,Adverse_B_scene_000047_000000000000000185.txt,Adverse_B,Adverse_B_scene_000047,000000000000000185
Adverse_B_scene_000047_000000000000000205.png,Adverse_B_scene_000047_000000000000000205.txt,Adverse_B,Adverse_B_scene_000047,000000000000000205
Adverse_B_scene_000048_000000000000000025.png,Adverse_B_scene_000048_000000000000000025.txt,Adverse_B,Adverse_B_scene_000048,000000000000000025
Adverse_B_scene_000048_000000000000000045.png,Adverse_B_scene_000048_000000000000000045.txt,Adverse_B,Adverse_B_scene_000048,000000000000000045
Adverse_B_scene_000048_000000000000000065.png,Adverse_B_scene_000048_000000000000000065.txt,Adverse_B,Adverse_B_scene_000048,000000000000000065
Adverse_B_scene_000048_000000000000000085.png,Adverse_B_scene_000048_000000000000000085.txt,Adverse_B,Adverse_B_scene_000048,000000000000000085
Adverse_B_scene_000048_000000000000000105.png,Adverse_B_scene_000048_000000000000000105.txt,Adverse_B,Adverse_B_scene_000048,000000000000000105
Adverse_B_scene_000048_000000000000000125.png,Adverse_B_scene_000048_000000000000000125.txt,Adverse_B,Adverse_B_scene_000048,000000000000000125
Adverse_B_scene_000048_000000000000000145.png,Adverse_B_scene_000048_000000000000000145.txt,Adverse_B,Adverse_B_scene_000048,000000000000000145
Adverse_B_scene_000048_000000000000000165.png,Adverse_B_scene_000048_000000000000000165.txt,Adverse_B,Adverse_B_scene_000048,000000000000000165
Adverse_B_scene_000048_000000000000000185.png,Adverse_B_scene_000048_000000000000000185.txt,Adverse_B,Adverse_B_scene_000048,000000000000000185
Adverse_B_scene_000048_000000000000000205.png,Adverse_B_scene_000048_000000000000000205.txt,Adverse_B,Adverse_B_scene_000048,000000000000000205
Adverse_B_scene_000049_000000000000000025.png,Adverse_B_scene_000049_000000000000000025.txt,Adverse_B,Adverse_B_scene_000049,000000000000000025
Adverse_B_scene_000049_000000000000000045.png,Adverse_B_scene_000049_000000000000000045.txt,Adverse_B,Adverse_B_scene_000049,000000000000000045
Adverse_B_scene_000049_000000000000000065.png,Adverse_B_scene_000049_000000000000000065.txt,Adverse_B,Adverse_B_scene_000049,000000000000000065
Adverse_B_scene_000049_000000000000000085.png,Adverse_B_scene_000049_000000000000000085.txt,Adverse_B,Adverse_B_scene_000049,000000000000000085
Adverse_B_scene_000049_000000000000000105.png,Adverse_B_scene_000049_000000000000000105.txt,Adverse_B,Adverse_B_scene_000049,000000000000000105
Adverse_B_scene_000049_000000000000000125.png,Adverse_B_scene_000049_000000000000000125.txt,Adverse_B,Adverse_B_scene_000049,000000000000000125
Adverse_B_scene_000049_000000000000000145.png,Adverse_B_scene_000049_000000000000000145.txt,Adverse_B,Adverse_B_scene_000049,000000000000000145
Adverse_B_scene_000049_000000000000000165.png,Adverse_B_scene_000049_000000000000000165.txt,Adverse_B,Adverse_B_scene_000049,000000000000000165
Adverse_B_scene_000049_000000000000000185.png,Adverse_B_scene_000049_000000000000000185.txt,Adverse_B,Adverse_B_scene_000049,000000000000000185
Adverse_B_scene_000049_000000000000000205.png,Adverse_B_scene_000049_000000000000000205.txt,Adverse_B,Adverse_B_scene_000049,000000000000000205
Adverse_B_scene_000050_000000000000000025.png,Adverse_B_scene_000050_000000000000000025.txt,Adverse_B,Adverse_B_scene_000050,000000000000000025
Adverse_B_scene_000050_000000000000000045.png,Adverse_B_scene_000050_000000000000000045.txt,Adverse_B,Adverse_B_scene_000050,000000000000000045
Adverse_B_scene_000050_000000000000000065.png,Adverse_B_scene_000050_000000000000000065.txt,Adverse_B,Adverse_B_scene_000050,000000000000000065
Adverse_B_scene_000050_000000000000000085.png,Adverse_B_scene_000050_000000000000000085.txt,Adverse_B,Adverse_B_scene_000050,000000000000000085
Adverse_B_scene_000050_000000000000000105.png,Adverse_B_scene_000050_000000000000000105.txt,Adverse_B,Adverse_B_scene_000050,000000000000000105
Adverse_B_scene_000050_000000000000000125.png,Adverse_B_scene_000050_000000000000000125.txt,Adverse_B,Adverse_B_scene_000050,000000000000000125
Adverse_B_scene_000050_000000000000000145.png,Adverse_B_scene_000050_000000000000000145.txt,Adverse_B,Adverse_B_scene_000050,000000000000000145
Adverse_B_scene_000050_000000000000000165.png,Adverse_B_scene_000050_000000000000000165.txt,Adverse_B,Adverse_B_scene_000050,000000000000000165
Adverse_B_scene_000050_000000000000000185.png,Adverse_B_scene_000050_000000000000000185.txt,Adverse_B,Adverse_B_scene_000050,000000000000000185
Adverse_B_scene_000050_000000000000000205.png,Adverse_B_scene_000050_000000000000000205.txt,Adverse_B,Adverse_B_scene_000050,000000000000000205
Adverse_B_scene_000051_000000000000000025.png,Adverse_B_scene_000051_000000000000000025.txt,Adverse_B,Adverse_B_scene_000051,000000000000000025
Adverse_B_scene_000051_000000000000000045.png,Adverse_B_scene_000051_000000000000000045.txt,Adverse_B,Adverse_B_scene_000051,000000000000000045
Adverse_B_scene_000051_000000000000000065.png,Adverse_B_scene_000051_000000000000000065.txt,Adverse_B,Adverse_B_scene_000051,000000000000000065
Adverse_B_scene_000051_000000000000000085.png,Adverse_B_scene_000051_000000000000000085.txt,Adverse_B,Adverse_B_scene_000051,000000000000000085
Adverse_B_scene_000051_000000000000000105.png,Adverse_B_scene_000051_000000000000000105.txt,Adverse_B,Adverse_B_scene_000051,000000000000000105
Adverse_B_scene_000051_000000000000000125.png,Adverse_B_scene_000051_000000000000000125.txt,Adverse_B,Adverse_B_scene_000051,000000000000000125
Adverse_B_scene_000051_000000000000000145.png,Adverse_B_scene_000051_000000000000000145.txt,Adverse_B,Adverse_B_scene_000051,000000000000000145
Adverse_B_scene_000051_000000000000000165.png,Adverse_B_scene_000051_000000000000000165.txt,Adverse_B,Adverse_B_scene_000051,000000000000000165
Adverse_B_scene_000051_000000000000000185.png,Adverse_B_scene_000051_000000000000000185.txt,Adverse_B,Adverse_B_scene_000051,000000000000000185
Adverse_B_scene_000051_000000000000000205.png,Adverse_B_scene_000051_000000000000000205.txt,Adverse_B,Adverse_B_scene_000051,000000000000000205
Adverse_B_scene_000052_000000000000000025.png,Adverse_B_scene_000052_000000000000000025.txt,Adverse_B,Adverse_B_scene_000052,000000000000000025
Adverse_B_scene_000052_000000000000000045.png,Adverse_B_scene_000052_000000000000000045.txt,Adverse_B,Adverse_B_scene_000052,000000000000000045
Adverse_B_scene_000052_000000000000000065.png,Adverse_B_scene_000052_000000000000000065.txt,Adverse_B,Adverse_B_scene_000052,000000000000000065
Adverse_B_scene_000052_000000000000000085.png,Adverse_B_scene_000052_000000000000000085.txt,Adverse_B,Adverse_B_scene_000052,000000000000000085
Adverse_B_scene_000052_000000000000000105.png,Adverse_B_scene_000052_000000000000000105.txt,Adverse_B,Adverse_B_scene_000052,000000000000000105
Adverse_B_scene_000052_000000000000000125.png,Adverse_B_scene_000052_000000000000000125.txt,Adverse_B,Adverse_B_scene_000052,000000000000000125
Adverse_B_scene_000052_000000000000000145.png,Adverse_B_scene_000052_000000000000000145.txt,Adverse_B,Adverse_B_scene_000052,000000000000000145
Adverse_B_scene_000052_000000000000000165.png,Adverse_B_scene_000052_000000000000000165.txt,Adverse_B,Adverse_B_scene_000052,000000000000000165
Adverse_B_scene_000052_000000000000000185.png,Adverse_B_scene_000052_000000000000000185.txt,Adverse_B,Adverse_B_scene_000052,000000000000000185
Adverse_B_scene_000052_000000000000000205.png,Adverse_B_scene_000052_000000000000000205.txt,Adverse_B,Adverse_B_scene_000052,000000000000000205
Adverse_B_scene_000053_000000000000000025.png,Adverse_B_scene_000053_000000000000000025.txt,Adverse_B,Adverse_B_scene_000053,000000000000000025
Adverse_B_scene_000053_000000000000000045.png,Adverse_B_scene_000053_000000000000000045.txt,Adverse_B,Adverse_B_scene_000053,000000000000000045
Adverse_B_scene_000053_000000000000000065.png,Adverse_B_scene_000053_000000000000000065.txt,Adverse_B,Adverse_B_scene_000053,000000000000000065
Adverse_B_scene_000053_000000000000000085.png,Adverse_B_scene_000053_000000000000000085.txt,Adverse_B,Adverse_B_scene_000053,000000000000000085
Adverse_B_scene_000053_000000000000000105.png,Adverse_B_scene_000053_000000000000000105.txt,Adverse_B,Adverse_B_scene_000053,000000000000000105
Adverse_B_scene_000053_000000000000000125.png,Adverse_B_scene_000053_000000000000000125.txt,Adverse_B,Adverse_B_scene_000053,000000000000000125
Adverse_B_scene_000053_000000000000000145.png,Adverse_B_scene_000053_000000000000000145.txt,Adverse_B,Adverse_B_scene_000053,000000000000000145
Adverse_B_scene_000053_000000000000000165.png,Adverse_B_scene_000053_000000000000000165.txt,Adverse_B,Adverse_B_scene_000053,000000000000000165
Adverse_B_scene_000053_000000000000000185.png,Adverse_B_scene_000053_000000000000000185.txt,Adverse_B,Adverse_B_scene_000053,000000000000000185
Adverse_B_scene_000053_000000000000000205.png,Adverse_B_scene_000053_000000000000000205.txt,Adverse_B,Adverse_B_scene_000053,000000000000000205
Adverse_B_scene_000054_000000000000000025.png,Adverse_B_scene_000054_000000000000000025.txt,Adverse_B,Adverse_B_scene_000054,000000000000000025
Adverse_B_scene_000054_000000000000000045.png,Adverse_B_scene_000054_000000000000000045.txt,Adverse_B,Adverse_B_scene_000054,000000000000000045
Adverse_B_scene_000054_000000000000000065.png,Adverse_B_scene_000054_000000000000000065.txt,Adverse_B,Adverse_B_scene_000054,000000000000000065
Adverse_B_scene_000054_000000000000000085.png,Adverse_B_scene_000054_000000000000000085.txt,Adverse_B,Adverse_B_scene_000054,000000000000000085
Adverse_B_scene_000054_000000000000000105.png,Adverse_B_scene_000054_000000000000000105.txt,Adverse_B,Adverse_B_scene_000054,000000000000000105
Adverse_B_scene_000054_000000000000000125.png,Adverse_B_scene_000054_000000000000000125.txt,Adverse_B,Adverse_B_scene_000054,000000000000000125
Adverse_B_scene_000054_000000000000000145.png,Adverse_B_scene_000054_000000000000000145.txt,Adverse_B,Adverse_B_scene_000054,000000000000000145
Adverse_B_scene_000054_000000000000000165.png,Adverse_B_scene_000054_000000000000000165.txt,Adverse_B,Adverse_B_scene_000054,000000000000000165
Adverse_B_scene_000054_000000000000000185.png,Adverse_B_scene_000054_000000000000000185.txt,Adverse_B,Adverse_B_scene_000054,000000000000000185
Adverse_B_scene_000054_000000000000000205.png,Adverse_B_scene_000054_000000000000000205.txt,Adverse_B,Adverse_B_scene_000054,000000000000000205
Adverse_B_scene_000055_000000000000000025.png,Adverse_B_scene_000055_000000000000000025.txt,Adverse_B,Adverse_B_scene_000055,000000000000000025
Adverse_B_scene_000055_000000000000000045.png,Adverse_B_scene_000055_000000000000000045.txt,Adverse_B,Adverse_B_scene_000055,000000000000000045
Adverse_B_scene_000055_000000000000000065.png,Adverse_B_scene_000055_000000000000000065.txt,Adverse_B,Adverse_B_scene_000055,000000000000000065
Adverse_B_scene_000055_000000000000000085.png,Adverse_B_scene_000055_000000000000000085.txt,Adverse_B,Adverse_B_scene_000055,000000000000000085
Adverse_B_scene_000055_000000000000000105.png,Adverse_B_scene_000055_000000000000000105.txt,Adverse_B,Adverse_B_scene_000055,000000000000000105
Adverse_B_scene_000055_000000000000000125.png,Adverse_B_scene_000055_000000000000000125.txt,Adverse_B,Adverse_B_scene_000055,000000000000000125
Adverse_B_scene_000055_000000000000000145.png,Adverse_B_scene_000055_000000000000000145.txt,Adverse_B,Adverse_B_scene_000055,000000000000000145
Adverse_B_scene_000055_000000000000000165.png,Adverse_B_scene_000055_000000000000000165.txt,Adverse_B,Adverse_B_scene_000055,000000000000000165
Adverse_B_scene_000055_000000000000000185.png,Adverse_B_scene_000055_000000000000000185.txt,Adverse_B,Adverse_B_scene_000055,000000000000000185
Adverse_B_scene_000055_000000000000000205.png,Adverse_B_scene_000055_000000000000000205.txt,Adverse_B,Adverse_B_scene_000055,000000000000000205
Adverse_B_scene_000056_000000000000000025.png,Adverse_B_scene_000056_000000000000000025.txt,Adverse_B,Adverse_B_scene_000056,000000000000000025
Adverse_B_scene_000056_000000000000000045.png,Adverse_B_scene_000056_000000000000000045.txt,Adverse_B,Adverse_B_scene_000056,000000000000000045
Adverse_B_scene_000056_000000000000000065.png,Adverse_B_scene_000056_000000000000000065.txt,Adverse_B,Adverse_B_scene_000056,000000000000000065
Adverse_B_scene_000056_000000000000000085.png,Adverse_B_scene_000056_000000000000000085.txt,Adverse_B,Adverse_B_scene_000056,000000000000000085
Adverse_B_scene_000056_000000000000000105.png,Adverse_B_scene_000056_000000000000000105.txt,Adverse_B,Adverse_B_scene_000056,000000000000000105
Adverse_B_scene_000056_000000000000000125.png,Adverse_B_scene_000056_000000000000000125.txt,Adverse_B,Adverse_B_scene_000056,000000000000000125
Adverse_B_scene_000056_000000000000000145.png,Adverse_B_scene_000056_000000000000000145.txt,Adverse_B,Adverse_B_scene_000056,000000000000000145
Adverse_B_scene_000056_000000000000000165.png,Adverse_B_scene_000056_000000000000000165.txt,Adverse_B,Adverse_B_scene_000056,000000000000000165
Adverse_B_scene_000056_000000000000000185.png,Adverse_B_scene_000056_000000000000000185.txt,Adverse_B,Adverse_B_scene_000056,000000000000000185
Adverse_B_scene_000056_000000000000000205.png,Adverse_B_scene_000056_000000000000000205.txt,Adverse_B,Adverse_B_scene_000056,000000000000000205
Adverse_B_scene_000057_000000000000000025.png,Adverse_B_scene_000057_000000000000000025.txt,Adverse_B,Adverse_B_scene_000057,000000000000000025
Adverse_B_scene_000057_000000000000000045.png,Adverse_B_scene_000057_000000000000000045.txt,Adverse_B,Adverse_B_scene_000057,000000000000000045
Adverse_B_scene_000057_000000000000000065.png,Adverse_B_scene_000057_000000000000000065.txt,Adverse_B,Adverse_B_scene_000057,000000000000000065
Adverse_B_scene_000057_000000000000000085.png,Adverse_B_scene_000057_000000000000000085.txt,Adverse_B,Adverse_B_scene_000057,000000000000000085
Adverse_B_scene_000057_000000000000000105.png,Adverse_B_scene_000057_000000000000000105.txt,Adverse_B,Adverse_B_scene_000057,000000000000000105
Adverse_B_scene_000057_000000000000000125.png,Adverse_B_scene_000057_000000000000000125.txt,Adverse_B,Adverse_B_scene_000057,000000000000000125
Adverse_B_scene_000057_000000000000000145.png,Adverse_B_scene_000057_000000000000000145.txt,Adverse_B,Adverse_B_scene_000057,000000000000000145
Adverse_B_scene_000057_000000000000000165.png,Adverse_B_scene_000057_000000000000000165.txt,Adverse_B,Adverse_B_scene_000057,000000000000000165
Adverse_B_scene_000057_000000000000000185.png,Adverse_B_scene_000057_000000000000000185.txt,Adverse_B,Adverse_B_scene_000057,000000000000000185
Adverse_B_scene_000057_000000000000000205.png,Adverse_B_scene_000057_000000000000000205.txt,Adverse_B,Adverse_B_scene_000057,000000000000000205
Adverse_B_scene_000058_000000000000000025.png,Adverse_B_scene_000058_000000000000000025.txt,Adverse_B,Adverse_B_scene_000058,000000000000000025
Adverse_B_scene_000058_000000000000000045.png,Adverse_B_scene_000058_000000000000000045.txt,Adverse_B,Adverse_B_scene_000058,000000000000000045
Adverse_B_scene_000058_000000000000000065.png,Adverse_B_scene_000058_000000000000000065.txt,Adverse_B,Adverse_B_scene_000058,000000000000000065
Adverse_B_scene_000058_000000000000000085.png,Adverse_B_scene_000058_000000000000000085.txt,Adverse_B,Adverse_B_scene_000058,000000000000000085
Adverse_B_scene_000058_000000000000000105.png,Adverse_B_scene_000058_000000000000000105.txt,Adverse_B,Adverse_B_scene_000058,000000000000000105
Adverse_B_scene_000058_000000000000000125.png,Adverse_B_scene_000058_000000000000000125.txt,Adverse_B,Adverse_B_scene_000058,000000000000000125
Adverse_B_scene_000058_000000000000000145.png,Adverse_B_scene_000058_000000000000000145.txt,Adverse_B,Adverse_B_scene_000058,000000000000000145
Adverse_B_scene_000058_000000000000000165.png,Adverse_B_scene_000058_000000000000000165.txt,Adverse_B,Adverse_B_scene_000058,000000000000000165
Adverse_B_scene_000058_000000000000000185.png,Adverse_B_scene_000058_000000000000000185.txt,Adverse_B,Adverse_B_scene_000058,000000000000000185
Adverse_B_scene_000058_000000000000000205.png,Adverse_B_scene_000058_000000000000000205.txt,Adverse_B,Adverse_B_scene_000058,000000000000000205
Adverse_B_scene_000059_000000000000000025.png,Adverse_B_scene_000059_000000000000000025.txt,Adverse_B,Adverse_B_scene_000059,000000000000000025
Adverse_B_scene_000059_000000000000000045.png,Adverse_B_scene_000059_000000000000000045.txt,Adverse_B,Adverse_B_scene_000059,000000000000000045
Adverse_B_scene_000059_000000000000000065.png,Adverse_B_scene_000059_000000000000000065.txt,Adverse_B,Adverse_B_scene_000059,000000000000000065
Adverse_B_scene_000059_000000000000000085.png,Adverse_B_scene_000059_000000000000000085.txt,Adverse_B,Adverse_B_scene_000059,000000000000000085
Adverse_B_scene_000059_000000000000000105.png,Adverse_B_scene_000059_000000000000000105.txt,Adverse_B,Adverse_B_scene_000059,000000000000000105
Adverse_B_scene_000059_000000000000000125.png,Adverse_B_scene_000059_000000000000000125.txt,Adverse_B,Adverse_B_scene_000059,000000000000000125
Adverse_B_scene_000059_000000000000000145.png,Adverse_B_scene_000059_000000000000000145.txt,Adverse_B,Adverse_B_scene_000059,000000000000000145
Adverse_B_scene_000059_000000000000000165.png,Adverse_B_scene_000059_000000000000000165.txt,Adverse_B,Adverse_B_scene_000059,000000000000000165
Adverse_B_scene_000059_000000000000000185.png,Adverse_B_scene_000059_000000000000000185.txt,Adverse_B,Adverse_B_scene_000059,000000000000000185
Adverse_B_scene_000059_000000000000000205.png,Adverse_B_scene_000059_000000000000000205.txt,Adverse_B,Adverse_B_scene_000059,000000000000000205
Adverse_B_scene_000060_000000000000000025.png,Adverse_B_scene_000060_000000000000000025.txt,Adverse_B,Adverse_B_scene_000060,000000000000000025
Adverse_B_scene_000060_000000000000000045.png,Adverse_B_scene_000060_000000000000000045.txt,Adverse_B,Adverse_B_scene_000060,000000000000000045
Adverse_B_scene_000060_000000000000000065.png,Adverse_B_scene_000060_000000000000000065.txt,Adverse_B,Adverse_B_scene_000060,000000000000000065
Adverse_B_scene_000060_000000000000000085.png,Adverse_B_scene_000060_000000000000000085.txt,Adverse_B,Adverse_B_scene_000060,000000000000000085
Adverse_B_scene_000060_000000000000000105.png,Adverse_B_scene_000060_000000000000000105.txt,Adverse_B,Adverse_B_scene_000060,000000000000000105
Adverse_B_scene_000060_000000000000000125.png,Adverse_B_scene_000060_000000000000000125.txt,Adverse_B,Adverse_B_scene_000060,000000000000000125
Adverse_B_scene_000060_000000000000000145.png,Adverse_B_scene_000060_000000000000000145.txt,Adverse_B,Adverse_B_scene_000060,000000000000000145
Adverse_B_scene_000060_000000000000000165.png,Adverse_B_scene_000060_000000000000000165.txt,Adverse_B,Adverse_B_scene_000060,000000000000000165
Adverse_B_scene_000060_000000000000000185.png,Adverse_B_scene_000060_000000000000000185.txt,Adverse_B,Adverse_B_scene_000060,000000000000000185
Adverse_B_scene_000060_000000000000000205.png,Adverse_B_scene_000060_000000000000000205.txt,Adverse_B,Adverse_B_scene_000060,000000000000000205
Adverse_B_scene_000061_000000000000000025.png,Adverse_B_scene_000061_000000000000000025.txt,Adverse_B,Adverse_B_scene_000061,000000000000000025
Adverse_B_scene_000061_000000000000000045.png,Adverse_B_scene_000061_000000000000000045.txt,Adverse_B,Adverse_B_scene_000061,000000000000000045
Adverse_B_scene_000061_000000000000000065.png,Adverse_B_scene_000061_000000000000000065.txt,Adverse_B,Adverse_B_scene_000061,000000000000000065
Adverse_B_scene_000061_000000000000000085.png,Adverse_B_scene_000061_000000000000000085.txt,Adverse_B,Adverse_B_scene_000061,000000000000000085
Adverse_B_scene_000061_000000000000000105.png,Adverse_B_scene_000061_000000000000000105.txt,Adverse_B,Adverse_B_scene_000061,000000000000000105
Adverse_B_scene_000061_000000000000000125.png,Adverse_B_scene_000061_000000000000000125.txt,Adverse_B,Adverse_B_scene_000061,000000000000000125
Adverse_B_scene_000061_000000000000000145.png,Adverse_B_scene_000061_000000000000000145.txt,Adverse_B,Adverse_B_scene_000061,000000000000000145
Adverse_B_scene_000061_000000000000000165.png,Adverse_B_scene_000061_000000000000000165.txt,Adverse_B,Adverse_B_scene_000061,000000000000000165
Adverse_B_scene_000061_000000000000000185.png,Adverse_B_scene_000061_000000000000000185.txt,Adverse_B,Adverse_B_scene_000061,000000000000000185
Adverse_B_scene_000061_000000000000000205.png,Adverse_B_scene_000061_000000000000000205.txt,Adverse_B,Adverse_B_scene_000061,000000000000000205
Adverse_B_scene_000062_000000000000000025.png,Adverse_B_scene_000062_000000000000000025.txt,Adverse_B,Adverse_B_scene_000062,000000000000000025
Adverse_B_scene_000062_000000000000000045.png,Adverse_B_scene_000062_000000000000000045.txt,Adverse_B,Adverse_B_scene_000062,000000000000000045
Adverse_B_scene_000062_000000000000000065.png,Adverse_B_scene_000062_000000000000000065.txt,Adverse_B,Adverse_B_scene_000062,000000000000000065
Adverse_B_scene_000062_000000000000000085.png,Adverse_B_scene_000062_000000000000000085.txt,Adverse_B,Adverse_B_scene_000062,000000000000000085
Adverse_B_scene_000062_000000000000000105.png,Adverse_B_scene_000062_000000000000000105.txt,Adverse_B,Adverse_B_scene_000062,000000000000000105
Adverse_B_scene_000062_000000000000000125.png,Adverse_B_scene_000062_000000000000000125.txt,Adverse_B,Adverse_B_scene_000062,000000000000000125
Adverse_B_scene_000062_000000000000000145.png,Adverse_B_scene_000062_000000000000000145.txt,Adverse_B,Adverse_B_scene_000062,000000000000000145
Adverse_B_scene_000062_000000000000000165.png,Adverse_B_scene_000062_000000000000000165.txt,Adverse_B,Adverse_B_scene_000062,000000000000000165
Adverse_B_scene_000062_000000000000000185.png,Adverse_B_scene_000062_000000000000000185.txt,Adverse_B,Adverse_B_scene_000062,000000000000000185
Adverse_B_scene_000062_000000000000000205.png,Adverse_B_scene_000062_000000000000000205.txt,Adverse_B,Adverse_B_scene_000062,000000000000000205
Adverse_B_scene_000063_000000000000000025.png,Adverse_B_scene_000063_000000000000000025.txt,Adverse_B,Adverse_B_scene_000063,000000000000000025
Adverse_B_scene_000063_000000000000000045.png,Adverse_B_scene_000063_000000000000000045.txt,Adverse_B,Adverse_B_scene_000063,000000000000000045
Adverse_B_scene_000063_000000000000000065.png,Adverse_B_scene_000063_000000000000000065.txt,Adverse_B,Adverse_B_scene_000063,000000000000000065
Adverse_B_scene_000063_000000000000000085.png,Adverse_B_scene_000063_000000000000000085.txt,Adverse_B,Adverse_B_scene_000063,000000000000000085
Adverse_B_scene_000063_000000000000000105.png,Adverse_B_scene_000063_000000000000000105.txt,Adverse_B,Adverse_B_scene_000063,000000000000000105
Adverse_B_scene_000063_000000000000000125.png,Adverse_B_scene_000063_000000000000000125.txt,Adverse_B,Adverse_B_scene_000063,000000000000000125
Adverse_B_scene_000063_000000000000000145.png,Adverse_B_scene_000063_000000000000000145.txt,Adverse_B,Adverse_B_scene_000063,000000000000000145
Adverse_B_scene_000063_000000000000000165.png,Adverse_B_scene_000063_000000000000000165.txt,Adverse_B,Adverse_B_scene_000063,000000000000000165
Adverse_B_scene_000063_000000000000000185.png,Adverse_B_scene_000063_000000000000000185.txt,Adverse_B,Adverse_B_scene_000063,000000000000000185
Adverse_B_scene_000063_000000000000000205.png,Adverse_B_scene_000063_000000000000000205.txt,Adverse_B,Adverse_B_scene_000063,000000000000000205
Adverse_B_scene_000064_000000000000000025.png,Adverse_B_scene_000064_000000000000000025.txt,Adverse_B,Adverse_B_scene_000064,000000000000000025
Adverse_B_scene_000064_000000000000000045.png,Adverse_B_scene_000064_000000000000000045.txt,Adverse_B,Adverse_B_scene_000064,000000000000000045
Adverse_B_scene_000064_000000000000000065.png,Adverse_B_scene_000064_000000000000000065.txt,Adverse_B,Adverse_B_scene_000064,000000000000000065
Adverse_B_scene_000064_000000000000000085.png,Adverse_B_scene_000064_000000000000000085.txt,Adverse_B,Adverse_B_scene_000064,000000000000000085
Adverse_B_scene_000064_000000000000000105.png,Adverse_B_scene_000064_000000000000000105.txt,Adverse_B,Adverse_B_scene_000064,000000000000000105
Adverse_B_scene_000064_000000000000000125.png,Adverse_B_scene_000064_000000000000000125.txt,Adverse_B,Adverse_B_scene_000064,000000000000000125
Adverse_B_scene_000064_000000000000000145.png,Adverse_B_scene_000064_000000000000000145.txt,Adverse_B,Adverse_B_scene_000064,000000000000000145
Adverse_B_scene_000064_000000000000000165.png,Adverse_B_scene_000064_000000000000000165.txt,Adverse_B,Adverse_B_scene_000064,000000000000000165
Adverse_B_scene_000064_000000000000000185.png,Adverse_B_scene_000064_000000000000000185.txt,Adverse_B,Adverse_B_scene_000064,000000000000000185
Adverse_B_scene_000064_000000000000000205.png,Adverse_B_scene_000064_000000000000000205.txt,Adverse_B,Adverse_B_scene_000064,000000000000000205
Adverse_B_scene_000065_000000000000000025.png,Adverse_B_scene_000065_000000000000000025.txt,Adverse_B,Adverse_B_scene_000065,000000000000000025
Adverse_B_scene_000065_000000000000000045.png,Adverse_B_scene_000065_000000000000000045.txt,Adverse_B,Adverse_B_scene_000065,000000000000000045
Adverse_B_scene_000065_000000000000000065.png,Adverse_B_scene_000065_000000000000000065.txt,Adverse_B,Adverse_B_scene_000065,000000000000000065
Adverse_B_scene_000065_000000000000000085.png,Adverse_B_scene_000065_000000000000000085.txt,Adverse_B,Adverse_B_scene_000065,000000000000000085
Adverse_B_scene_000065_000000000000000105.png,Adverse_B_scene_000065_000000000000000105.txt,Adverse_B,Adverse_B_scene_000065,000000000000000105
Adverse_B_scene_000065_000000000000000125.png,Adverse_B_scene_000065_000000000000000125.txt,Adverse_B,Adverse_B_scene_000065,000000000000000125
Adverse_B_scene_000065_000000000000000145.png,Adverse_B_scene_000065_000000000000000145.txt,Adverse_B,Adverse_B_scene_000065,000000000000000145
Adverse_B_scene_000065_000000000000000165.png,Adverse_B_scene_000065_000000000000000165.txt,Adverse_B,Adverse_B_scene_000065,000000000000000165
Adverse_B_scene_000065_000000000000000185.png,Adverse_B_scene_000065_000000000000000185.txt,Adverse_B,Adverse_B_scene_000065,000000000000000185
Adverse_B_scene_000065_000000000000000205.png,Adverse_B_scene_000065_000000000000000205.txt,Adverse_B,Adverse_B_scene_000065,000000000000000205
Adverse_B_scene_000066_000000000000000025.png,Adverse_B_scene_000066_000000000000000025.txt,Adverse_B,Adverse_B_scene_000066,000000000000000025
Adverse_B_scene_000066_000000000000000045.png,Adverse_B_scene_000066_000000000000000045.txt,Adverse_B,Adverse_B_scene_000066,000000000000000045
Adverse_B_scene_000066_000000000000000065.png,Adverse_B_scene_000066_000000000000000065.txt,Adverse_B,Adverse_B_scene_000066,000000000000000065
Adverse_B_scene_000066_000000000000000085.png,Adverse_B_scene_000066_000000000000000085.txt,Adverse_B,Adverse_B_scene_000066,000000000000000085
Adverse_B_scene_000066_000000000000000105.png,Adverse_B_scene_000066_000000000000000105.txt,Adverse_B,Adverse_B_scene_000066,000000000000000105
Adverse_B_scene_000066_000000000000000125.png,Adverse_B_scene_000066_000000000000000125.txt,Adverse_B,Adverse_B_scene_000066,000000000000000125
Adverse_B_scene_000066_000000000000000145.png,Adverse_B_scene_000066_000000000000000145.txt,Adverse_B,Adverse_B_scene_000066,000000000000000145
Adverse_B_scene_000066_000000000000000165.png,Adverse_B_scene_000066_000000000000000165.txt,Adverse_B,Adverse_B_scene_000066,000000000000000165
Adverse_B_scene_000066_000000000000000185.png,Adverse_B_scene_000066_000000000000000185.txt,Adverse_B,Adverse_B_scene_000066,000000000000000185
Adverse_B_scene_000066_000000000000000205.png,Adverse_B_scene_000066_000000000000000205.txt,Adverse_B,Adverse_B_scene_000066,000000000000000205
Adverse_B_scene_000067_000000000000000025.png,Adverse_B_scene_000067_000000000000000025.txt,Adverse_B,Adverse_B_scene_000067,000000000000000025
Adverse_B_scene_000067_000000000000000045.png,Adverse_B_scene_000067_000000000000000045.txt,Adverse_B,Adverse_B_scene_000067,000000000000000045
Adverse_B_scene_000067_000000000000000065.png,Adverse_B_scene_000067_000000000000000065.txt,Adverse_B,Adverse_B_scene_000067,000000000000000065
Adverse_B_scene_000067_000000000000000085.png,Adverse_B_scene_000067_000000000000000085.txt,Adverse_B,Adverse_B_scene_000067,000000000000000085
Adverse_B_scene_000067_000000000000000105.png,Adverse_B_scene_000067_000000000000000105.txt,Adverse_B,Adverse_B_scene_000067,000000000000000105
Adverse_B_scene_000067_000000000000000125.png,Adverse_B_scene_000067_000000000000000125.txt,Adverse_B,Adverse_B_scene_000067,000000000000000125
Adverse_B_scene_000067_000000000000000145.png,Adverse_B_scene_000067_000000000000000145.txt,Adverse_B,Adverse_B_scene_000067,000000000000000145
Adverse_B_scene_000067_000000000000000165.png,Adverse_B_scene_000067_000000000000000165.txt,Adverse_B,Adverse_B_scene_000067,000000000000000165
Adverse_B_scene_000067_000000000000000185.png,Adverse_B_scene_000067_000000000000000185.txt,Adverse_B,Adverse_B_scene_000067,000000000000000185
Adverse_B_scene_000067_000000000000000205.png,Adverse_B_scene_000067_000000000000000205.txt,Adverse_B,Adverse_B_scene_000067,000000000000000205
Adverse_B_scene_000068_000000000000000025.png,Adverse_B_scene_000068_000000000000000025.txt,Adverse_B,Adverse_B_scene_000068,000000000000000025
Adverse_B_scene_000068_000000000000000045.png,Adverse_B_scene_000068_000000000000000045.txt,Adverse_B,Adverse_B_scene_000068,000000000000000045
Adverse_B_scene_000068_000000000000000065.png,Adverse_B_scene_000068_000000000000000065.txt,Adverse_B,Adverse_B_scene_000068,000000000000000065
Adverse_B_scene_000068_000000000000000085.png,Adverse_B_scene_000068_000000000000000085.txt,Adverse_B,Adverse_B_scene_000068,000000000000000085
Adverse_B_scene_000068_000000000000000105.png,Adverse_B_scene_000068_000000000000000105.txt,Adverse_B,Adverse_B_scene_000068,000000000000000105
Adverse_B_scene_000068_000000000000000125.png,Adverse_B_scene_000068_000000000000000125.txt,Adverse_B,Adverse_B_scene_000068,000000000000000125
Adverse_B_scene_000068_000000000000000145.png,Adverse_B_scene_000068_000000000000000145.txt,Adverse_B,Adverse_B_scene_000068,000000000000000145
Adverse_B_scene_000068_000000000000000165.png,Adverse_B_scene_000068_000000000000000165.txt,Adverse_B,Adverse_B_scene_000068,000000000000000165
Adverse_B_scene_000068_000000000000000185.png,Adverse_B_scene_000068_000000000000000185.txt,Adverse_B,Adverse_B_scene_000068,000000000000000185
Adverse_B_scene_000068_000000000000000205.png,Adverse_B_scene_000068_000000000000000205.txt,Adverse_B,Adverse_B_scene_000068,000000000000000205
Adverse_B_scene_000069_000000000000000025.png,Adverse_B_scene_000069_000000000000000025.txt,Adverse_B,Adverse_B_scene_000069,000000000000000025
Adverse_B_scene_000069_000000000000000045.png,Adverse_B_scene_000069_000000000000000045.txt,Adverse_B,Adverse_B_scene_000069,000000000000000045
Adverse_B_scene_000069_000000000000000065.png,Adverse_B_scene_000069_000000000000000065.txt,Adverse_B,Adverse_B_scene_000069,000000000000000065
Adverse_B_scene_000069_000000000000000085.png,Adverse_B_scene_000069_000000000000000085.txt,Adverse_B,Adverse_B_scene_000069,000000000000000085
Adverse_B_scene_000069_000000000000000105.png,Adverse_B_scene_000069_000000000000000105.txt,Adverse_B,Adverse_B_scene_000069,000000000000000105
Adverse_B_scene_000069_000000000000000125.png,Adverse_B_scene_000069_000000000000000125.txt,Adverse_B,Adverse_B_scene_000069,000000000000000125
Adverse_B_scene_000069_000000000000000145.png,Adverse_B_scene_000069_000000000000000145.txt,Adverse_B,Adverse_B_scene_000069,000000000000000145
Adverse_B_scene_000069_000000000000000165.png,Adverse_B_scene_000069_000000000000000165.txt,Adverse_B,Adverse_B_scene_000069,000000000000000165
Adverse_B_scene_000069_000000000000000185.png,Adverse_B_scene_000069_000000000000000185.txt,Adverse_B,Adverse_B_scene_000069,000000000000000185
Adverse_B_scene_000069_000000000000000205.png,Adverse_B_scene_000069_000000000000000205.txt,Adverse_B,Adverse_B_scene_000069,000000000000000205
Adverse_B_scene_000070_000000000000000025.png,Adverse_B_scene_000070_000000000000000025.txt,Adverse_B,Adverse_B_scene_000070,000000000000000025
Adverse_B_scene_000070_000000000000000045.png,Adverse_B_scene_000070_000000000000000045.txt,Adverse_B,Adverse_B_scene_000070,000000000000000045
Adverse_B_scene_000070_000000000000000065.png,Adverse_B_scene_000070_000000000000000065.txt,Adverse_B,Adverse_B_scene_000070,000000000000000065
Adverse_B_scene_000070_000000000000000085.png,Adverse_B_scene_000070_000000000000000085.txt,Adverse_B,Adverse_B_scene_000070,000000000000000085
Adverse_B_scene_000070_000000000000000105.png,Adverse_B_scene_000070_000000000000000105.txt,Adverse_B,Adverse_B_scene_000070,000000000000000105
Adverse_B_scene_000070_000000000000000125.png,Adverse_B_scene_000070_000000000000000125.txt,Adverse_B,Adverse_B_scene_000070,000000000000000125
Adverse_B_scene_000070_000000000000000145.png,Adverse_B_scene_000070_000000000000000145.txt,Adverse_B,Adverse_B_scene_000070,000000000000000145
Adverse_B_scene_000070_000000000000000165.png,Adverse_B_scene_000070_000000000000000165.txt,Adverse_B,Adverse_B_scene_000070,000000000000000165
Adverse_B_scene_000070_000000000000000185.png,Adverse_B_scene_000070_000000000000000185.txt,Adverse_B,Adverse_B_scene_000070,000000000000000185
Adverse_B_scene_000070_000000000000000205.png,Adverse_B_scene_000070_000000000000000205.txt,Adverse_B,Adverse_B_scene_000070,000000000000000205
Adverse_B_scene_000071_000000000000000025.png,Adverse_B_scene_000071_000000000000000025.txt,Adverse_B,Adverse_B_scene_000071,000000000000000025
Adverse_B_scene_000071_000000000000000045.png,Adverse_B_scene_000071_000000000000000045.txt,Adverse_B,Adverse_B_scene_000071,000000000000000045
Adverse_B_scene_000071_000000000000000065.png,Adverse_B_scene_000071_000000000000000065.txt,Adverse_B,Adverse_B_scene_000071,000000000000000065
Adverse_B_scene_000071_000000000000000085.png,Adverse_B_scene_000071_000000000000000085.txt,Adverse_B,Adverse_B_scene_000071,000000000000000085
Adverse_B_scene_000071_000000000000000105.png,Adverse_B_scene_000071_000000000000000105.txt,Adverse_B,Adverse_B_scene_000071,000000000000000105
Adverse_B_scene_000071_000000000000000125.png,Adverse_B_scene_000071_000000000000000125.txt,Adverse_B,Adverse_B_scene_000071,000000000000000125
Adverse_B_scene_000071_000000000000000145.png,Adverse_B_scene_000071_000000000000000145.txt,Adverse_B,Adverse_B_scene_000071,000000000000000145
Adverse_B_scene_000071_000000000000000165.png,Adverse_B_scene_000071_000000000000000165.txt,Adverse_B,Adverse_B_scene_000071,000000000000000165
Adverse_B_scene_000071_000000000000000185.png,Adverse_B_scene_000071_000000000000000185.txt,Adverse_B,Adverse_B_scene_000071,000000000000000185
Adverse_B_scene_000071_000000000000000205.png,Adverse_B_scene_000071_000000000000000205.txt,Adverse_B,Adverse_B_scene_000071,000000000000000205
Adverse_B_scene_000072_000000000000000025.png,Adverse_B_scene_000072_000000000000000025.txt,Adverse_B,Adverse_B_scene_000072,000000000000000025
Adverse_B_scene_000072_000000000000000045.png,Adverse_B_scene_000072_000000000000000045.txt,Adverse_B,Adverse_B_scene_000072,000000000000000045
Adverse_B_scene_000072_000000000000000065.png,Adverse_B_scene_000072_000000000000000065.txt,Adverse_B,Adverse_B_scene_000072,000000000000000065
Adverse_B_scene_000072_000000000000000085.png,Adverse_B_scene_000072_000000000000000085.txt,Adverse_B,Adverse_B_scene_000072,000000000000000085
Adverse_B_scene_000072_000000000000000105.png,Adverse_B_scene_000072_000000000000000105.txt,Adverse_B,Adverse_B_scene_000072,000000000000000105
Adverse_B_scene_000072_000000000000000125.png,Adverse_B_scene_000072_000000000000000125.txt,Adverse_B,Adverse_B_scene_000072,000000000000000125
Adverse_B_scene_000072_000000000000000145.png,Adverse_B_scene_000072_000000000000000145.txt,Adverse_B,Adverse_B_scene_000072,000000000000000145
Adverse_B_scene_000072_000000000000000165.png,Adverse_B_scene_000072_000000000000000165.txt,Adverse_B,Adverse_B_scene_000072,000000000000000165
Adverse_B_scene_000072_000000000000000185.png,Adverse_B_scene_000072_000000000000000185.txt,Adverse_B,Adverse_B_scene_000072,000000000000000185
Adverse_B_scene_000072_000000000000000205.png,Adverse_B_scene_000072_000000000000000205.txt,Adverse_B,Adverse_B_scene_000072,000000000000000205
Adverse_B_scene_000073_000000000000000025.png,Adverse_B_scene_000073_000000000000000025.txt,Adverse_B,Adverse_B_scene_000073,000000000000000025
Adverse_B_scene_000073_000000000000000045.png,Adverse_B_scene_000073_000000000000000045.txt,Adverse_B,Adverse_B_scene_000073,000000000000000045
Adverse_B_scene_000073_000000000000000065.png,Adverse_B_scene_000073_000000000000000065.txt,Adverse_B,Adverse_B_scene_000073,000000000000000065
Adverse_B_scene_000073_000000000000000085.png,Adverse_B_scene_000073_000000000000000085.txt,Adverse_B,Adverse_B_scene_000073,000000000000000085
Adverse_B_scene_000073_000000000000000105.png,Adverse_B_scene_000073_000000000000000105.txt,Adverse_B,Adverse_B_scene_000073,000000000000000105
Adverse_B_scene_000073_000000000000000125.png,Adverse_B_scene_000073_000000000000000125.txt,Adverse_B,Adverse_B_scene_000073,000000000000000125
Adverse_B_scene_000073_000000000000000145.png,Adverse_B_scene_000073_000000000000000145.txt,Adverse_B,Adverse_B_scene_000073,000000000000000145
Adverse_B_scene_000073_000000000000000165.png,Adverse_B_scene_000073_000000000000000165.txt,Adverse_B,Adverse_B_scene_000073,000000000000000165
Adverse_B_scene_000073_000000000000000185.png,Adverse_B_scene_000073_000000000000000185.txt,Adverse_B,Adverse_B_scene_000073,000000000000000185
Adverse_B_scene_000073_000000000000000205.png,Adverse_B_scene_000073_000000000000000205.txt,Adverse_B,Adverse_B_scene_000073,000000000000000205
Adverse_B_scene_000074_000000000000000025.png,Adverse_B_scene_000074_000000000000000025.txt,Adverse_B,Adverse_B_scene_000074,000000000000000025
Adverse_B_scene_000074_000000000000000045.png,Adverse_B_scene_000074_000000000000000045.txt,Adverse_B,Adverse_B_scene_000074,000000000000000045
Adverse_B_scene_000074_000000000000000065.png,Adverse_B_scene_000074_000000000000000065.txt,Adverse_B,Adverse_B_scene_000074,000000000000000065
Adverse_B_scene_000074_000000000000000085.png,Adverse_B_scene_000074_000000000000000085.txt,Adverse_B,Adverse_B_scene_000074,000000000000000085
Adverse_B_scene_000074_000000000000000105.png,Adverse_B_scene_000074_000000000000000105.txt,Adverse_B,Adverse_B_scene_000074,000000000000000105
Adverse_B_scene_000074_000000000000000125.png,Adverse_B_scene_000074_000000000000000125.txt,Adverse_B,Adverse_B_scene_000074,000000000000000125
Adverse_B_scene_000074_000000000000000145.png,Adverse_B_scene_000074_000000000000000145.txt,Adverse_B,Adverse_B_scene_000074,000000000000000145
Adverse_B_scene_000074_000000000000000165.png,Adverse_B_scene_000074_000000000000000165.txt,Adverse_B,Adverse_B_scene_000074,000000000000000165
Adverse_B_scene_000074_000000000000000185.png,Adverse_B_scene_000074_000000000000000185.txt,Adverse_B,Adverse_B_scene_000074,000000000000000185
Adverse_B_scene_000074_000000000000000205.png,Adverse_B_scene_000074_000000000000000205.txt,Adverse_B,Adverse_B_scene_000074,000000000000000205
Adverse_B_scene_000075_000000000000000025.png,Adverse_B_scene_000075_000000000000000025.txt,Adverse_B,Adverse_B_scene_000075,000000000000000025
Adverse_B_scene_000075_000000000000000045.png,Adverse_B_scene_000075_000000000000000045.txt,Adverse_B,Adverse_B_scene_000075,000000000000000045
Adverse_B_scene_000075_000000000000000065.png,Adverse_B_scene_000075_000000000000000065.txt,Adverse_B,Adverse_B_scene_000075,000000000000000065
Adverse_B_scene_000075_000000000000000085.png,Adverse_B_scene_000075_000000000000000085.txt,Adverse_B,Adverse_B_scene_000075,000000000000000085
Adverse_B_scene_000075_000000000000000105.png,Adverse_B_scene_000075_000000000000000105.txt,Adverse_B,Adverse_B_scene_000075,000000000000000105
Adverse_B_scene_000075_000000000000000125.png,Adverse_B_scene_000075_000000000000000125.txt,Adverse_B,Adverse_B_scene_000075,000000000000000125
Adverse_B_scene_000075_000000000000000145.png,Adverse_B_scene_000075_000000000000000145.txt,Adverse_B,Adverse_B_scene_000075,000000000000000145
Adverse_B_scene_000075_000000000000000165.png,Adverse_B_scene_000075_000000000000000165.txt,Adverse_B,Adverse_B_scene_000075,000000000000000165
Adverse_B_scene_000075_000000000000000185.png,Adverse_B_scene_000075_000000000000000185.txt,Adverse_B,Adverse_B_scene_000075,000000000000000185
Adverse_B_scene_000075_000000000000000205.png,Adverse_B_scene_000075_000000000000000205.txt,Adverse_B,Adverse_B_scene_000075,000000000000000205
Adverse_B_scene_000076_000000000000000025.png,Adverse_B_scene_000076_000000000000000025.txt,Adverse_B,Adverse_B_scene_000076,000000000000000025
Adverse_B_scene_000076_000000000000000045.png,Adverse_B_scene_000076_000000000000000045.txt,Adverse_B,Adverse_B_scene_000076,000000000000000045
Adverse_B_scene_000076_000000000000000065.png,Adverse_B_scene_000076_000000000000000065.txt,Adverse_B,Adverse_B_scene_000076,000000000000000065
Adverse_B_scene_000076_000000000000000085.png,Adverse_B_scene_000076_000000000000000085.txt,Adverse_B,Adverse_B_scene_000076,000000000000000085
Adverse_B_scene_000076_000000000000000105.png,Adverse_B_scene_000076_000000000000000105.txt,Adverse_B,Adverse_B_scene_000076,000000000000000105
Adverse_B_scene_000076_000000000000000125.png,Adverse_B_scene_000076_000000000000000125.txt,Adverse_B,Adverse_B_scene_000076,000000000000000125
Adverse_B_scene_000076_000000000000000145.png,Adverse_B_scene_000076_000000000000000145.txt,Adverse_B,Adverse_B_scene_000076,000000000000000145
Adverse_B_scene_000076_000000000000000165.png,Adverse_B_scene_000076_000000000000000165.txt,Adverse_B,Adverse_B_scene_000076,000000000000000165
Adverse_B_scene_000076_000000000000000185.png,Adverse_B_scene_000076_000000000000000185.txt,Adverse_B,Adverse_B_scene_000076,000000000000000185
Adverse_B_scene_000076_000000000000000205.png,Adverse_B_scene_000076_000000000000000205.txt,Adverse_B,Adverse_B_scene_000076,000000000000000205
Adverse_B_scene_000077_000000000000000025.png,Adverse_B_scene_000077_000000000000000025.txt,Adverse_B,Adverse_B_scene_000077,000000000000000025
Adverse_B_scene_000077_000000000000000045.png,Adverse_B_scene_000077_000000000000000045.txt,Adverse_B,Adverse_B_scene_000077,000000000000000045
Adverse_B_scene_000077_000000000000000065.png,Adverse_B_scene_000077_000000000000000065.txt,Adverse_B,Adverse_B_scene_000077,000000000000000065
Adverse_B_scene_000077_000000000000000085.png,Adverse_B_scene_000077_000000000000000085.txt,Adverse_B,Adverse_B_scene_000077,000000000000000085
Adverse_B_scene_000077_000000000000000105.png,Adverse_B_scene_000077_000000000000000105.txt,Adverse_B,Adverse_B_scene_000077,000000000000000105
Adverse_B_scene_000077_000000000000000125.png,Adverse_B_scene_000077_000000000000000125.txt,Adverse_B,Adverse_B_scene_000077,000000000000000125
Adverse_B_scene_000077_000000000000000145.png,Adverse_B_scene_000077_000000000000000145.txt,Adverse_B,Adverse_B_scene_000077,000000000000000145
Adverse_B_scene_000077_000000000000000165.png,Adverse_B_scene_000077_000000000000000165.txt,Adverse_B,Adverse_B_scene_000077,000000000000000165
Adverse_B_scene_000077_000000000000000185.png,Adverse_B_scene_000077_000000000000000185.txt,Adverse_B,Adverse_B_scene_000077,000000000000000185
Adverse_B_scene_000077_000000000000000205.png,Adverse_B_scene_000077_000000000000000205.txt,Adverse_B,Adverse_B_scene_000077,000000000000000205
Adverse_B_scene_000078_000000000000000025.png,Adverse_B_scene_000078_000000000000000025.txt,Adverse_B,Adverse_B_scene_000078,000000000000000025
Adverse_B_scene_000078_000000000000000045.png,Adverse_B_scene_000078_000000000000000045.txt,Adverse_B,Adverse_B_scene_000078,000000000000000045
Adverse_B_scene_000078_000000000000000065.png,Adverse_B_scene_000078_000000000000000065.txt,Adverse_B,Adverse_B_scene_000078,000000000000000065
Adverse_B_scene_000078_000000000000000085.png,Adverse_B_scene_000078_000000000000000085.txt,Adverse_B,Adverse_B_scene_000078,000000000000000085
Adverse_B_scene_000078_000000000000000105.png,Adverse_B_scene_000078_000000000000000105.txt,Adverse_B,Adverse_B_scene_000078,000000000000000105
Adverse_B_scene_000078_000000000000000125.png,Adverse_B_scene_000078_000000000000000125.txt,Adverse_B,Adverse_B_scene_000078,000000000000000125
Adverse_B_scene_000078_000000000000000145.png,Adverse_B_scene_000078_000000000000000145.txt,Adverse_B,Adverse_B_scene_000078,000000000000000145
Adverse_B_scene_000078_000000000000000165.png,Adverse_B_scene_000078_000000000000000165.txt,Adverse_B,Adverse_B_scene_000078,000000000000000165
Adverse_B_scene_000078_000000000000000185.png,Adverse_B_scene_000078_000000000000000185.txt,Adverse_B,Adverse_B_scene_000078,000000000000000185
Adverse_B_scene_000078_000000000000000205.png,Adverse_B_scene_000078_000000000000000205.txt,Adverse_B,Adverse_B_scene_000078,000000000000000205
Adverse_B_scene_000079_000000000000000025.png,Adverse_B_scene_000079_000000000000000025.txt,Adverse_B,Adverse_B_scene_000079,000000000000000025
Adverse_B_scene_000079_000000000000000045.png,Adverse_B_scene_000079_000000000000000045.txt,Adverse_B,Adverse_B_scene_000079,000000000000000045
Adverse_B_scene_000079_000000000000000065.png,Adverse_B_scene_000079_000000000000000065.txt,Adverse_B,Adverse_B_scene_000079,000000000000000065
Adverse_B_scene_000079_000000000000000085.png,Adverse_B_scene_000079_000000000000000085.txt,Adverse_B,Adverse_B_scene_000079,000000000000000085
Adverse_B_scene_000079_000000000000000105.png,Adverse_B_scene_000079_000000000000000105.txt,Adverse_B,Adverse_B_scene_000079,000000000000000105
Adverse_B_scene_000079_000000000000000125.png,Adverse_B_scene_000079_000000000000000125.txt,Adverse_B,Adverse_B_scene_000079,000000000000000125
Adverse_B_scene_000079_000000000000000145.png,Adverse_B_scene_000079_000000000000000145.txt,Adverse_B,Adverse_B_scene_000079,000000000000000145
Adverse_B_scene_000079_000000000000000165.png,Adverse_B_scene_000079_000000000000000165.txt,Adverse_B,Adverse_B_scene_000079,000000000000000165
Adverse_B_scene_000079_000000000000000185.png,Adverse_B_scene_000079_000000000000000185.txt,Adverse_B,Adverse_B_scene_000079,000000000000000185
Adverse_B_scene_000079_000000000000000205.png,Adverse_B_scene_000079_000000000000000205.txt,Adverse_B,Adverse_B_scene_000079,000000000000000205
Adverse_B_scene_000080_000000000000000025.png,Adverse_B_scene_000080_000000000000000025.txt,Adverse_B,Adverse_B_scene_000080,000000000000000025
Adverse_B_scene_000080_000000000000000045.png,Adverse_B_scene_000080_000000000000000045.txt,Adverse_B,Adverse_B_scene_000080,000000000000000045
Adverse_B_scene_000080_000000000000000065.png,Adverse_B_scene_000080_000000000000000065.txt,Adverse_B,Adverse_B_scene_000080,000000000000000065
Adverse_B_scene_000080_000000000000000085.png,Adverse_B_scene_000080_000000000000000085.txt,Adverse_B,Adverse_B_scene_000080,000000000000000085
Adverse_B_scene_000080_000000000000000105.png,Adverse_B_scene_000080_000000000000000105.txt,Adverse_B,Adverse_B_scene_000080,000000000000000105
Adverse_B_scene_000080_000000000000000125.png,Adverse_B_scene_000080_000000000000000125.txt,Adverse_B,Adverse_B_scene_000080,000000000000000125
Adverse_B_scene_000080_000000000000000145.png,Adverse_B_scene_000080_000000000000000145.txt,Adverse_B,Adverse_B_scene_000080,000000000000000145
Adverse_B_scene_000080_000000000000000165.png,Adverse_B_scene_000080_000000000000000165.txt,Adverse_B,Adverse_B_scene_000080,000000000000000165
Adverse_B_scene_000080_000000000000000185.png,Adverse_B_scene_000080_000000000000000185.txt,Adverse_B,Adverse_B_scene_000080,000000000000000185
Adverse_B_scene_000080_000000000000000205.png,Adverse_B_scene_000080_000000000000000205.txt,Adverse_B,Adverse_B_scene_000080,000000000000000205
Adverse_B_scene_000081_000000000000000025.png,Adverse_B_scene_000081_000000000000000025.txt,Adverse_B,Adverse_B_scene_000081,000000000000000025
Adverse_B_scene_000081_000000000000000045.png,Adverse_B_scene_000081_000000000000000045.txt,Adverse_B,Adverse_B_scene_000081,000000000000000045
Adverse_B_scene_000081_000000000000000065.png,Adverse_B_scene_000081_000000000000000065.txt,Adverse_B,Adverse_B_scene_000081,000000000000000065
Adverse_B_scene_000081_000000000000000085.png,Adverse_B_scene_000081_000000000000000085.txt,Adverse_B,Adverse_B_scene_000081,000000000000000085
Adverse_B_scene_000081_000000000000000105.png,Adverse_B_scene_000081_000000000000000105.txt,Adverse_B,Adverse_B_scene_000081,000000000000000105
Adverse_B_scene_000081_000000000000000125.png,Adverse_B_scene_000081_000000000000000125.txt,Adverse_B,Adverse_B_scene_000081,000000000000000125
Adverse_B_scene_000081_000000000000000145.png,Adverse_B_scene_000081_000000000000000145.txt,Adverse_B,Adverse_B_scene_000081,000000000000000145
Adverse_B_scene_000081_000000000000000165.png,Adverse_B_scene_000081_000000000000000165.txt,Adverse_B,Adverse_B_scene_000081,000000000000000165
Adverse_B_scene_000081_000000000000000185.png,Adverse_B_scene_000081_000000000000000185.txt,Adverse_B,Adverse_B_scene_000081,000000000000000185
Adverse_B_scene_000081_000000000000000205.png,Adverse_B_scene_000081_000000000000000205.txt,Adverse_B,Adverse_B_scene_000081,000000000000000205
Adverse_B_scene_000082_000000000000000025.png,Adverse_B_scene_000082_000000000000000025.txt,Adverse_B,Adverse_B_scene_000082,000000000000000025
Adverse_B_scene_000082_000000000000000045.png,Adverse_B_scene_000082_000000000000000045.txt,Adverse_B,Adverse_B_scene_000082,000000000000000045
Adverse_B_scene_000082_000000000000000065.png,Adverse_B_scene_000082_000000000000000065.txt,Adverse_B,Adverse_B_scene_000082,000000000000000065
Adverse_B_scene_000082_000000000000000085.png,Adverse_B_scene_000082_000000000000000085.txt,Adverse_B,Adverse_B_scene_000082,000000000000000085
Adverse_B_scene_000082_000000000000000105.png,Adverse_B_scene_000082_000000000000000105.txt,Adverse_B,Adverse_B_scene_000082,000000000000000105
Adverse_B_scene_000082_000000000000000125.png,Adverse_B_scene_000082_000000000000000125.txt,Adverse_B,Adverse_B_scene_000082,000000000000000125
Adverse_B_scene_000082_000000000000000145.png,Adverse_B_scene_000082_000000000000000145.txt,Adverse_B,Adverse_B_scene_000082,000000000000000145
Adverse_B_scene_000082_000000000000000165.png,Adverse_B_scene_000082_000000000000000165.txt,Adverse_B,Adverse_B_scene_000082,000000000000000165
Adverse_B_scene_000082_000000000000000185.png,Adverse_B_scene_000082_000000000000000185.txt,Adverse_B,Adverse_B_scene_000082,000000000000000185
Adverse_B_scene_000082_000000000000000205.png,Adverse_B_scene_000082_000000000000000205.txt,Adverse_B,Adverse_B_scene_000082,000000000000000205
Adverse_B_scene_000083_000000000000000025.png,Adverse_B_scene_000083_000000000000000025.txt,Adverse_B,Adverse_B_scene_000083,000000000000000025
Adverse_B_scene_000083_000000000000000045.png,Adverse_B_scene_000083_000000000000000045.txt,Adverse_B,Adverse_B_scene_000083,000000000000000045
Adverse_B_scene_000083_000000000000000065.png,Adverse_B_scene_000083_000000000000000065.txt,Adverse_B,Adverse_B_scene_000083,000000000000000065
Adverse_B_scene_000083_000000000000000085.png,Adverse_B_scene_000083_000000000000000085.txt,Adverse_B,Adverse_B_scene_000083,000000000000000085
Adverse_B_scene_000083_000000000000000105.png,Adverse_B_scene_000083_000000000000000105.txt,Adverse_B,Adverse_B_scene_000083,000000000000000105
Adverse_B_scene_000083_000000000000000125.png,Adverse_B_scene_000083_000000000000000125.txt,Adverse_B,Adverse_B_scene_000083,000000000000000125
Adverse_B_scene_000083_000000000000000145.png,Adverse_B_scene_000083_000000000000000145.txt,Adverse_B,Adverse_B_scene_000083,000000000000000145
Adverse_B_scene_000083_000000000000000165.png,Adverse_B_scene_000083_000000000000000165.txt,Adverse_B,Adverse_B_scene_000083,000000000000000165
Adverse_B_scene_000083_000000000000000185.png,Adverse_B_scene_000083_000000000000000185.txt,Adverse_B,Adverse_B_scene_000083,000000000000000185
Adverse_B_scene_000083_000000000000000205.png,Adverse_B_scene_000083_000000000000000205.txt,Adverse_B,Adverse_B_scene_000083,000000000000000205
Adverse_B_scene_000084_000000000000000025.png,Adverse_B_scene_000084_000000000000000025.txt,Adverse_B,Adverse_B_scene_000084,000000000000000025
Adverse_B_scene_000084_000000000000000045.png,Adverse_B_scene_000084_000000000000000045.txt,Adverse_B,Adverse_B_scene_000084,000000000000000045
Adverse_B_scene_000084_000000000000000065.png,Adverse_B_scene_000084_000000000000000065.txt,Adverse_B,Adverse_B_scene_000084,000000000000000065
Adverse_B_scene_000084_000000000000000085.png,Adverse_B_scene_000084_000000000000000085.txt,Adverse_B,Adverse_B_scene_000084,000000000000000085
Adverse_B_scene_000084_000000000000000105.png,Adverse_B_scene_000084_000000000000000105.txt,Adverse_B,Adverse_B_scene_000084,000000000000000105
Adverse_B_scene_000084_000000000000000125.png,Adverse_B_scene_000084_000000000000000125.txt,Adverse_B,Adverse_B_scene_000084,000000000000000125
Adverse_B_scene_000084_000000000000000145.png,Adverse_B_scene_000084_000000000000000145.txt,Adverse_B,Adverse_B_scene_000084,000000000000000145
Adverse_B_scene_000084_000000000000000165.png,Adverse_B_scene_000084_000000000000000165.txt,Adverse_B,Adverse_B_scene_000084,000000000000000165
Adverse_B_scene_000084_000000000000000185.png,Adverse_B_scene_000084_000000000000000185.txt,Adverse_B,Adverse_B_scene_000084,000000000000000185
Adverse_B_scene_000084_000000000000000205.png,Adverse_B_scene_000084_000000000000000205.txt,Adverse_B,Adverse_B_scene_000084,000000000000000205
Adverse_B_scene_000085_000000000000000025.png,Adverse_B_scene_000085_000000000000000025.txt,Adverse_B,Adverse_B_scene_000085,000000000000000025
Adverse_B_scene_000085_000000000000000045.png,Adverse_B_scene_000085_000000000000000045.txt,Adverse_B,Adverse_B_scene_000085,000000000000000045
Adverse_B_scene_000085_000000000000000065.png,Adverse_B_scene_000085_000000000000000065.txt,Adverse_B,Adverse_B_scene_000085,000000000000000065
Adverse_B_scene_000085_000000000000000085.png,Adverse_B_scene_000085_000000000000000085.txt,Adverse_B,Adverse_B_scene_000085,000000000000000085
Adverse_B_scene_000085_000000000000000105.png,Adverse_B_scene_000085_000000000000000105.txt,Adverse_B,Adverse_B_scene_000085,000000000000000105
Adverse_B_scene_000085_000000000000000125.png,Adverse_B_scene_000085_000000000000000125.txt,Adverse_B,Adverse_B_scene_000085,000000000000000125
Adverse_B_scene_000085_000000000000000145.png,Adverse_B_scene_000085_000000000000000145.txt,Adverse_B,Adverse_B_scene_000085,000000000000000145
Adverse_B_scene_000085_000000000000000165.png,Adverse_B_scene_000085_000000000000000165.txt,Adverse_B,Adverse_B_scene_000085,000000000000000165
Adverse_B_scene_000085_000000000000000185.png,Adverse_B_scene_000085_000000000000000185.txt,Adverse_B,Adverse_B_scene_000085,000000000000000185
Adverse_B_scene_000085_000000000000000205.png,Adverse_B_scene_000085_000000000000000205.txt,Adverse_B,Adverse_B_scene_000085,000000000000000205
Adverse_B_scene_000086_000000000000000025.png,Adverse_B_scene_000086_000000000000000025.txt,Adverse_B,Adverse_B_scene_000086,000000000000000025
Adverse_B_scene_000086_000000000000000045.png,Adverse_B_scene_000086_000000000000000045.txt,Adverse_B,Adverse_B_scene_000086,000000000000000045
Adverse_B_scene_000086_000000000000000065.png,Adverse_B_scene_000086_000000000000000065.txt,Adverse_B,Adverse_B_scene_000086,000000000000000065
Adverse_B_scene_000086_000000000000000085.png,Adverse_B_scene_000086_000000000000000085.txt,Adverse_B,Adverse_B_scene_000086,000000000000000085
Adverse_B_scene_000086_000000000000000105.png,Adverse_B_scene_000086_000000000000000105.txt,Adverse_B,Adverse_B_scene_000086,000000000000000105
Adverse_B_scene_000086_000000000000000125.png,Adverse_B_scene_000086_000000000000000125.txt,Adverse_B,Adverse_B_scene_000086,000000000000000125
Adverse_B_scene_000086_000000000000000145.png,Adverse_B_scene_000086_000000000000000145.txt,Adverse_B,Adverse_B_scene_000086,000000000000000145
Adverse_B_scene_000086_000000000000000165.png,Adverse_B_scene_000086_000000000000000165.txt,Adverse_B,Adverse_B_scene_000086,000000000000000165
Adverse_B_scene_000086_000000000000000185.png,Adverse_B_scene_000086_000000000000000185.txt,Adverse_B,Adverse_B_scene_000086,000000000000000185
Adverse_B_scene_000086_000000000000000205.png,Adverse_B_scene_000086_000000000000000205.txt,Adverse_B,Adverse_B_scene_000086,000000000000000205
Adverse_B_scene_000087_000000000000000025.png,Adverse_B_scene_000087_000000000000000025.txt,Adverse_B,Adverse_B_scene_000087,000000000000000025
Adverse_B_scene_000087_000000000000000045.png,Adverse_B_scene_000087_000000000000000045.txt,Adverse_B,Adverse_B_scene_000087,000000000000000045
Adverse_B_scene_000087_000000000000000065.png,Adverse_B_scene_000087_000000000000000065.txt,Adverse_B,Adverse_B_scene_000087,000000000000000065
Adverse_B_scene_000087_000000000000000085.png,Adverse_B_scene_000087_000000000000000085.txt,Adverse_B,Adverse_B_scene_000087,000000000000000085
Adverse_B_scene_000087_000000000000000105.png,Adverse_B_scene_000087_000000000000000105.txt,Adverse_B,Adverse_B_scene_000087,000000000000000105
Adverse_B_scene_000087_000000000000000125.png,Adverse_B_scene_000087_000000000000000125.txt,Adverse_B,Adverse_B_scene_000087,000000000000000125
Adverse_B_scene_000087_000000000000000145.png,Adverse_B_scene_000087_000000000000000145.txt,Adverse_B,Adverse_B_scene_000087,000000000000000145
Adverse_B_scene_000087_000000000000000165.png,Adverse_B_scene_000087_000000000000000165.txt,Adverse_B,Adverse_B_scene_000087,000000000000000165
Adverse_B_scene_000087_000000000000000185.png,Adverse_B_scene_000087_000000000000000185.txt,Adverse_B,Adverse_B_scene_000087,000000000000000185
Adverse_B_scene_000087_000000000000000205.png,Adverse_B_scene_000087_000000000000000205.txt,Adverse_B,Adverse_B_scene_000087,000000000000000205
Adverse_B_scene_000088_000000000000000025.png,Adverse_B_scene_000088_000000000000000025.txt,Adverse_B,Adverse_B_scene_000088,000000000000000025
Adverse_B_scene_000088_000000000000000045.png,Adverse_B_scene_000088_000000000000000045.txt,Adverse_B,Adverse_B_scene_000088,000000000000000045
Adverse_B_scene_000088_000000000000000065.png,Adverse_B_scene_000088_000000000000000065.txt,Adverse_B,Adverse_B_scene_000088,000000000000000065
Adverse_B_scene_000088_000000000000000085.png,Adverse_B_scene_000088_000000000000000085.txt,Adverse_B,Adverse_B_scene_000088,000000000000000085
Adverse_B_scene_000088_000000000000000105.png,Adverse_B_scene_000088_000000000000000105.txt,Adverse_B,Adverse_B_scene_000088,000000000000000105
Adverse_B_scene_000088_000000000000000125.png,Adverse_B_scene_000088_000000000000000125.txt,Adverse_B,Adverse_B_scene_000088,000000000000000125
Adverse_B_scene_000088_000000000000000145.png,Adverse_B_scene_000088_000000000000000145.txt,Adverse_B,Adverse_B_scene_000088,000000000000000145
Adverse_B_scene_000088_000000000000000165.png,Adverse_B_scene_000088_000000000000000165.txt,Adverse_B,Adverse_B_scene_000088,000000000000000165
Adverse_B_scene_000088_000000000000000185.png,Adverse_B_scene_000088_000000000000000185.txt,Adverse_B,Adverse_B_scene_000088,000000000000000185
Adverse_B_scene_000088_000000000000000205.png,Adverse_B_scene_000088_000000000000000205.txt,Adverse_B,Adverse_B_scene_000088,000000000000000205
Adverse_B_scene_000089_000000000000000025.png,Adverse_B_scene_000089_000000000000000025.txt,Adverse_B,Adverse_B_scene_000089,000000000000000025
Adverse_B_scene_000089_000000000000000045.png,Adverse_B_scene_000089_000000000000000045.txt,Adverse_B,Adverse_B_scene_000089,000000000000000045
Adverse_B_scene_000089_000000000000000065.png,Adverse_B_scene_000089_000000000000000065.txt,Adverse_B,Adverse_B_scene_000089,000000000000000065
Adverse_B_scene_000089_000000000000000085.png,Adverse_B_scene_000089_000000000000000085.txt,Adverse_B,Adverse_B_scene_000089,000000000000000085
Adverse_B_scene_000089_000000000000000105.png,Adverse_B_scene_000089_000000000000000105.txt,Adverse_B,Adverse_B_scene_000089,000000000000000105
Adverse_B_scene_000089_000000000000000125.png,Adverse_B_scene_000089_000000000000000125.txt,Adverse_B,Adverse_B_scene_000089,000000000000000125
Adverse_B_scene_000089_000000000000000145.png,Adverse_B_scene_000089_000000000000000145.txt,Adverse_B,Adverse_B_scene_000089,000000000000000145
Adverse_B_scene_000089_000000000000000165.png,Adverse_B_scene_000089_000000000000000165.txt,Adverse_B,Adverse_B_scene_000089,000000000000000165
Adverse_B_scene_000089_000000000000000185.png,Adverse_B_scene_000089_000000000000000185.txt,Adverse_B,Adverse_B_scene_000089,000000000000000185
Adverse_B_scene_000089_000000000000000205.png,Adverse_B_scene_000089_000000000000000205.txt,Adverse_B,Adverse_B_scene_000089,000000000000000205
Adverse_B_scene_000090_000000000000000025.png,Adverse_B_scene_000090_000000000000000025.txt,Adverse_B,Adverse_B_scene_000090,000000000000000025
Adverse_B_scene_000090_000000000000000045.png,Adverse_B_scene_000090_000000000000000045.txt,Adverse_B,Adverse_B_scene_000090,000000000000000045
Adverse_B_scene_000090_000000000000000065.png,Adverse_B_scene_000090_000000000000000065.txt,Adverse_B,Adverse_B_scene_000090,000000000000000065
Adverse_B_scene_000090_000000000000000085.png,Adverse_B_scene_000090_000000000000000085.txt,Adverse_B,Adverse_B_scene_000090,000000000000000085
Adverse_B_scene_000090_000000000000000105.png,Adverse_B_scene_000090_000000000000000105.txt,Adverse_B,Adverse_B_scene_000090,000000000000000105
Adverse_B_scene_000090_000000000000000125.png,Adverse_B_scene_000090_000000000000000125.txt,Adverse_B,Adverse_B_scene_000090,000000000000000125
Adverse_B_scene_000090_000000000000000145.png,Adverse_B_scene_000090_000000000000000145.txt,Adverse_B,Adverse_B_scene_000090,000000000000000145
Adverse_B_scene_000090_000000000000000165.png,Adverse_B_scene_000090_000000000000000165.txt,Adverse_B,Adverse_B_scene_000090,000000000000000165
Adverse_B_scene_000090_000000000000000185.png,Adverse_B_scene_000090_000000000000000185.txt,Adverse_B,Adverse_B_scene_000090,000000000000000185
Adverse_B_scene_000090_000000000000000205.png,Adverse_B_scene_000090_000000000000000205.txt,Adverse_B,Adverse_B_scene_000090,000000000000000205
Adverse_B_scene_000091_000000000000000025.png,Adverse_B_scene_000091_000000000000000025.txt,Adverse_B,Adverse_B_scene_000091,000000000000000025
Adverse_B_scene_000091_000000000000000045.png,Adverse_B_scene_000091_000000000000000045.txt,Adverse_B,Adverse_B_scene_000091,000000000000000045
Adverse_B_scene_000091_000000000000000065.png,Adverse_B_scene_000091_000000000000000065.txt,Adverse_B,Adverse_B_scene_000091,000000000000000065
Adverse_B_scene_000091_000000000000000085.png,Adverse_B_scene_000091_000000000000000085.txt,Adverse_B,Adverse_B_scene_000091,000000000000000085
Adverse_B_scene_000091_000000000000000105.png,Adverse_B_scene_000091_000000000000000105.txt,Adverse_B,Adverse_B_scene_000091,000000000000000105
Adverse_B_scene_000091_000000000000000125.png,Adverse_B_scene_000091_000000000000000125.txt,Adverse_B,Adverse_B_scene_000091,000000000000000125
Adverse_B_scene_000091_000000000000000145.png,Adverse_B_scene_000091_000000000000000145.txt,Adverse_B,Adverse_B_scene_000091,000000000000000145
Adverse_B_scene_000091_000000000000000165.png,Adverse_B_scene_000091_000000000000000165.txt,Adverse_B,Adverse_B_scene_000091,000000000000000165
Adverse_B_scene_000091_000000000000000185.png,Adverse_B_scene_000091_000000000000000185.txt,Adverse_B,Adverse_B_scene_000091,000000000000000185
Adverse_B_scene_000091_000000000000000205.png,Adverse_B_scene_000091_000000000000000205.txt,Adverse_B,Adverse_B_scene_000091,000000000000000205
Adverse_B_scene_000092_000000000000000025.png,Adverse_B_scene_000092_000000000000000025.txt,Adverse_B,Adverse_B_scene_000092,000000000000000025
Adverse_B_scene_000092_000000000000000045.png,Adverse_B_scene_000092_000000000000000045.txt,Adverse_B,Adverse_B_scene_000092,000000000000000045
Adverse_B_scene_000092_000000000000000065.png,Adverse_B_scene_000092_000000000000000065.txt,Adverse_B,Adverse_B_scene_000092,000000000000000065
Adverse_B_scene_000092_000000000000000085.png,Adverse_B_scene_000092_000000000000000085.txt,Adverse_B,Adverse_B_scene_000092,000000000000000085
Adverse_B_scene_000092_000000000000000105.png,Adverse_B_scene_000092_000000000000000105.txt,Adverse_B,Adverse_B_scene_000092,000000000000000105
Adverse_B_scene_000092_000000000000000125.png,Adverse_B_scene_000092_000000000000000125.txt,Adverse_B,Adverse_B_scene_000092,000000000000000125
Adverse_B_scene_000092_000000000000000145.png,Adverse_B_scene_000092_000000000000000145.txt,Adverse_B,Adverse_B_scene_000092,000000000000000145
Adverse_B_scene_000092_000000000000000165.png,Adverse_B_scene_000092_000000000000000165.txt,Adverse_B,Adverse_B_scene_000092,000000000000000165
Adverse_B_scene_000092_000000000000000185.png,Adverse_B_scene_000092_000000000000000185.txt,Adverse_B,Adverse_B_scene_000092,000000000000000185
Adverse_B_scene_000092_000000000000000205.png,Adverse_B_scene_000092_000000000000000205.txt,Adverse_B,Adverse_B_scene_000092,000000000000000205
Adverse_B_scene_000093_000000000000000025.png,Adverse_B_scene_000093_000000000000000025.txt,Adverse_B,Adverse_B_scene_000093,000000000000000025
Adverse_B_scene_000093_000000000000000045.png,Adverse_B_scene_000093_000000000000000045.txt,Adverse_B,Adverse_B_scene_000093,000000000000000045
Adverse_B_scene_000093_000000000000000065.png,Adverse_B_scene_000093_000000000000000065.txt,Adverse_B,Adverse_B_scene_000093,000000000000000065
Adverse_B_scene_000093_000000000000000085.png,Adverse_B_scene_000093_000000000000000085.txt,Adverse_B,Adverse_B_scene_000093,000000000000000085
Adverse_B_scene_000093_000000000000000105.png,Adverse_B_scene_000093_000000000000000105.txt,Adverse_B,Adverse_B_scene_000093,000000000000000105
Adverse_B_scene_000093_000000000000000125.png,Adverse_B_scene_000093_000000000000000125.txt,Adverse_B,Adverse_B_scene_000093,000000000000000125
Adverse_B_scene_000093_000000000000000145.png,Adverse_B_scene_000093_000000000000000145.txt,Adverse_B,Adverse_B_scene_000093,000000000000000145
Adverse_B_scene_000093_000000000000000165.png,Adverse_B_scene_000093_000000000000000165.txt,Adverse_B,Adverse_B_scene_000093,000000000000000165
Adverse_B_scene_000093_000000000000000185.png,Adverse_B_scene_000093_000000000000000185.txt,Adverse_B,Adverse_B_scene_000093,000000000000000185
Adverse_B_scene_000093_000000000000000205.png,Adverse_B_scene_000093_000000000000000205.txt,Adverse_B,Adverse_B_scene_000093,000000000000000205
Adverse_B_scene_000094_000000000000000025.png,Adverse_B_scene_000094_000000000000000025.txt,Adverse_B,Adverse_B_scene_000094,000000000000000025
Adverse_B_scene_000094_000000000000000045.png,Adverse_B_scene_000094_000000000000000045.txt,Adverse_B,Adverse_B_scene_000094,000000000000000045
Adverse_B_scene_000094_000000000000000065.png,Adverse_B_scene_000094_000000000000000065.txt,Adverse_B,Adverse_B_scene_000094,000000000000000065
Adverse_B_scene_000094_000000000000000085.png,Adverse_B_scene_000094_000000000000000085.txt,Adverse_B,Adverse_B_scene_000094,000000000000000085
Adverse_B_scene_000094_000000000000000105.png,Adverse_B_scene_000094_000000000000000105.txt,Adverse_B,Adverse_B_scene_000094,000000000000000105
Adverse_B_scene_000094_000000000000000125.png,Adverse_B_scene_000094_000000000000000125.txt,Adverse_B,Adverse_B_scene_000094,000000000000000125
Adverse_B_scene_000094_000000000000000145.png,Adverse_B_scene_000094_000000000000000145.txt,Adverse_B,Adverse_B_scene_000094,000000000000000145
Adverse_B_scene_000094_000000000000000165.png,Adverse_B_scene_000094_000000000000000165.txt,Adverse_B,Adverse_B_scene_000094,000000000000000165
Adverse_B_scene_000094_000000000000000185.png,Adverse_B_scene_000094_000000000000000185.txt,Adverse_B,Adverse_B_scene_000094,000000000000000185
Adverse_B_scene_000094_000000000000000205.png,Adverse_B_scene_000094_000000000000000205.txt,Adverse_B,Adverse_B_scene_000094,000000000000000205
Adverse_B_scene_000095_000000000000000025.png,Adverse_B_scene_000095_000000000000000025.txt,Adverse_B,Adverse_B_scene_000095,000000000000000025
Adverse_B_scene_000095_000000000000000045.png,Adverse_B_scene_000095_000000000000000045.txt,Adverse_B,Adverse_B_scene_000095,000000000000000045
Adverse_B_scene_000095_000000000000000065.png,Adverse_B_scene_000095_000000000000000065.txt,Adverse_B,Adverse_B_scene_000095,000000000000000065
Adverse_B_scene_000095_000000000000000085.png,Adverse_B_scene_000095_000000000000000085.txt,Adverse_B,Adverse_B_scene_000095,000000000000000085
Adverse_B_scene_000095_000000000000000105.png,Adverse_B_scene_000095_000000000000000105.txt,Adverse_B,Adverse_B_scene_000095,000000000000000105
Adverse_B_scene_000095_000000000000000125.png,Adverse_B_scene_000095_000000000000000125.txt,Adverse_B,Adverse_B_scene_000095,000000000000000125
Adverse_B_scene_000095_000000000000000145.png,Adverse_B_scene_000095_000000000000000145.txt,Adverse_B,Adverse_B_scene_000095,000000000000000145
Adverse_B_scene_000095_000000000000000165.png,Adverse_B_scene_000095_000000000000000165.txt,Adverse_B,Adverse_B_scene_000095,000000000000000165
Adverse_B_scene_000095_000000000000000185.png,Adverse_B_scene_000095_000000000000000185.txt,Adverse_B,Adverse_B_scene_000095,000000000000000185
Adverse_B_scene_000095_000000000000000205.png,Adverse_B_scene_000095_000000000000000205.txt,Adverse_B,Adverse_B_scene_000095,000000000000000205
Adverse_B_scene_000096_000000000000000025.png,Adverse_B_scene_000096_000000000000000025.txt,Adverse_B,Adverse_B_scene_000096,000000000000000025
Adverse_B_scene_000096_000000000000000045.png,Adverse_B_scene_000096_000000000000000045.txt,Adverse_B,Adverse_B_scene_000096,000000000000000045
Adverse_B_scene_000096_000000000000000065.png,Adverse_B_scene_000096_000000000000000065.txt,Adverse_B,Adverse_B_scene_000096,000000000000000065
Adverse_B_scene_000096_000000000000000085.png,Adverse_B_scene_000096_000000000000000085.txt,Adverse_B,Adverse_B_scene_000096,000000000000000085
Adverse_B_scene_000096_000000000000000105.png,Adverse_B_scene_000096_000000000000000105.txt,Adverse_B,Adverse_B_scene_000096,000000000000000105
Adverse_B_scene_000096_000000000000000125.png,Adverse_B_scene_000096_000000000000000125.txt,Adverse_B,Adverse_B_scene_000096,000000000000000125
Adverse_B_scene_000096_000000000000000145.png,Adverse_B_scene_000096_000000000000000145.txt,Adverse_B,Adverse_B_scene_000096,000000000000000145
Adverse_B_scene_000096_000000000000000165.png,Adverse_B_scene_000096_000000000000000165.txt,Adverse_B,Adverse_B_scene_000096,000000000000000165
Adverse_B_scene_000096_000000000000000185.png,Adverse_B_scene_000096_000000000000000185.txt,Adverse_B,Adverse_B_scene_000096,000000000000000185
Adverse_B_scene_000096_000000000000000205.png,Adverse_B_scene_000096_000000000000000205.txt,Adverse_B,Adverse_B_scene_000096,000000000000000205
Adverse_B_scene_000097_000000000000000025.png,Adverse_B_scene_000097_000000000000000025.txt,Adverse_B,Adverse_B_scene_000097,000000000000000025
Adverse_B_scene_000097_000000000000000045.png,Adverse_B_scene_000097_000000000000000045.txt,Adverse_B,Adverse_B_scene_000097,000000000000000045
Adverse_B_scene_000097_000000000000000065.png,Adverse_B_scene_000097_000000000000000065.txt,Adverse_B,Adverse_B_scene_000097,000000000000000065
Adverse_B_scene_000097_000000000000000085.png,Adverse_B_scene_000097_000000000000000085.txt,Adverse_B,Adverse_B_scene_000097,000000000000000085
Adverse_B_scene_000097_000000000000000105.png,Adverse_B_scene_000097_000000000000000105.txt,Adverse_B,Adverse_B_scene_000097,000000000000000105
Adverse_B_scene_000097_000000000000000125.png,Adverse_B_scene_000097_000000000000000125.txt,Adverse_B,Adverse_B_scene_000097,000000000000000125
Adverse_B_scene_000097_000000000000000145.png,Adverse_B_scene_000097_000000000000000145.txt,Adverse_B,Adverse_B_scene_000097,000000000000000145
Adverse_B_scene_000097_000000000000000165.png,Adverse_B_scene_000097_000000000000000165.txt,Adverse_B,Adverse_B_scene_000097,000000000000000165
Adverse_B_scene_000097_000000000000000185.png,Adverse_B_scene_000097_000000000000000185.txt,Adverse_B,Adverse_B_scene_000097,000000000000000185
Adverse_B_scene_000097_000000000000000205.png,Adverse_B_scene_000097_000000000000000205.txt,Adverse_B,Adverse_B_scene_000097,000000000000000205
Adverse_B_scene_000098_000000000000000025.png,Adverse_B_scene_000098_000000000000000025.txt,Adverse_B,Adverse_B_scene_000098,000000000000000025
Adverse_B_scene_000098_000000000000000045.png,Adverse_B_scene_000098_000000000000000045.txt,Adverse_B,Adverse_B_scene_000098,000000000000000045
Adverse_B_scene_000098_000000000000000065.png,Adverse_B_scene_000098_000000000000000065.txt,Adverse_B,Adverse_B_scene_000098,000000000000000065
Adverse_B_scene_000098_000000000000000085.png,Adverse_B_scene_000098_000000000000000085.txt,Adverse_B,Adverse_B_scene_000098,000000000000000085
Adverse_B_scene_000098_000000000000000105.png,Adverse_B_scene_000098_000000000000000105.txt,Adverse_B,Adverse_B_scene_000098,000000000000000105
Adverse_B_scene_000098_000000000000000125.png,Adverse_B_scene_000098_000000000000000125.txt,Adverse_B,Adverse_B_scene_000098,000000000000000125
Adverse_B_scene_000098_000000000000000145.png,Adverse_B_scene_000098_000000000000000145.txt,Adverse_B,Adverse_B_scene_000098,000000000000000145
Adverse_B_scene_000098_000000000000000165.png,Adverse_B_scene_000098_000000000000000165.txt,Adverse_B,Adverse_B_scene_000098,000000000000000165
Adverse_B_scene_000098_000000000000000185.png,Adverse_B_scene_000098_000000000000000185.txt,Adverse_B,Adverse_B_scene_000098,000000000000000185
Adverse_B_scene_000098_000000000000000205.png,Adverse_B_scene_000098_000000000000000205.txt,Adverse_B,Adverse_B_scene_000098,000000000000000205
Adverse_B_scene_000099_000000000000000025.png,Adverse_B_scene_000099_000000000000000025.txt,Adverse_B,Adverse_B_scene_000099,000000000000000025
Adverse_B_scene_000099_000000000000000045.png,Adverse_B_scene_000099_000000000000000045.txt,Adverse_B,Adverse_B_scene_000099,000000000000000045
Adverse_B_scene_000099_000000000000000065.png,Adverse_B_scene_000099_000000000000000065.txt,Adverse_B,Adverse_B_scene_000099,000000000000000065
Adverse_B_scene_000099_000000000000000085.png,Adverse_B_scene_000099_000000000000000085.txt,Adverse_B,Adverse_B_scene_000099,000000000000000085
Adverse_B_scene_000099_000000000000000105.png,Adverse_B_scene_000099_000000000000000105.txt,Adverse_B,Adverse_B_scene_000099,000000000000000105
Adverse_B_scene_000099_000000000000000125.png,Adverse_B_scene_000099_000000000000000125.txt,Adverse_B,Adverse_B_scene_000099,000000000000000125
Adverse_B_scene_000099_000000000000000145.png,Adverse_B_scene_000099_000000000000000145.txt,Adverse_B,Adverse_B_scene_000099,000000000000000145
Adverse_B_scene_000099_000000000000000165.png,Adverse_B_scene_000099_000000000000000165.txt,Adverse_B,Adverse_B_scene_000099,000000000000000165
Adverse_B_scene_000099_000000000000000185.png,Adverse_B_scene_000099_000000000000000185.txt,Adverse_B,Adverse_B_scene_000099,000000000000000185
Adverse_B_scene_000099_000000000000000205.png,Adverse_B_scene_000099_000000000000000205.txt,Adverse_B,Adverse_B_scene_000099,000000000000000205
Day_scene_000000_000000000000000025.png,Day_scene_000000_000000000000000025.txt,Day,Day_scene_000000,000000000000000025
Day_scene_000003_000000000000000025.png,Day_scene_000003_000000000000000025.txt,Day,Day_scene_000003,000000000000000025
Day_scene_000004_000000000000000025.png,Day_scene_000004_000000000000000025.txt,Day,Day_scene_000004,000000000000000025
Day_scene_000009_000000000000000025.png,Day_scene_000009_000000000000000025.txt,Day,Day_scene_000009,000000000000000025
Day_scene_000017_000000000000000025.png,Day_scene_000017_000000000000000025.txt,Day,Day_scene_000017,000000000000000025
Day_scene_000018_000000000000000025.png,Day_scene_000018_000000000000000025.txt,Day,Day_scene_000018,000000000000000025
Day_scene_000019_000000000000000025.png,Day_scene_000019_000000000000000025.txt,Day,Day_scene_000019,000000000000000025
Day_scene_000021_000000000000000025.png,Day_scene_000021_000000000000000025.txt,Day,Day_scene_000021,000000000000000025
Day_scene_000028_000000000000000025.png,Day_scene_000028_000000000000000025.txt,Day,Day_scene_000028,000000000000000025
Day_scene_000029_000000000000000025.png,Day_scene_000029_000000000000000025.txt,Day,Day_scene_000029,000000000000000025
Day_scene_000032_000000000000000025.png,Day_scene_000032_000000000000000025.txt,Day,Day_scene_000032,000000000000000025
Day_scene_000037_000000000000000025.png,Day_scene_000037_000000000000000025.txt,Day,Day_scene_000037,000000000000000025
Day_scene_000039_000000000000000025.png,Day_scene_000039_000000000000000025.txt,Day,Day_scene_000039,000000000000000025
Day_scene_000040_000000000000000025.png,Day_scene_000040_000000000000000025.txt,Day,Day_scene_000040,000000000000000025
Day_scene_000041_000000000000000025.png,Day_scene_000041_000000000000000025.txt,Day,Day_scene_000041,000000000000000025
Day_scene_000043_000000000000000025.png,Day_scene_000043_000000000000000025.txt,Day,Day_scene_000043,000000000000000025
Day_scene_000045_000000000000000025.png,Day_scene_000045_000000000000000025.txt,Day,Day_scene_000045,000000000000000025
Day_scene_000048_000000000000000025.png,Day_scene_000048_000000000000000025.txt,Day,Day_scene_000048,000000000000000025
Day_scene_000052_000000000000000025.png,Day_scene_000052_000000000000000025.txt,Day,Day_scene_000052,000000000000000025
Day_scene_000056_000000000000000025.png,Day_scene_000056_000000000000000025.txt,Day,Day_scene_000056,000000000000000025
Day_scene_000058_000000000000000025.png,Day_scene_000058_000000000000000025.txt,Day,Day_scene_000058,000000000000000025
Day_scene_000059_000000000000000025.png,Day_scene_000059_000000000000000025.txt,Day,Day_scene_000059,000000000000000025
Day_scene_000064_000000000000000025.png,Day_scene_000064_000000000000000025.txt,Day,Day_scene_000064,000000000000000025
Day_scene_000066_000000000000000025.png,Day_scene_000066_000000000000000025.txt,Day,Day_scene_000066,000000000000000025
Day_scene_000070_000000000000000025.png,Day_scene_000070_000000000000000025.txt,Day,Day_scene_000070,000000000000000025
Day_scene_000071_000000000000000025.png,Day_scene_000071_000000000000000025.txt,Day,Day_scene_000071,000000000000000025
Day_scene_000072_000000000000000025.png,Day_scene_000072_000000000000000025.txt,Day,Day_scene_000072,000000000000000025
Day_scene_000074_000000000000000025.png,Day_scene_000074_000000000000000025.txt,Day,Day_scene_000074,000000000000000025
Day_scene_000078_000000000000000025.png,Day_scene_000078_000000000000000025.txt,Day,Day_scene_000078,000000000000000025
Day_scene_000081_000000000000000025.png,Day_scene_000081_000000000000000025.txt,Day,Day_scene_000081,000000000000000025
Day_scene_000084_000000000000000025.png,Day_scene_000084_000000000000000025.txt,Day,Day_scene_000084,000000000000000025
Day_scene_000086_000000000000000025.png,Day_scene_000086_000000000000000025.txt,Day,Day_scene_000086,000000000000000025
Day_scene_000088_000000000000000025.png,Day_scene_000088_000000000000000025.txt,Day,Day_scene_000088,000000000000000025
Day_scene_000092_000000000000000025.png,Day_scene_000092_000000000000000025.txt,Day,Day_scene_000092,000000000000000025
Day_scene_000095_000000000000000025.png,Day_scene_000095_000000000000000025.txt,Day,Day_scene_000095,000000000000000025
Day_scene_000096_000000000000000025.png,Day_scene_000096_000000000000000025.txt,Day,Day_scene_000096,000000000000000025
Day_scene_000097_000000000000000025.png,Day_scene_000097_000000000000000025.txt,Day,Day_scene_000097,000000000000000025
Day_scene_000099_000000000000000025.png,Day_scene_000099_000000000000000025.txt,Day,Day_scene_000099,000000000000000025
Day_scene_000100_000000000000000025.png,Day_scene_000100_000000000000000025.txt,Day,Day_scene_000100,000000000000000025
Day_scene_000101_000000000000000025.png,Day_scene_000101_000000000000000025.txt,Day,Day_scene_000101,000000000000000025
Day_scene_000108_000000000000000025.png,Day_scene_000108_000000000000000025.txt,Day,Day_scene_000108,000000000000000025
Day_scene_000109_000000000000000025.png,Day_scene_000109_000000000000000025.txt,Day,Day_scene_000109,000000000000000025
Day_scene_000115_000000000000000025.png,Day_scene_000115_000000000000000025.txt,Day,Day_scene_000115,000000000000000025
Day_scene_000117_000000000000000025.png,Day_scene_000117_000000000000000025.txt,Day,Day_scene_000117,000000000000000025
Day_scene_000120_000000000000000025.png,Day_scene_000120_000000000000000025.txt,Day,Day_scene_000120,000000000000000025
Day_scene_000121_000000000000000025.png,Day_scene_000121_000000000000000025.txt,Day,Day_scene_000121,000000000000000025
Day_scene_000122_000000000000000025.png,Day_scene_000122_000000000000000025.txt,Day,Day_scene_000122,000000000000000025
Day_scene_000126_000000000000000025.png,Day_scene_000126_000000000000000025.txt,Day,Day_scene_000126,000000000000000025
Day_scene_000130_000000000000000025.png,Day_scene_000130_000000000000000025.txt,Day,Day_scene_000130,000000000000000025
Day_scene_000132_000000000000000025.png,Day_scene_000132_000000000000000025.txt,Day,Day_scene_000132,000000000000000025
Day_scene_000133_000000000000000025.png,Day_scene_000133_000000000000000025.txt,Day,Day_scene_000133,000000000000000025
Day_scene_000143_000000000000000025.png,Day_scene_000143_000000000000000025.txt,Day,Day_scene_000143,000000000000000025
Day_scene_000144_000000000000000025.png,Day_scene_000144_000000000000000025.txt,Day,Day_scene_000144,000000000000000025
Day_scene_000145_000000000000000025.png,Day_scene_000145_000000000000000025.txt,Day,Day_scene_000145,000000000000000025
Day_scene_000148_000000000000000025.png,Day_scene_000148_000000000000000025.txt,Day,Day_scene_000148,000000000000000025
Day_scene_000149_000000000000000025.png,Day_scene_000149_000000000000000025.txt,Day,Day_scene_000149,000000000000000025
Day_scene_000151_000000000000000025.png,Day_scene_000151_000000000000000025.txt,Day,Day_scene_000151,000000000000000025
Day_scene_000163_000000000000000025.png,Day_scene_000163_000000000000000025.txt,Day,Day_scene_000163,000000000000000025
Day_scene_000164_000000000000000025.png,Day_scene_000164_000000000000000025.txt,Day,Day_scene_000164,000000000000000025
Day_scene_000166_000000000000000025.png,Day_scene_000166_000000000000000025.txt,Day,Day_scene_000166,000000000000000025
Day_scene_000171_000000000000000025.png,Day_scene_000171_000000000000000025.txt,Day,Day_scene_000171,000000000000000025
Day_scene_000172_000000000000000025.png,Day_scene_000172_000000000000000025.txt,Day,Day_scene_000172,000000000000000025
Day_scene_000173_000000000000000025.png,Day_scene_000173_000000000000000025.txt,Day,Day_scene_000173,000000000000000025
Day_scene_000174_000000000000000025.png,Day_scene_000174_000000000000000025.txt,Day,Day_scene_000174,000000000000000025
Day_scene_000175_000000000000000025.png,Day_scene_000175_000000000000000025.txt,Day,Day_scene_000175,000000000000000025
Day_scene_000176_000000000000000025.png,Day_scene_000176_000000000000000025.txt,Day,Day_scene_000176,000000000000000025
Day_scene_000178_000000000000000025.png,Day_scene_000178_000000000000000025.txt,Day,Day_scene_000178,000000000000000025
Day_scene_000185_000000000000000025.png,Day_scene_000185_000000000000000025.txt,Day,Day_scene_000185,000000000000000025
Day_scene_000186_000000000000000025.png,Day_scene_000186_000000000000000025.txt,Day,Day_scene_000186,000000000000000025
Day_scene_000189_000000000000000025.png,Day_scene_000189_000000000000000025.txt,Day,Day_scene_000189,000000000000000025
Day_scene_000191_000000000000000025.png,Day_scene_000191_000000000000000025.txt,Day,Day_scene_000191,000000000000000025
Day_scene_000192_000000000000000025.png,Day_scene_000192_000000000000000025.txt,Day,Day_scene_000192,000000000000000025
Day_scene_000194_000000000000000025.png,Day_scene_000194_000000000000000025.txt,Day,Day_scene_000194,000000000000000025
Day_scene_000198_000000000000000025.png,Day_scene_000198_000000000000000025.txt,Day,Day_scene_000198,000000000000000025
Day_scene_000199_000000000000000025.png,Day_scene_000199_000000000000000025.txt,Day,Day_scene_000199,000000000000000025
Day_scene_000200_000000000000000025.png,Day_scene_000200_000000000000000025.txt,Day,Day_scene_000200,000000000000000025
Day_scene_000206_000000000000000025.png,Day_scene_000206_000000000000000025.txt,Day,Day_scene_000206,000000000000000025
Day_scene_000207_000000000000000025.png,Day_scene_000207_000000000000000025.txt,Day,Day_scene_000207,000000000000000025
Day_scene_000209_000000000000000025.png,Day_scene_000209_000000000000000025.txt,Day,Day_scene_000209,000000000000000025
Day_scene_000211_000000000000000025.png,Day_scene_000211_000000000000000025.txt,Day,Day_scene_000211,000000000000000025
Day_scene_000212_000000000000000025.png,Day_scene_000212_000000000000000025.txt,Day,Day_scene_000212,000000000000000025
Day_scene_000215_000000000000000025.png,Day_scene_000215_000000000000000025.txt,Day,Day_scene_000215,000000000000000025
Day_scene_000217_000000000000000025.png,Day_scene_000217_000000000000000025.txt,Day,Day_scene_000217,000000000000000025
Day_scene_000220_000000000000000025.png,Day_scene_000220_000000000000000025.txt,Day,Day_scene_000220,000000000000000025
Day_scene_000221_000000000000000025.png,Day_scene_000221_000000000000000025.txt,Day,Day_scene_000221,000000000000000025
Day_scene_000223_000000000000000025.png,Day_scene_000223_000000000000000025.txt,Day,Day_scene_000223,000000000000000025
Day_scene_000225_000000000000000025.png,Day_scene_000225_000000000000000025.txt,Day,Day_scene_000225,000000000000000025
Day_scene_000236_000000000000000025.png,Day_scene_000236_000000000000000025.txt,Day,Day_scene_000236,000000000000000025
Day_scene_000237_000000000000000025.png,Day_scene_000237_000000000000000025.txt,Day,Day_scene_000237,000000000000000025
Day_scene_000238_000000000000000025.png,Day_scene_000238_000000000000000025.txt,Day,Day_scene_000238,000000000000000025
Day_scene_000239_000000000000000025.png,Day_scene_000239_000000000000000025.txt,Day,Day_scene_000239,000000000000000025
Day_scene_000240_000000000000000025.png,Day_scene_000240_000000000000000025.txt,Day,Day_scene_000240,000000000000000025
Day_scene_000245_000000000000000025.png,Day_scene_000245_000000000000000025.txt,Day,Day_scene_000245,000000000000000025
Day_scene_000247_000000000000000025.png,Day_scene_000247_000000000000000025.txt,Day,Day_scene_000247,000000000000000025
Day_scene_000248_000000000000000025.png,Day_scene_000248_000000000000000025.txt,Day,Day_scene_000248,000000000000000025
Day_scene_000251_000000000000000025.png,Day_scene_000251_000000000000000025.txt,Day,Day_scene_000251,000000000000000025
Day_scene_000254_000000000000000025.png,Day_scene_000254_000000000000000025.txt,Day,Day_scene_000254,000000000000000025
Day_scene_000257_000000000000000025.png,Day_scene_000257_000000000000000025.txt,Day,Day_scene_000257,000000000000000025
Day_scene_000259_000000000000000025.png,Day_scene_000259_000000000000000025.txt,Day,Day_scene_000259,000000000000000025
Day_scene_000262_000000000000000025.png,Day_scene_000262_000000000000000025.txt,Day,Day_scene_000262,000000000000000025
Day_scene_000263_000000000000000025.png,Day_scene_000263_000000000000000025.txt,Day,Day_scene_000263,000000000000000025
Day_scene_000265_000000000000000025.png,Day_scene_000265_000000000000000025.txt,Day,Day_scene_000265,000000000000000025
Day_scene_000269_000000000000000025.png,Day_scene_000269_000000000000000025.txt,Day,Day_scene_000269,000000000000000025
Day_scene_000271_000000000000000025.png,Day_scene_000271_000000000000000025.txt,Day,Day_scene_000271,000000000000000025
Day_scene_000272_000000000000000025.png,Day_scene_000272_000000000000000025.txt,Day,Day_scene_000272,000000000000000025
Day_scene_000274_000000000000000025.png,Day_scene_000274_000000000000000025.txt,Day,Day_scene_000274,000000000000000025
Day_scene_000275_000000000000000025.png,Day_scene_000275_000000000000000025.txt,Day,Day_scene_000275,000000000000000025
Day_scene_000276_000000000000000025.png,Day_scene_000276_000000000000000025.txt,Day,Day_scene_000276,000000000000000025
Day_scene_000277_000000000000000025.png,Day_scene_000277_000000000000000025.txt,Day,Day_scene_000277,000000000000000025
Day_scene_000278_000000000000000025.png,Day_scene_000278_000000000000000025.txt,Day,Day_scene_000278,000000000000000025
Day_scene_000281_000000000000000025.png,Day_scene_000281_000000000000000025.txt,Day,Day_scene_000281,000000000000000025
Day_scene_000283_000000000000000025.png,Day_scene_000283_000000000000000025.txt,Day,Day_scene_000283,000000000000000025
Day_scene_000284_000000000000000025.png,Day_scene_000284_000000000000000025.txt,Day,Day_scene_000284,000000000000000025
Day_scene_000285_000000000000000025.png,Day_scene_000285_000000000000000025.txt,Day,Day_scene_000285,000000000000000025
Day_scene_000287_000000000000000025.png,Day_scene_000287_000000000000000025.txt,Day,Day_scene_000287,000000000000000025
Day_scene_000291_000000000000000025.png,Day_scene_000291_000000000000000025.txt,Day,Day_scene_000291,000000000000000025
Day_scene_000292_000000000000000025.png,Day_scene_000292_000000000000000025.txt,Day,Day_scene_000292,000000000000000025
Day_scene_000293_000000000000000025.png,Day_scene_000293_000000000000000025.txt,Day,Day_scene_000293,000000000000000025
Day_scene_000294_000000000000000025.png,Day_scene_000294_000000000000000025.txt,Day,Day_scene_000294,000000000000000025
Day_scene_000299_000000000000000025.png,Day_scene_000299_000000000000000025.txt,Day,Day_scene_000299,000000000000000025
Day_scene_000300_000000000000000025.png,Day_scene_000300_000000000000000025.txt,Day,Day_scene_000300,000000000000000025
Day_scene_000302_000000000000000025.png,Day_scene_000302_000000000000000025.txt,Day,Day_scene_000302,000000000000000025
Day_scene_000303_000000000000000025.png,Day_scene_000303_000000000000000025.txt,Day,Day_scene_000303,000000000000000025
Day_scene_000305_000000000000000025.png,Day_scene_000305_000000000000000025.txt,Day,Day_scene_000305,000000000000000025
Day_scene_000307_000000000000000025.png,Day_scene_000307_000000000000000025.txt,Day,Day_scene_000307,000000000000000025
Day_scene_000309_000000000000000025.png,Day_scene_000309_000000000000000025.txt,Day,Day_scene_000309,000000000000000025
Day_scene_000311_000000000000000025.png,Day_scene_000311_000000000000000025.txt,Day,Day_scene_000311,000000000000000025
Day_scene_000312_000000000000000025.png,Day_scene_000312_000000000000000025.txt,Day,Day_scene_000312,000000000000000025
Day_scene_000316_000000000000000025.png,Day_scene_000316_000000000000000025.txt,Day,Day_scene_000316,000000000000000025
Day_scene_000318_000000000000000025.png,Day_scene_000318_000000000000000025.txt,Day,Day_scene_000318,000000000000000025
Day_scene_000320_000000000000000025.png,Day_scene_000320_000000000000000025.txt,Day,Day_scene_000320,000000000000000025
Day_scene_000321_000000000000000025.png,Day_scene_000321_000000000000000025.txt,Day,Day_scene_000321,000000000000000025
Day_scene_000325_000000000000000025.png,Day_scene_000325_000000000000000025.txt,Day,Day_scene_000325,000000000000000025
Day_scene_000326_000000000000000025.png,Day_scene_000326_000000000000000025.txt,Day,Day_scene_000326,000000000000000025
Day_scene_000327_000000000000000025.png,Day_scene_000327_000000000000000025.txt,Day,Day_scene_000327,000000000000000025
Day_scene_000328_000000000000000025.png,Day_scene_000328_000000000000000025.txt,Day,Day_scene_000328,000000000000000025
Day_scene_000332_000000000000000025.png,Day_scene_000332_000000000000000025.txt,Day,Day_scene_000332,000000000000000025
Day_scene_000336_000000000000000025.png,Day_scene_000336_000000000000000025.txt,Day,Day_scene_000336,000000000000000025
Day_scene_000337_000000000000000025.png,Day_scene_000337_000000000000000025.txt,Day,Day_scene_000337,000000000000000025
Day_scene_000341_000000000000000025.png,Day_scene_000341_000000000000000025.txt,Day,Day_scene_000341,000000000000000025
Day_scene_000342_000000000000000025.png,Day_scene_000342_000000000000000025.txt,Day,Day_scene_000342,000000000000000025
Day_scene_000343_000000000000000025.png,Day_scene_000343_000000000000000025.txt,Day,Day_scene_000343,000000000000000025
Day_scene_000344_000000000000000025.png,Day_scene_000344_000000000000000025.txt,Day,Day_scene_000344,000000000000000025
Day_scene_000348_000000000000000025.png,Day_scene_000348_000000000000000025.txt,Day,Day_scene_000348,000000000000000025
Day_scene_000352_000000000000000025.png,Day_scene_000352_000000000000000025.txt,Day,Day_scene_000352,000000000000000025
Day_scene_000355_000000000000000025.png,Day_scene_000355_000000000000000025.txt,Day,Day_scene_000355,000000000000000025
Day_scene_000358_000000000000000025.png,Day_scene_000358_000000000000000025.txt,Day,Day_scene_000358,000000000000000025
Day_scene_000362_000000000000000025.png,Day_scene_000362_000000000000000025.txt,Day,Day_scene_000362,000000000000000025
Day_scene_000367_000000000000000025.png,Day_scene_000367_000000000000000025.txt,Day,Day_scene_000367,000000000000000025
Day_scene_000368_000000000000000025.png,Day_scene_000368_000000000000000025.txt,Day,Day_scene_000368,000000000000000025
Day_scene_000371_000000000000000025.png,Day_scene_000371_000000000000000025.txt,Day,Day_scene_000371,000000000000000025
Day_scene_000372_000000000000000025.png,Day_scene_000372_000000000000000025.txt,Day,Day_scene_000372,000000000000000025
Day_scene_000378_000000000000000025.png,Day_scene_000378_000000000000000025.txt,Day,Day_scene_000378,000000000000000025
Day_scene_000380_000000000000000025.png,Day_scene_000380_000000000000000025.txt,Day,Day_scene_000380,000000000000000025
Day_scene_000381_000000000000000025.png,Day_scene_000381_000000000000000025.txt,Day,Day_scene_000381,000000000000000025
Day_scene_000382_000000000000000025.png,Day_scene_000382_000000000000000025.txt,Day,Day_scene_000382,000000000000000025
Day_scene_000385_000000000000000025.png,Day_scene_000385_000000000000000025.txt,Day,Day_scene_000385,000000000000000025
Day_scene_000391_000000000000000025.png,Day_scene_000391_000000000000000025.txt,Day,Day_scene_000391,000000000000000025
Day_scene_000397_000000000000000025.png,Day_scene_000397_000000000000000025.txt,Day,Day_scene_000397,000000000000000025
Day_scene_000401_000000000000000025.png,Day_scene_000401_000000000000000025.txt,Day,Day_scene_000401,000000000000000025
Day_scene_000402_000000000000000025.png,Day_scene_000402_000000000000000025.txt,Day,Day_scene_000402,000000000000000025
Day_scene_000403_000000000000000025.png,Day_scene_000403_000000000000000025.txt,Day,Day_scene_000403,000000000000000025
Day_scene_000408_000000000000000025.png,Day_scene_000408_000000000000000025.txt,Day,Day_scene_000408,000000000000000025
Day_scene_000409_000000000000000025.png,Day_scene_000409_000000000000000025.txt,Day,Day_scene_000409,000000000000000025
Day_scene_000411_000000000000000025.png,Day_scene_000411_000000000000000025.txt,Day,Day_scene_000411,000000000000000025
Day_scene_000412_000000000000000025.png,Day_scene_000412_000000000000000025.txt,Day,Day_scene_000412,000000000000000025
Day_scene_000413_000000000000000025.png,Day_scene_000413_000000000000000025.txt,Day,Day_scene_000413,000000000000000025
Day_scene_000419_000000000000000025.png,Day_scene_000419_000000000000000025.txt,Day,Day_scene_000419,000000000000000025
Day_scene_000424_000000000000000025.png,Day_scene_000424_000000000000000025.txt,Day,Day_scene_000424,000000000000000025
Day_scene_000426_000000000000000025.png,Day_scene_000426_000000000000000025.txt,Day,Day_scene_000426,000000000000000025
Day_scene_000427_000000000000000025.png,Day_scene_000427_000000000000000025.txt,Day,Day_scene_000427,000000000000000025
Day_scene_000430_000000000000000025.png,Day_scene_000430_000000000000000025.txt,Day,Day_scene_000430,000000000000000025
Day_scene_000433_000000000000000025.png,Day_scene_000433_000000000000000025.txt,Day,Day_scene_000433,000000000000000025
Day_scene_000437_000000000000000025.png,Day_scene_000437_000000000000000025.txt,Day,Day_scene_000437,000000000000000025
Day_scene_000440_000000000000000025.png,Day_scene_000440_000000000000000025.txt,Day,Day_scene_000440,000000000000000025
Day_scene_000443_000000000000000025.png,Day_scene_000443_000000000000000025.txt,Day,Day_scene_000443,000000000000000025
Day_scene_000449_000000000000000025.png,Day_scene_000449_000000000000000025.txt,Day,Day_scene_000449,000000000000000025
Day_scene_000456_000000000000000025.png,Day_scene_000456_000000000000000025.txt,Day,Day_scene_000456,000000000000000025
Day_scene_000464_000000000000000025.png,Day_scene_000464_000000000000000025.txt,Day,Day_scene_000464,000000000000000025
Day_scene_000466_000000000000000025.png,Day_scene_000466_000000000000000025.txt,Day,Day_scene_000466,000000000000000025
Day_scene_000469_000000000000000025.png,Day_scene_000469_000000000000000025.txt,Day,Day_scene_000469,000000000000000025
Day_scene_000471_000000000000000025.png,Day_scene_000471_000000000000000025.txt,Day,Day_scene_000471,000000000000000025
Day_scene_000474_000000000000000025.png,Day_scene_000474_000000000000000025.txt,Day,Day_scene_000474,000000000000000025
Day_scene_000477_000000000000000025.png,Day_scene_000477_000000000000000025.txt,Day,Day_scene_000477,000000000000000025
Day_scene_000479_000000000000000025.png,Day_scene_000479_000000000000000025.txt,Day,Day_scene_000479,000000000000000025
Day_scene_000480_000000000000000025.png,Day_scene_000480_000000000000000025.txt,Day,Day_scene_000480,000000000000000025
Day_scene_000485_000000000000000025.png,Day_scene_000485_000000000000000025.txt,Day,Day_scene_000485,000000000000000025
Day_scene_000488_000000000000000025.png,Day_scene_000488_000000000000000025.txt,Day,Day_scene_000488,000000000000000025
Day_scene_000492_000000000000000025.png,Day_scene_000492_000000000000000025.txt,Day,Day_scene_000492,000000000000000025
Day_scene_000493_000000000000000025.png,Day_scene_000493_000000000000000025.txt,Day,Day_scene_000493,000000000000000025
Day_scene_000494_000000000000000025.png,Day_scene_000494_000000000000000025.txt,Day,Day_scene_000494,000000000000000025
Day_scene_000497_000000000000000025.png,Day_scene_000497_000000000000000025.txt,Day,Day_scene_000497,000000000000000025
Day_scene_000498_000000000000000025.png,Day_scene_000498_000000000000000025.txt,Day,Day_scene_000498,000000000000000025
Day_scene_000499_000000000000000025.png,Day_scene_000499_000000000000000025.txt,Day,Day_scene_000499,000000000000000025
Day_scene_000501_000000000000000025.png,Day_scene_000501_000000000000000025.txt,Day,Day_scene_000501,000000000000000025
Day_scene_000502_000000000000000025.png,Day_scene_000502_000000000000000025.txt,Day,Day_scene_000502,000000000000000025
Day_scene_000504_000000000000000025.png,Day_scene_000504_000000000000000025.txt,Day,Day_scene_000504,000000000000000025
Day_scene_000506_000000000000000025.png,Day_scene_000506_000000000000000025.txt,Day,Day_scene_000506,000000000000000025
Day_scene_000508_000000000000000025.png,Day_scene_000508_000000000000000025.txt,Day,Day_scene_000508,000000000000000025
Day_scene_000510_000000000000000025.png,Day_scene_000510_000000000000000025.txt,Day,Day_scene_000510,000000000000000025
Day_scene_000512_000000000000000025.png,Day_scene_000512_000000000000000025.txt,Day,Day_scene_000512,000000000000000025
Day_scene_000517_000000000000000025.png,Day_scene_000517_000000000000000025.txt,Day,Day_scene_000517,000000000000000025
Day_scene_000519_000000000000000025.png,Day_scene_000519_000000000000000025.txt,Day,Day_scene_000519,000000000000000025
Day_scene_000520_000000000000000025.png,Day_scene_000520_000000000000000025.txt,Day,Day_scene_000520,000000000000000025
Day_scene_000527_000000000000000025.png,Day_scene_000527_000000000000000025.txt,Day,Day_scene_000527,000000000000000025
Day_scene_000528_000000000000000025.png,Day_scene_000528_000000000000000025.txt,Day,Day_scene_000528,000000000000000025
Day_scene_000529_000000000000000025.png,Day_scene_000529_000000000000000025.txt,Day,Day_scene_000529,000000000000000025
Day_scene_000532_000000000000000025.png,Day_scene_000532_000000000000000025.txt,Day,Day_scene_000532,000000000000000025
Day_scene_000537_000000000000000025.png,Day_scene_000537_000000000000000025.txt,Day,Day_scene_000537,000000000000000025
Day_scene_000544_000000000000000025.png,Day_scene_000544_000000000000000025.txt,Day,Day_scene_000544,000000000000000025
Day_scene_000552_000000000000000025.png,Day_scene_000552_000000000000000025.txt,Day,Day_scene_000552,000000000000000025
Day_scene_000553_000000000000000025.png,Day_scene_000553_000000000000000025.txt,Day,Day_scene_000553,000000000000000025
Day_scene_000555_000000000000000025.png,Day_scene_000555_000000000000000025.txt,Day,Day_scene_000555,000000000000000025
Day_scene_000557_000000000000000025.png,Day_scene_000557_000000000000000025.txt,Day,Day_scene_000557,000000000000000025
Day_scene_000558_000000000000000025.png,Day_scene_000558_000000000000000025.txt,Day,Day_scene_000558,000000000000000025
Day_scene_000559_000000000000000025.png,Day_scene_000559_000000000000000025.txt,Day,Day_scene_000559,000000000000000025
Day_scene_000561_000000000000000025.png,Day_scene_000561_000000000000000025.txt,Day,Day_scene_000561,000000000000000025
Day_scene_000563_000000000000000025.png,Day_scene_000563_000000000000000025.txt,Day,Day_scene_000563,000000000000000025
Day_scene_000564_000000000000000025.png,Day_scene_000564_000000000000000025.txt,Day,Day_scene_000564,000000000000000025
Day_scene_000567_000000000000000025.png,Day_scene_000567_000000000000000025.txt,Day,Day_scene_000567,000000000000000025
Day_scene_000568_000000000000000025.png,Day_scene_000568_000000000000000025.txt,Day,Day_scene_000568,000000000000000025
Day_scene_000576_000000000000000025.png,Day_scene_000576_000000000000000025.txt,Day,Day_scene_000576,000000000000000025
Day_scene_000577_000000000000000025.png,Day_scene_000577_000000000000000025.txt,Day,Day_scene_000577,000000000000000025
Day_scene_000578_000000000000000025.png,Day_scene_000578_000000000000000025.txt,Day,Day_scene_000578,000000000000000025
Day_scene_000579_000000000000000025.png,Day_scene_000579_000000000000000025.txt,Day,Day_scene_000579,000000000000000025
Day_scene_000580_000000000000000025.png,Day_scene_000580_000000000000000025.txt,Day,Day_scene_000580,000000000000000025
Day_scene_000587_000000000000000025.png,Day_scene_000587_000000000000000025.txt,Day,Day_scene_000587,000000000000000025
Day_scene_000591_000000000000000025.png,Day_scene_000591_000000000000000025.txt,Day,Day_scene_000591,000000000000000025
Day_scene_000594_000000000000000025.png,Day_scene_000594_000000000000000025.txt,Day,Day_scene_000594,000000000000000025
Day_scene_000597_000000000000000025.png,Day_scene_000597_000000000000000025.txt,Day,Day_scene_000597,000000000000000025
Day_scene_000603_000000000000000025.png,Day_scene_000603_000000000000000025.txt,Day,Day_scene_000603,000000000000000025
Day_scene_000604_000000000000000025.png,Day_scene_000604_000000000000000025.txt,Day,Day_scene_000604,000000000000000025
Day_scene_000606_000000000000000025.png,Day_scene_000606_000000000000000025.txt,Day,Day_scene_000606,000000000000000025
Day_scene_000610_000000000000000025.png,Day_scene_000610_000000000000000025.txt,Day,Day_scene_000610,000000000000000025
Day_scene_000611_000000000000000025.png,Day_scene_000611_000000000000000025.txt,Day,Day_scene_000611,000000000000000025
Day_scene_000613_000000000000000025.png,Day_scene_000613_000000000000000025.txt,Day,Day_scene_000613,000000000000000025
Day_scene_000617_000000000000000025.png,Day_scene_000617_000000000000000025.txt,Day,Day_scene_000617,000000000000000025
Day_scene_000618_000000000000000025.png,Day_scene_000618_000000000000000025.txt,Day,Day_scene_000618,000000000000000025
Day_scene_000619_000000000000000025.png,Day_scene_000619_000000000000000025.txt,Day,Day_scene_000619,000000000000000025
Day_scene_000624_000000000000000025.png,Day_scene_000624_000000000000000025.txt,Day,Day_scene_000624,000000000000000025
Day_scene_000626_000000000000000025.png,Day_scene_000626_000000000000000025.txt,Day,Day_scene_000626,000000000000000025
Day_scene_000630_000000000000000025.png,Day_scene_000630_000000000000000025.txt,Day,Day_scene_000630,000000000000000025
Day_scene_000632_000000000000000025.png,Day_scene_000632_000000000000000025.txt,Day,Day_scene_000632,000000000000000025
Day_scene_000633_000000000000000025.png,Day_scene_000633_000000000000000025.txt,Day,Day_scene_000633,000000000000000025
Day_scene_000634_000000000000000025.png,Day_scene_000634_000000000000000025.txt,Day,Day_scene_000634,000000000000000025
Day_scene_000635_000000000000000025.png,Day_scene_000635_000000000000000025.txt,Day,Day_scene_000635,000000000000000025
Day_scene_000637_000000000000000025.png,Day_scene_000637_000000000000000025.txt,Day,Day_scene_000637,000000000000000025
Day_scene_000639_000000000000000025.png,Day_scene_000639_000000000000000025.txt,Day,Day_scene_000639,000000000000000025
Day_scene_000642_000000000000000025.png,Day_scene_000642_000000000000000025.txt,Day,Day_scene_000642,000000000000000025
Day_scene_000644_000000000000000025.png,Day_scene_000644_000000000000000025.txt,Day,Day_scene_000644,000000000000000025
Day_scene_000645_000000000000000025.png,Day_scene_000645_000000000000000025.txt,Day,Day_scene_000645,000000000000000025
Day_scene_000649_000000000000000025.png,Day_scene_000649_000000000000000025.txt,Day,Day_scene_000649,000000000000000025
Day_scene_000650_000000000000000025.png,Day_scene_000650_000000000000000025.txt,Day,Day_scene_000650,000000000000000025
Day_scene_000653_000000000000000025.png,Day_scene_000653_000000000000000025.txt,Day,Day_scene_000653,000000000000000025
Day_scene_000654_000000000000000025.png,Day_scene_000654_000000000000000025.txt,Day,Day_scene_000654,000000000000000025
Day_scene_000655_000000000000000025.png,Day_scene_000655_000000000000000025.txt,Day,Day_scene_000655,000000000000000025
Day_scene_000656_000000000000000025.png,Day_scene_000656_000000000000000025.txt,Day,Day_scene_000656,000000000000000025
Day_scene_000657_000000000000000025.png,Day_scene_000657_000000000000000025.txt,Day,Day_scene_000657,000000000000000025
Day_scene_000659_000000000000000025.png,Day_scene_000659_000000000000000025.txt,Day,Day_scene_000659,000000000000000025
Day_scene_000660_000000000000000025.png,Day_scene_000660_000000000000000025.txt,Day,Day_scene_000660,000000000000000025
Day_scene_000661_000000000000000025.png,Day_scene_000661_000000000000000025.txt,Day,Day_scene_000661,000000000000000025
Day_scene_000663_000000000000000025.png,Day_scene_000663_000000000000000025.txt,Day,Day_scene_000663,000000000000000025
Day_scene_000666_000000000000000025.png,Day_scene_000666_000000000000000025.txt,Day,Day_scene_000666,000000000000000025
Day_scene_000667_000000000000000025.png,Day_scene_000667_000000000000000025.txt,Day,Day_scene_000667,000000000000000025
Day_scene_000669_000000000000000025.png,Day_scene_000669_000000000000000025.txt,Day,Day_scene_000669,000000000000000025
Day_scene_000671_000000000000000025.png,Day_scene_000671_000000000000000025.txt,Day,Day_scene_000671,000000000000000025
Day_scene_000677_000000000000000025.png,Day_scene_000677_000000000000000025.txt,Day,Day_scene_000677,000000000000000025
Day_scene_000679_000000000000000025.png,Day_scene_000679_000000000000000025.txt,Day,Day_scene_000679,000000000000000025
Day_scene_000681_000000000000000025.png,Day_scene_000681_000000000000000025.txt,Day,Day_scene_000681,000000000000000025
Day_scene_000682_000000000000000025.png,Day_scene_000682_000000000000000025.txt,Day,Day_scene_000682,000000000000000025
Day_scene_000683_000000000000000025.png,Day_scene_000683_000000000000000025.txt,Day,Day_scene_000683,000000000000000025
Day_scene_000693_000000000000000025.png,Day_scene_000693_000000000000000025.txt,Day,Day_scene_000693,000000000000000025
Day_scene_000697_000000000000000025.png,Day_scene_000697_000000000000000025.txt,Day,Day_scene_000697,000000000000000025
Day_scene_000700_000000000000000025.png,Day_scene_000700_000000000000000025.txt,Day,Day_scene_000700,000000000000000025
Day_scene_000701_000000000000000025.png,Day_scene_000701_000000000000000025.txt,Day,Day_scene_000701,000000000000000025
Day_scene_000702_000000000000000025.png,Day_scene_000702_000000000000000025.txt,Day,Day_scene_000702,000000000000000025
Day_scene_000703_000000000000000025.png,Day_scene_000703_000000000000000025.txt,Day,Day_scene_000703,000000000000000025
Day_scene_000707_000000000000000025.png,Day_scene_000707_000000000000000025.txt,Day,Day_scene_000707,000000000000000025
Day_scene_000708_000000000000000025.png,Day_scene_000708_000000000000000025.txt,Day,Day_scene_000708,000000000000000025
Day_scene_000709_000000000000000025.png,Day_scene_000709_000000000000000025.txt,Day,Day_scene_000709,000000000000000025
Day_scene_000710_000000000000000025.png,Day_scene_000710_000000000000000025.txt,Day,Day_scene_000710,000000000000000025
Day_scene_000711_000000000000000025.png,Day_scene_000711_000000000000000025.txt,Day,Day_scene_000711,000000000000000025
Day_scene_000716_000000000000000025.png,Day_scene_000716_000000000000000025.txt,Day,Day_scene_000716,000000000000000025
Day_scene_000718_000000000000000025.png,Day_scene_000718_000000000000000025.txt,Day,Day_scene_000718,000000000000000025
Day_scene_000719_000000000000000025.png,Day_scene_000719_000000000000000025.txt,Day,Day_scene_000719,000000000000000025
Day_scene_000723_000000000000000025.png,Day_scene_000723_000000000000000025.txt,Day,Day_scene_000723,000000000000000025
Day_scene_000724_000000000000000025.png,Day_scene_000724_000000000000000025.txt,Day,Day_scene_000724,000000000000000025
Day_scene_000725_000000000000000025.png,Day_scene_000725_000000000000000025.txt,Day,Day_scene_000725,000000000000000025
Day_scene_000731_000000000000000025.png,Day_scene_000731_000000000000000025.txt,Day,Day_scene_000731,000000000000000025
Day_scene_000733_000000000000000025.png,Day_scene_000733_000000000000000025.txt,Day,Day_scene_000733,000000000000000025
Day_scene_000734_000000000000000025.png,Day_scene_000734_000000000000000025.txt,Day,Day_scene_000734,000000000000000025
Day_scene_000736_000000000000000025.png,Day_scene_000736_000000000000000025.txt,Day,Day_scene_000736,000000000000000025
Day_scene_000744_000000000000000025.png,Day_scene_000744_000000000000000025.txt,Day,Day_scene_000744,000000000000000025
Day_scene_000745_000000000000000025.png,Day_scene_000745_000000000000000025.txt,Day,Day_scene_000745,000000000000000025
Day_scene_000746_000000000000000025.png,Day_scene_000746_000000000000000025.txt,Day,Day_scene_000746,000000000000000025
Day_scene_000748_000000000000000025.png,Day_scene_000748_000000000000000025.txt,Day,Day_scene_000748,000000000000000025
Day_scene_000750_000000000000000025.png,Day_scene_000750_000000000000000025.txt,Day,Day_scene_000750,000000000000000025
Day_scene_000753_000000000000000025.png,Day_scene_000753_000000000000000025.txt,Day,Day_scene_000753,000000000000000025
Day_scene_000756_000000000000000025.png,Day_scene_000756_000000000000000025.txt,Day,Day_scene_000756,000000000000000025
Day_scene_000757_000000000000000025.png,Day_scene_000757_000000000000000025.txt,Day,Day_scene_000757,000000000000000025
Day_scene_000758_000000000000000025.png,Day_scene_000758_000000000000000025.txt,Day,Day_scene_000758,000000000000000025
Day_scene_000760_000000000000000025.png,Day_scene_000760_000000000000000025.txt,Day,Day_scene_000760,000000000000000025
Day_scene_000766_000000000000000025.png,Day_scene_000766_000000000000000025.txt,Day,Day_scene_000766,000000000000000025
Day_scene_000767_000000000000000025.png,Day_scene_000767_000000000000000025.txt,Day,Day_scene_000767,000000000000000025
Day_scene_000770_000000000000000025.png,Day_scene_000770_000000000000000025.txt,Day,Day_scene_000770,000000000000000025
Day_scene_000772_000000000000000025.png,Day_scene_000772_000000000000000025.txt,Day,Day_scene_000772,000000000000000025
Day_scene_000778_000000000000000025.png,Day_scene_000778_000000000000000025.txt,Day,Day_scene_000778,000000000000000025
Day_scene_000782_000000000000000025.png,Day_scene_000782_000000000000000025.txt,Day,Day_scene_000782,000000000000000025
Day_scene_000798_000000000000000025.png,Day_scene_000798_000000000000000025.txt,Day,Day_scene_000798,000000000000000025
Day_scene_000802_000000000000000025.png,Day_scene_000802_000000000000000025.txt,Day,Day_scene_000802,000000000000000025
Day_scene_000804_000000000000000025.png,Day_scene_000804_000000000000000025.txt,Day,Day_scene_000804,000000000000000025
Day_scene_000805_000000000000000025.png,Day_scene_000805_000000000000000025.txt,Day,Day_scene_000805,000000000000000025
Day_scene_000807_000000000000000025.png,Day_scene_000807_000000000000000025.txt,Day,Day_scene_000807,000000000000000025
Day_scene_000808_000000000000000025.png,Day_scene_000808_000000000000000025.txt,Day,Day_scene_000808,000000000000000025
Day_scene_000809_000000000000000025.png,Day_scene_000809_000000000000000025.txt,Day,Day_scene_000809,000000000000000025
Day_scene_000814_000000000000000025.png,Day_scene_000814_000000000000000025.txt,Day,Day_scene_000814,000000000000000025
Day_scene_000820_000000000000000025.png,Day_scene_000820_000000000000000025.txt,Day,Day_scene_000820,000000000000000025
Day_scene_000821_000000000000000025.png,Day_scene_000821_000000000000000025.txt,Day,Day_scene_000821,000000000000000025
Day_scene_000823_000000000000000025.png,Day_scene_000823_000000000000000025.txt,Day,Day_scene_000823,000000000000000025
Day_scene_000824_000000000000000025.png,Day_scene_000824_000000000000000025.txt,Day,Day_scene_000824,000000000000000025
Day_scene_000825_000000000000000025.png,Day_scene_000825_000000000000000025.txt,Day,Day_scene_000825,000000000000000025
Day_scene_000828_000000000000000025.png,Day_scene_000828_000000000000000025.txt,Day,Day_scene_000828,000000000000000025
Day_scene_000829_000000000000000025.png,Day_scene_000829_000000000000000025.txt,Day,Day_scene_000829,000000000000000025
Day_scene_000830_000000000000000025.png,Day_scene_000830_000000000000000025.txt,Day,Day_scene_000830,000000000000000025
Day_scene_000831_000000000000000025.png,Day_scene_000831_000000000000000025.txt,Day,Day_scene_000831,000000000000000025
Day_scene_000833_000000000000000025.png,Day_scene_000833_000000000000000025.txt,Day,Day_scene_000833,000000000000000025
Day_scene_000834_000000000000000025.png,Day_scene_000834_000000000000000025.txt,Day,Day_scene_000834,000000000000000025
Day_scene_000838_000000000000000025.png,Day_scene_000838_000000000000000025.txt,Day,Day_scene_000838,000000000000000025
Day_scene_000841_000000000000000025.png,Day_scene_000841_000000000000000025.txt,Day,Day_scene_000841,000000000000000025
Day_scene_000844_000000000000000025.png,Day_scene_000844_000000000000000025.txt,Day,Day_scene_000844,000000000000000025
Day_scene_000846_000000000000000025.png,Day_scene_000846_000000000000000025.txt,Day,Day_scene_000846,000000000000000025
Day_scene_000849_000000000000000025.png,Day_scene_000849_000000000000000025.txt,Day,Day_scene_000849,000000000000000025
Day_scene_000852_000000000000000025.png,Day_scene_000852_000000000000000025.txt,Day,Day_scene_000852,000000000000000025
Day_scene_000853_000000000000000025.png,Day_scene_000853_000000000000000025.txt,Day,Day_scene_000853,000000000000000025
Day_scene_000854_000000000000000025.png,Day_scene_000854_000000000000000025.txt,Day,Day_scene_000854,000000000000000025
Day_scene_000858_000000000000000025.png,Day_scene_000858_000000000000000025.txt,Day,Day_scene_000858,000000000000000025
Day_scene_000859_000000000000000025.png,Day_scene_000859_000000000000000025.txt,Day,Day_scene_000859,000000000000000025
Day_scene_000872_000000000000000025.png,Day_scene_000872_000000000000000025.txt,Day,Day_scene_000872,000000000000000025
Day_scene_000873_000000000000000025.png,Day_scene_000873_000000000000000025.txt,Day,Day_scene_000873,000000000000000025
Day_scene_000876_000000000000000025.png,Day_scene_000876_000000000000000025.txt,Day,Day_scene_000876,000000000000000025
Day_scene_000877_000000000000000025.png,Day_scene_000877_000000000000000025.txt,Day,Day_scene_000877,000000000000000025
Day_scene_000884_000000000000000025.png,Day_scene_000884_000000000000000025.txt,Day,Day_scene_000884,000000000000000025
Day_scene_000885_000000000000000025.png,Day_scene_000885_000000000000000025.txt,Day,Day_scene_000885,000000000000000025
Day_scene_000891_000000000000000025.png,Day_scene_000891_000000000000000025.txt,Day,Day_scene_000891,000000000000000025
Day_scene_000892_000000000000000025.png,Day_scene_000892_000000000000000025.txt,Day,Day_scene_000892,000000000000000025
Day_scene_000896_000000000000000025.png,Day_scene_000896_000000000000000025.txt,Day,Day_scene_000896,000000000000000025
Day_scene_000902_000000000000000025.png,Day_scene_000902_000000000000000025.txt,Day,Day_scene_000902,000000000000000025
Day_scene_000903_000000000000000025.png,Day_scene_000903_000000000000000025.txt,Day,Day_scene_000903,000000000000000025
Day_scene_000908_000000000000000025.png,Day_scene_000908_000000000000000025.txt,Day,Day_scene_000908,000000000000000025
Day_scene_000909_000000000000000025.png,Day_scene_000909_000000000000000025.txt,Day,Day_scene_000909,000000000000000025
Day_scene_000910_000000000000000025.png,Day_scene_000910_000000000000000025.txt,Day,Day_scene_000910,000000000000000025
Day_scene_000914_000000000000000025.png,Day_scene_000914_000000000000000025.txt,Day,Day_scene_000914,000000000000000025
Day_scene_000915_000000000000000025.png,Day_scene_000915_000000000000000025.txt,Day,Day_scene_000915,000000000000000025
Day_scene_000917_000000000000000025.png,Day_scene_000917_000000000000000025.txt,Day,Day_scene_000917,000000000000000025
Day_scene_000923_000000000000000025.png,Day_scene_000923_000000000000000025.txt,Day,Day_scene_000923,000000000000000025
Day_scene_000930_000000000000000025.png,Day_scene_000930_000000000000000025.txt,Day,Day_scene_000930,000000000000000025
Day_scene_000933_000000000000000025.png,Day_scene_000933_000000000000000025.txt,Day,Day_scene_000933,000000000000000025
Day_scene_000934_000000000000000025.png,Day_scene_000934_000000000000000025.txt,Day,Day_scene_000934,000000000000000025
Day_scene_000935_000000000000000025.png,Day_scene_000935_000000000000000025.txt,Day,Day_scene_000935,000000000000000025
Day_scene_000936_000000000000000025.png,Day_scene_000936_000000000000000025.txt,Day,Day_scene_000936,000000000000000025
Day_scene_000938_000000000000000025.png,Day_scene_000938_000000000000000025.txt,Day,Day_scene_000938,000000000000000025
Day_scene_000939_000000000000000025.png,Day_scene_000939_000000000000000025.txt,Day,Day_scene_000939,000000000000000025
Day_scene_000941_000000000000000025.png,Day_scene_000941_000000000000000025.txt,Day,Day_scene_000941,000000000000000025
Day_scene_000942_000000000000000025.png,Day_scene_000942_000000000000000025.txt,Day,Day_scene_000942,000000000000000025
Day_scene_000943_000000000000000025.png,Day_scene_000943_000000000000000025.txt,Day,Day_scene_000943,000000000000000025
Day_scene_000944_000000000000000025.png,Day_scene_000944_000000000000000025.txt,Day,Day_scene_000944,000000000000000025
Day_scene_000946_000000000000000025.png,Day_scene_000946_000000000000000025.txt,Day,Day_scene_000946,000000000000000025
Day_scene_000950_000000000000000025.png,Day_scene_000950_000000000000000025.txt,Day,Day_scene_000950,000000000000000025
Day_scene_000957_000000000000000025.png,Day_scene_000957_000000000000000025.txt,Day,Day_scene_000957,000000000000000025
Day_scene_000958_000000000000000025.png,Day_scene_000958_000000000000000025.txt,Day,Day_scene_000958,000000000000000025
Day_scene_000959_000000000000000025.png,Day_scene_000959_000000000000000025.txt,Day,Day_scene_000959,000000000000000025
Day_scene_000965_000000000000000025.png,Day_scene_000965_000000000000000025.txt,Day,Day_scene_000965,000000000000000025
Day_scene_000967_000000000000000025.png,Day_scene_000967_000000000000000025.txt,Day,Day_scene_000967,000000000000000025
Day_scene_000971_000000000000000025.png,Day_scene_000971_000000000000000025.txt,Day,Day_scene_000971,000000000000000025
Day_scene_000973_000000000000000025.png,Day_scene_000973_000000000000000025.txt,Day,Day_scene_000973,000000000000000025
Day_scene_000974_000000000000000025.png,Day_scene_000974_000000000000000025.txt,Day,Day_scene_000974,000000000000000025
Day_scene_000976_000000000000000025.png,Day_scene_000976_000000000000000025.txt,Day,Day_scene_000976,000000000000000025
Day_scene_000982_000000000000000025.png,Day_scene_000982_000000000000000025.txt,Day,Day_scene_000982,000000000000000025
Day_scene_000984_000000000000000025.png,Day_scene_000984_000000000000000025.txt,Day,Day_scene_000984,000000000000000025
Day_scene_000985_000000000000000025.png,Day_scene_000985_000000000000000025.txt,Day,Day_scene_000985,000000000000000025
Day_scene_000986_000000000000000025.png,Day_scene_000986_000000000000000025.txt,Day,Day_scene_000986,000000000000000025
Day_scene_000995_000000000000000025.png,Day_scene_000995_000000000000000025.txt,Day,Day_scene_000995,000000000000000025
Day_scene_000997_000000000000000025.png,Day_scene_000997_000000000000000025.txt,Day,Day_scene_000997,000000000000000025
Day_scene_000999_000000000000000025.png,Day_scene_000999_000000000000000025.txt,Day,Day_scene_000999,000000000000000025
Day_scene_001004_000000000000000025.png,Day_scene_001004_000000000000000025.txt,Day,Day_scene_001004,000000000000000025
Day_scene_001006_000000000000000025.png,Day_scene_001006_000000000000000025.txt,Day,Day_scene_001006,000000000000000025
Day_scene_001008_000000000000000025.png,Day_scene_001008_000000000000000025.txt,Day,Day_scene_001008,000000000000000025
Day_scene_001009_000000000000000025.png,Day_scene_001009_000000000000000025.txt,Day,Day_scene_001009,000000000000000025
Day_scene_001010_000000000000000025.png,Day_scene_001010_000000000000000025.txt,Day,Day_scene_001010,000000000000000025
Day_scene_001011_000000000000000025.png,Day_scene_001011_000000000000000025.txt,Day,Day_scene_001011,000000000000000025
Day_scene_001013_000000000000000025.png,Day_scene_001013_000000000000000025.txt,Day,Day_scene_001013,000000000000000025
Day_scene_001016_000000000000000025.png,Day_scene_001016_000000000000000025.txt,Day,Day_scene_001016,000000000000000025
Day_scene_001020_000000000000000025.png,Day_scene_001020_000000000000000025.txt,Day,Day_scene_001020,000000000000000025
Day_scene_001021_000000000000000025.png,Day_scene_001021_000000000000000025.txt,Day,Day_scene_001021,000000000000000025
Day_scene_001026_000000000000000025.png,Day_scene_001026_000000000000000025.txt,Day,Day_scene_001026,000000000000000025
Day_scene_001028_000000000000000025.png,Day_scene_001028_000000000000000025.txt,Day,Day_scene_001028,000000000000000025
Day_scene_001034_000000000000000025.png,Day_scene_001034_000000000000000025.txt,Day,Day_scene_001034,000000000000000025
Day_scene_001035_000000000000000025.png,Day_scene_001035_000000000000000025.txt,Day,Day_scene_001035,000000000000000025
Day_scene_001036_000000000000000025.png,Day_scene_001036_000000000000000025.txt,Day,Day_scene_001036,000000000000000025
Day_scene_001040_000000000000000025.png,Day_scene_001040_000000000000000025.txt,Day,Day_scene_001040,000000000000000025
Day_scene_001042_000000000000000025.png,Day_scene_001042_000000000000000025.txt,Day,Day_scene_001042,000000000000000025
Day_scene_001047_000000000000000025.png,Day_scene_001047_000000000000000025.txt,Day,Day_scene_001047,000000000000000025
Day_scene_001048_000000000000000025.png,Day_scene_001048_000000000000000025.txt,Day,Day_scene_001048,000000000000000025
Day_scene_001053_000000000000000025.png,Day_scene_001053_000000000000000025.txt,Day,Day_scene_001053,000000000000000025
Day_scene_001057_000000000000000025.png,Day_scene_001057_000000000000000025.txt,Day,Day_scene_001057,000000000000000025
Day_scene_001060_000000000000000025.png,Day_scene_001060_000000000000000025.txt,Day,Day_scene_001060,000000000000000025
Day_scene_001063_000000000000000025.png,Day_scene_001063_000000000000000025.txt,Day,Day_scene_001063,000000000000000025
Day_scene_001066_000000000000000025.png,Day_scene_001066_000000000000000025.txt,Day,Day_scene_001066,000000000000000025
Day_scene_001067_000000000000000025.png,Day_scene_001067_000000000000000025.txt,Day,Day_scene_001067,000000000000000025
Day_scene_001068_000000000000000025.png,Day_scene_001068_000000000000000025.txt,Day,Day_scene_001068,000000000000000025
Day_scene_001070_000000000000000025.png,Day_scene_001070_000000000000000025.txt,Day,Day_scene_001070,000000000000000025
Day_scene_001074_000000000000000025.png,Day_scene_001074_000000000000000025.txt,Day,Day_scene_001074,000000000000000025
Day_scene_001075_000000000000000025.png,Day_scene_001075_000000000000000025.txt,Day,Day_scene_001075,000000000000000025
Day_scene_001077_000000000000000025.png,Day_scene_001077_000000000000000025.txt,Day,Day_scene_001077,000000000000000025
Day_scene_001078_000000000000000025.png,Day_scene_001078_000000000000000025.txt,Day,Day_scene_001078,000000000000000025
Day_scene_001080_000000000000000025.png,Day_scene_001080_000000000000000025.txt,Day,Day_scene_001080,000000000000000025
Day_scene_001081_000000000000000025.png,Day_scene_001081_000000000000000025.txt,Day,Day_scene_001081,000000000000000025
Day_scene_001087_000000000000000025.png,Day_scene_001087_000000000000000025.txt,Day,Day_scene_001087,000000000000000025
Day_scene_001088_000000000000000025.png,Day_scene_001088_000000000000000025.txt,Day,Day_scene_001088,000000000000000025
Day_scene_001092_000000000000000025.png,Day_scene_001092_000000000000000025.txt,Day,Day_scene_001092,000000000000000025
Day_scene_001094_000000000000000025.png,Day_scene_001094_000000000000000025.txt,Day,Day_scene_001094,000000000000000025
Day_scene_001095_000000000000000025.png,Day_scene_001095_000000000000000025.txt,Day,Day_scene_001095,000000000000000025
Day_scene_001096_000000000000000025.png,Day_scene_001096_000000000000000025.txt,Day,Day_scene_001096,000000000000000025
Day_scene_001102_000000000000000025.png,Day_scene_001102_000000000000000025.txt,Day,Day_scene_001102,000000000000000025
Day_scene_001103_000000000000000025.png,Day_scene_001103_000000000000000025.txt,Day,Day_scene_001103,000000000000000025
Day_scene_001106_000000000000000025.png,Day_scene_001106_000000000000000025.txt,Day,Day_scene_001106,000000000000000025
Day_scene_001107_000000000000000025.png,Day_scene_001107_000000000000000025.txt,Day,Day_scene_001107,000000000000000025
Day_scene_001110_000000000000000025.png,Day_scene_001110_000000000000000025.txt,Day,Day_scene_001110,000000000000000025
Day_scene_001115_000000000000000025.png,Day_scene_001115_000000000000000025.txt,Day,Day_scene_001115,000000000000000025
Day_scene_001117_000000000000000025.png,Day_scene_001117_000000000000000025.txt,Day,Day_scene_001117,000000000000000025
Day_scene_001123_000000000000000025.png,Day_scene_001123_000000000000000025.txt,Day,Day_scene_001123,000000000000000025
Day_scene_001124_000000000000000025.png,Day_scene_001124_000000000000000025.txt,Day,Day_scene_001124,000000000000000025
Day_scene_001126_000000000000000025.png,Day_scene_001126_000000000000000025.txt,Day,Day_scene_001126,000000000000000025
Day_scene_001129_000000000000000025.png,Day_scene_001129_000000000000000025.txt,Day,Day_scene_001129,000000000000000025
Day_scene_001130_000000000000000025.png,Day_scene_001130_000000000000000025.txt,Day,Day_scene_001130,000000000000000025
Day_scene_001131_000000000000000025.png,Day_scene_001131_000000000000000025.txt,Day,Day_scene_001131,000000000000000025
Day_scene_001134_000000000000000025.png,Day_scene_001134_000000000000000025.txt,Day,Day_scene_001134,000000000000000025
Day_scene_001135_000000000000000025.png,Day_scene_001135_000000000000000025.txt,Day,Day_scene_001135,000000000000000025
Day_scene_001139_000000000000000025.png,Day_scene_001139_000000000000000025.txt,Day,Day_scene_001139,000000000000000025
Day_scene_001140_000000000000000025.png,Day_scene_001140_000000000000000025.txt,Day,Day_scene_001140,000000000000000025
Day_scene_001143_000000000000000025.png,Day_scene_001143_000000000000000025.txt,Day,Day_scene_001143,000000000000000025
Day_scene_001145_000000000000000025.png,Day_scene_001145_000000000000000025.txt,Day,Day_scene_001145,000000000000000025
Day_scene_001149_000000000000000025.png,Day_scene_001149_000000000000000025.txt,Day,Day_scene_001149,000000000000000025
Day_scene_001155_000000000000000025.png,Day_scene_001155_000000000000000025.txt,Day,Day_scene_001155,000000000000000025
Day_scene_001158_000000000000000025.png,Day_scene_001158_000000000000000025.txt,Day,Day_scene_001158,000000000000000025
Day_scene_001163_000000000000000025.png,Day_scene_001163_000000000000000025.txt,Day,Day_scene_001163,000000000000000025
Day_scene_001164_000000000000000025.png,Day_scene_001164_000000000000000025.txt,Day,Day_scene_001164,000000000000000025
Day_scene_001165_000000000000000025.png,Day_scene_001165_000000000000000025.txt,Day,Day_scene_001165,000000000000000025
Day_scene_001166_000000000000000025.png,Day_scene_001166_000000000000000025.txt,Day,Day_scene_001166,000000000000000025
Day_scene_001168_000000000000000025.png,Day_scene_001168_000000000000000025.txt,Day,Day_scene_001168,000000000000000025
Day_scene_001176_000000000000000025.png,Day_scene_001176_000000000000000025.txt,Day,Day_scene_001176,000000000000000025
Day_scene_001177_000000000000000025.png,Day_scene_001177_000000000000000025.txt,Day,Day_scene_001177,000000000000000025
Day_scene_001178_000000000000000025.png,Day_scene_001178_000000000000000025.txt,Day,Day_scene_001178,000000000000000025
Day_scene_001180_000000000000000025.png,Day_scene_001180_000000000000000025.txt,Day,Day_scene_001180,000000000000000025
Day_scene_001181_000000000000000025.png,Day_scene_001181_000000000000000025.txt,Day,Day_scene_001181,000000000000000025
Day_scene_001188_000000000000000025.png,Day_scene_001188_000000000000000025.txt,Day,Day_scene_001188,000000000000000025
Day_scene_001190_000000000000000025.png,Day_scene_001190_000000000000000025.txt,Day,Day_scene_001190,000000000000000025
Day_scene_001192_000000000000000025.png,Day_scene_001192_000000000000000025.txt,Day,Day_scene_001192,000000000000000025
Day_scene_001193_000000000000000025.png,Day_scene_001193_000000000000000025.txt,Day,Day_scene_001193,000000000000000025
Day_scene_001195_000000000000000025.png,Day_scene_001195_000000000000000025.txt,Day,Day_scene_001195,000000000000000025
Day_scene_001200_000000000000000025.png,Day_scene_001200_000000000000000025.txt,Day,Day_scene_001200,000000000000000025
Day_scene_001203_000000000000000025.png,Day_scene_001203_000000000000000025.txt,Day,Day_scene_001203,000000000000000025
Day_scene_001208_000000000000000025.png,Day_scene_001208_000000000000000025.txt,Day,Day_scene_001208,000000000000000025
Day_scene_001210_000000000000000025.png,Day_scene_001210_000000000000000025.txt,Day,Day_scene_001210,000000000000000025
Day_scene_001211_000000000000000025.png,Day_scene_001211_000000000000000025.txt,Day,Day_scene_001211,000000000000000025
Day_scene_001212_000000000000000025.png,Day_scene_001212_000000000000000025.txt,Day,Day_scene_001212,000000000000000025
Day_scene_001214_000000000000000025.png,Day_scene_001214_000000000000000025.txt,Day,Day_scene_001214,000000000000000025
Day_scene_001217_000000000000000025.png,Day_scene_001217_000000000000000025.txt,Day,Day_scene_001217,000000000000000025
Day_scene_001218_000000000000000025.png,Day_scene_001218_000000000000000025.txt,Day,Day_scene_001218,000000000000000025
Day_scene_001220_000000000000000025.png,Day_scene_001220_000000000000000025.txt,Day,Day_scene_001220,000000000000000025
Day_scene_001222_000000000000000025.png,Day_scene_001222_000000000000000025.txt,Day,Day_scene_001222,000000000000000025
Day_scene_001223_000000000000000025.png,Day_scene_001223_000000000000000025.txt,Day,Day_scene_001223,000000000000000025
Day_scene_001226_000000000000000025.png,Day_scene_001226_000000000000000025.txt,Day,Day_scene_001226,000000000000000025
Day_scene_001230_000000000000000025.png,Day_scene_001230_000000000000000025.txt,Day,Day_scene_001230,000000000000000025
Day_scene_001231_000000000000000025.png,Day_scene_001231_000000000000000025.txt,Day,Day_scene_001231,000000000000000025
Day_scene_001233_000000000000000025.png,Day_scene_001233_000000000000000025.txt,Day,Day_scene_001233,000000000000000025
Day_scene_001235_000000000000000025.png,Day_scene_001235_000000000000000025.txt,Day,Day_scene_001235,000000000000000025
Day_scene_001237_000000000000000025.png,Day_scene_001237_000000000000000025.txt,Day,Day_scene_001237,000000000000000025
Day_scene_001240_000000000000000025.png,Day_scene_001240_000000000000000025.txt,Day,Day_scene_001240,000000000000000025
Day_scene_001241_000000000000000025.png,Day_scene_001241_000000000000000025.txt,Day,Day_scene_001241,000000000000000025
Day_scene_001243_000000000000000025.png,Day_scene_001243_000000000000000025.txt,Day,Day_scene_001243,000000000000000025
Day_scene_001244_000000000000000025.png,Day_scene_001244_000000000000000025.txt,Day,Day_scene_001244,000000000000000025
Day_scene_001248_000000000000000025.png,Day_scene_001248_000000000000000025.txt,Day,Day_scene_001248,000000000000000025
Day_scene_001250_000000000000000025.png,Day_scene_001250_000000000000000025.txt,Day,Day_scene_001250,000000000000000025
Day_scene_001251_000000000000000025.png,Day_scene_001251_000000000000000025.txt,Day,Day_scene_001251,000000000000000025
Day_scene_001252_000000000000000025.png,Day_scene_001252_000000000000000025.txt,Day,Day_scene_001252,000000000000000025
Day_scene_001253_000000000000000025.png,Day_scene_001253_000000000000000025.txt,Day,Day_scene_001253,000000000000000025
Day_scene_001255_000000000000000025.png,Day_scene_001255_000000000000000025.txt,Day,Day_scene_001255,000000000000000025
Day_scene_001256_000000000000000025.png,Day_scene_001256_000000000000000025.txt,Day,Day_scene_001256,000000000000000025
Day_scene_001257_000000000000000025.png,Day_scene_001257_000000000000000025.txt,Day,Day_scene_001257,000000000000000025
Day_scene_001258_000000000000000025.png,Day_scene_001258_000000000000000025.txt,Day,Day_scene_001258,000000000000000025
Day_scene_001259_000000000000000025.png,Day_scene_001259_000000000000000025.txt,Day,Day_scene_001259,000000000000000025
Day_scene_001267_000000000000000025.png,Day_scene_001267_000000000000000025.txt,Day,Day_scene_001267,000000000000000025
Day_scene_001268_000000000000000025.png,Day_scene_001268_000000000000000025.txt,Day,Day_scene_001268,000000000000000025
Day_scene_001269_000000000000000025.png,Day_scene_001269_000000000000000025.txt,Day,Day_scene_001269,000000000000000025
Day_scene_001273_000000000000000025.png,Day_scene_001273_000000000000000025.txt,Day,Day_scene_001273,000000000000000025
Day_scene_001275_000000000000000025.png,Day_scene_001275_000000000000000025.txt,Day,Day_scene_001275,000000000000000025
Day_scene_001276_000000000000000025.png,Day_scene_001276_000000000000000025.txt,Day,Day_scene_001276,000000000000000025
Day_scene_001279_000000000000000025.png,Day_scene_001279_000000000000000025.txt,Day,Day_scene_001279,000000000000000025
Day_scene_001282_000000000000000025.png,Day_scene_001282_000000000000000025.txt,Day,Day_scene_001282,000000000000000025
Day_scene_001284_000000000000000025.png,Day_scene_001284_000000000000000025.txt,Day,Day_scene_001284,000000000000000025
Day_scene_001287_000000000000000025.png,Day_scene_001287_000000000000000025.txt,Day,Day_scene_001287,000000000000000025
Day_scene_001294_000000000000000025.png,Day_scene_001294_000000000000000025.txt,Day,Day_scene_001294,000000000000000025
Day_scene_001301_000000000000000025.png,Day_scene_001301_000000000000000025.txt,Day,Day_scene_001301,000000000000000025
Day_scene_001303_000000000000000025.png,Day_scene_001303_000000000000000025.txt,Day,Day_scene_001303,000000000000000025
Day_scene_001306_000000000000000025.png,Day_scene_001306_000000000000000025.txt,Day,Day_scene_001306,000000000000000025
Day_scene_001307_000000000000000025.png,Day_scene_001307_000000000000000025.txt,Day,Day_scene_001307,000000000000000025
Day_scene_001308_000000000000000025.png,Day_scene_001308_000000000000000025.txt,Day,Day_scene_001308,000000000000000025
Day_scene_001309_000000000000000025.png,Day_scene_001309_000000000000000025.txt,Day,Day_scene_001309,000000000000000025
Day_scene_001310_000000000000000025.png,Day_scene_001310_000000000000000025.txt,Day,Day_scene_001310,000000000000000025
Day_scene_001312_000000000000000025.png,Day_scene_001312_000000000000000025.txt,Day,Day_scene_001312,000000000000000025
Day_scene_001313_000000000000000025.png,Day_scene_001313_000000000000000025.txt,Day,Day_scene_001313,000000000000000025
Day_scene_001317_000000000000000025.png,Day_scene_001317_000000000000000025.txt,Day,Day_scene_001317,000000000000000025
Day_scene_001318_000000000000000025.png,Day_scene_001318_000000000000000025.txt,Day,Day_scene_001318,000000000000000025
Day_scene_001321_000000000000000025.png,Day_scene_001321_000000000000000025.txt,Day,Day_scene_001321,000000000000000025
Day_scene_001322_000000000000000025.png,Day_scene_001322_000000000000000025.txt,Day,Day_scene_001322,000000000000000025
Day_scene_001323_000000000000000025.png,Day_scene_001323_000000000000000025.txt,Day,Day_scene_001323,000000000000000025
Day_scene_001325_000000000000000025.png,Day_scene_001325_000000000000000025.txt,Day,Day_scene_001325,000000000000000025
Day_scene_001326_000000000000000025.png,Day_scene_001326_000000000000000025.txt,Day,Day_scene_001326,000000000000000025
Day_scene_001327_000000000000000025.png,Day_scene_001327_000000000000000025.txt,Day,Day_scene_001327,000000000000000025
Day_scene_001329_000000000000000025.png,Day_scene_001329_000000000000000025.txt,Day,Day_scene_001329,000000000000000025
Day_scene_001332_000000000000000025.png,Day_scene_001332_000000000000000025.txt,Day,Day_scene_001332,000000000000000025
Day_scene_001333_000000000000000025.png,Day_scene_001333_000000000000000025.txt,Day,Day_scene_001333,000000000000000025
Day_scene_001334_000000000000000025.png,Day_scene_001334_000000000000000025.txt,Day,Day_scene_001334,000000000000000025
Day_scene_001335_000000000000000025.png,Day_scene_001335_000000000000000025.txt,Day,Day_scene_001335,000000000000000025
Day_scene_001340_000000000000000025.png,Day_scene_001340_000000000000000025.txt,Day,Day_scene_001340,000000000000000025
Day_scene_001342_000000000000000025.png,Day_scene_001342_000000000000000025.txt,Day,Day_scene_001342,000000000000000025
Day_scene_001344_000000000000000025.png,Day_scene_001344_000000000000000025.txt,Day,Day_scene_001344,000000000000000025
Day_scene_001346_000000000000000025.png,Day_scene_001346_000000000000000025.txt,Day,Day_scene_001346,000000000000000025
Day_scene_001347_000000000000000025.png,Day_scene_001347_000000000000000025.txt,Day,Day_scene_001347,000000000000000025
Day_scene_001348_000000000000000025.png,Day_scene_001348_000000000000000025.txt,Day,Day_scene_001348,000000000000000025
Day_scene_001350_000000000000000025.png,Day_scene_001350_000000000000000025.txt,Day,Day_scene_001350,000000000000000025
Day_scene_001351_000000000000000025.png,Day_scene_001351_000000000000000025.txt,Day,Day_scene_001351,000000000000000025
Day_scene_001354_000000000000000025.png,Day_scene_001354_000000000000000025.txt,Day,Day_scene_001354,000000000000000025
Day_scene_001355_000000000000000025.png,Day_scene_001355_000000000000000025.txt,Day,Day_scene_001355,000000000000000025
Day_scene_001357_000000000000000025.png,Day_scene_001357_000000000000000025.txt,Day,Day_scene_001357,000000000000000025
Day_scene_001358_000000000000000025.png,Day_scene_001358_000000000000000025.txt,Day,Day_scene_001358,000000000000000025
Day_scene_001360_000000000000000025.png,Day_scene_001360_000000000000000025.txt,Day,Day_scene_001360,000000000000000025
Day_scene_001361_000000000000000025.png,Day_scene_001361_000000000000000025.txt,Day,Day_scene_001361,000000000000000025
Day_scene_001362_000000000000000025.png,Day_scene_001362_000000000000000025.txt,Day,Day_scene_001362,000000000000000025
Day_scene_001365_000000000000000025.png,Day_scene_001365_000000000000000025.txt,Day,Day_scene_001365,000000000000000025
Day_scene_001370_000000000000000025.png,Day_scene_001370_000000000000000025.txt,Day,Day_scene_001370,000000000000000025
Day_scene_001372_000000000000000025.png,Day_scene_001372_000000000000000025.txt,Day,Day_scene_001372,000000000000000025
Day_scene_001374_000000000000000025.png,Day_scene_001374_000000000000000025.txt,Day,Day_scene_001374,000000000000000025
Day_scene_001378_000000000000000025.png,Day_scene_001378_000000000000000025.txt,Day,Day_scene_001378,000000000000000025
Day_scene_001381_000000000000000025.png,Day_scene_001381_000000000000000025.txt,Day,Day_scene_001381,000000000000000025
Day_scene_001382_000000000000000025.png,Day_scene_001382_000000000000000025.txt,Day,Day_scene_001382,000000000000000025
Day_scene_001383_000000000000000025.png,Day_scene_001383_000000000000000025.txt,Day,Day_scene_001383,000000000000000025
Day_scene_001385_000000000000000025.png,Day_scene_001385_000000000000000025.txt,Day,Day_scene_001385,000000000000000025
Day_scene_001386_000000000000000025.png,Day_scene_001386_000000000000000025.txt,Day,Day_scene_001386,000000000000000025
Day_scene_001389_000000000000000025.png,Day_scene_001389_000000000000000025.txt,Day,Day_scene_001389,000000000000000025
Day_scene_001401_000000000000000025.png,Day_scene_001401_000000000000000025.txt,Day,Day_scene_001401,000000000000000025
Day_scene_001405_000000000000000025.png,Day_scene_001405_000000000000000025.txt,Day,Day_scene_001405,000000000000000025
Day_scene_001406_000000000000000025.png,Day_scene_001406_000000000000000025.txt,Day,Day_scene_001406,000000000000000025
Day_scene_001407_000000000000000025.png,Day_scene_001407_000000000000000025.txt,Day,Day_scene_001407,000000000000000025
Day_scene_001408_000000000000000025.png,Day_scene_001408_000000000000000025.txt,Day,Day_scene_001408,000000000000000025
Day_scene_001409_000000000000000025.png,Day_scene_001409_000000000000000025.txt,Day,Day_scene_001409,000000000000000025
Day_scene_001410_000000000000000025.png,Day_scene_001410_000000000000000025.txt,Day,Day_scene_001410,000000000000000025
Day_scene_001411_000000000000000025.png,Day_scene_001411_000000000000000025.txt,Day,Day_scene_001411,000000000000000025
Day_scene_001417_000000000000000025.png,Day_scene_001417_000000000000000025.txt,Day,Day_scene_001417,000000000000000025
Day_scene_001418_000000000000000025.png,Day_scene_001418_000000000000000025.txt,Day,Day_scene_001418,000000000000000025
Day_scene_001420_000000000000000025.png,Day_scene_001420_000000000000000025.txt,Day,Day_scene_001420,000000000000000025
Day_scene_001430_000000000000000025.png,Day_scene_001430_000000000000000025.txt,Day,Day_scene_001430,000000000000000025
Day_scene_001431_000000000000000025.png,Day_scene_001431_000000000000000025.txt,Day,Day_scene_001431,000000000000000025
Day_scene_001434_000000000000000025.png,Day_scene_001434_000000000000000025.txt,Day,Day_scene_001434,000000000000000025
Day_scene_001435_000000000000000025.png,Day_scene_001435_000000000000000025.txt,Day,Day_scene_001435,000000000000000025
Day_scene_001437_000000000000000025.png,Day_scene_001437_000000000000000025.txt,Day,Day_scene_001437,000000000000000025
Day_scene_001444_000000000000000025.png,Day_scene_001444_000000000000000025.txt,Day,Day_scene_001444,000000000000000025
Day_scene_001447_000000000000000025.png,Day_scene_001447_000000000000000025.txt,Day,Day_scene_001447,000000000000000025
Day_scene_001451_000000000000000025.png,Day_scene_001451_000000000000000025.txt,Day,Day_scene_001451,000000000000000025
Day_scene_001452_000000000000000025.png,Day_scene_001452_000000000000000025.txt,Day,Day_scene_001452,000000000000000025
Day_scene_001454_000000000000000025.png,Day_scene_001454_000000000000000025.txt,Day,Day_scene_001454,000000000000000025
Day_scene_001456_000000000000000025.png,Day_scene_001456_000000000000000025.txt,Day,Day_scene_001456,000000000000000025
Day_scene_001457_000000000000000025.png,Day_scene_001457_000000000000000025.txt,Day,Day_scene_001457,000000000000000025
Day_scene_001462_000000000000000025.png,Day_scene_001462_000000000000000025.txt,Day,Day_scene_001462,000000000000000025
Day_scene_001465_000000000000000025.png,Day_scene_001465_000000000000000025.txt,Day,Day_scene_001465,000000000000000025
Day_scene_001466_000000000000000025.png,Day_scene_001466_000000000000000025.txt,Day,Day_scene_001466,000000000000000025
Day_scene_001467_000000000000000025.png,Day_scene_001467_000000000000000025.txt,Day,Day_scene_001467,000000000000000025
Day_scene_001473_000000000000000025.png,Day_scene_001473_000000000000000025.txt,Day,Day_scene_001473,000000000000000025
Day_scene_001476_000000000000000025.png,Day_scene_001476_000000000000000025.txt,Day,Day_scene_001476,000000000000000025
Day_scene_001479_000000000000000025.png,Day_scene_001479_000000000000000025.txt,Day,Day_scene_001479,000000000000000025
Day_scene_001483_000000000000000025.png,Day_scene_001483_000000000000000025.txt,Day,Day_scene_001483,000000000000000025
Day_scene_001485_000000000000000025.png,Day_scene_001485_000000000000000025.txt,Day,Day_scene_001485,000000000000000025
Day_scene_001488_000000000000000025.png,Day_scene_001488_000000000000000025.txt,Day,Day_scene_001488,000000000000000025
Day_scene_001489_000000000000000025.png,Day_scene_001489_000000000000000025.txt,Day,Day_scene_001489,000000000000000025
Day_scene_001492_000000000000000025.png,Day_scene_001492_000000000000000025.txt,Day,Day_scene_001492,000000000000000025
Day_scene_001493_000000000000000025.png,Day_scene_001493_000000000000000025.txt,Day,Day_scene_001493,000000000000000025
Day_scene_001497_000000000000000025.png,Day_scene_001497_000000000000000025.txt,Day,Day_scene_001497,000000000000000025
Day_scene_001501_000000000000000025.png,Day_scene_001501_000000000000000025.txt,Day,Day_scene_001501,000000000000000025
Day_scene_001504_000000000000000025.png,Day_scene_001504_000000000000000025.txt,Day,Day_scene_001504,000000000000000025
Day_scene_001506_000000000000000025.png,Day_scene_001506_000000000000000025.txt,Day,Day_scene_001506,000000000000000025
Day_scene_001507_000000000000000025.png,Day_scene_001507_000000000000000025.txt,Day,Day_scene_001507,000000000000000025
Day_scene_001510_000000000000000025.png,Day_scene_001510_000000000000000025.txt,Day,Day_scene_001510,000000000000000025
Day_scene_001514_000000000000000025.png,Day_scene_001514_000000000000000025.txt,Day,Day_scene_001514,000000000000000025
Day_scene_001515_000000000000000025.png,Day_scene_001515_000000000000000025.txt,Day,Day_scene_001515,000000000000000025
Day_scene_001520_000000000000000025.png,Day_scene_001520_000000000000000025.txt,Day,Day_scene_001520,000000000000000025
Day_scene_001521_000000000000000025.png,Day_scene_001521_000000000000000025.txt,Day,Day_scene_001521,000000000000000025
Day_scene_001523_000000000000000025.png,Day_scene_001523_000000000000000025.txt,Day,Day_scene_001523,000000000000000025
Day_scene_001527_000000000000000025.png,Day_scene_001527_000000000000000025.txt,Day,Day_scene_001527,000000000000000025
Day_scene_001531_000000000000000025.png,Day_scene_001531_000000000000000025.txt,Day,Day_scene_001531,000000000000000025
Day_scene_001533_000000000000000025.png,Day_scene_001533_000000000000000025.txt,Day,Day_scene_001533,000000000000000025
Day_scene_001536_000000000000000025.png,Day_scene_001536_000000000000000025.txt,Day,Day_scene_001536,000000000000000025
Day_scene_001538_000000000000000025.png,Day_scene_001538_000000000000000025.txt,Day,Day_scene_001538,000000000000000025
Day_scene_001539_000000000000000025.png,Day_scene_001539_000000000000000025.txt,Day,Day_scene_001539,000000000000000025
Day_scene_001540_000000000000000025.png,Day_scene_001540_000000000000000025.txt,Day,Day_scene_001540,000000000000000025
Day_scene_001541_000000000000000025.png,Day_scene_001541_000000000000000025.txt,Day,Day_scene_001541,000000000000000025
Day_scene_001542_000000000000000025.png,Day_scene_001542_000000000000000025.txt,Day,Day_scene_001542,000000000000000025
Day_scene_001546_000000000000000025.png,Day_scene_001546_000000000000000025.txt,Day,Day_scene_001546,000000000000000025
Day_scene_001549_000000000000000025.png,Day_scene_001549_000000000000000025.txt,Day,Day_scene_001549,000000000000000025
Day_scene_001556_000000000000000025.png,Day_scene_001556_000000000000000025.txt,Day,Day_scene_001556,000000000000000025
Day_scene_001558_000000000000000025.png,Day_scene_001558_000000000000000025.txt,Day,Day_scene_001558,000000000000000025
Day_scene_001559_000000000000000025.png,Day_scene_001559_000000000000000025.txt,Day,Day_scene_001559,000000000000000025
Day_scene_001562_000000000000000025.png,Day_scene_001562_000000000000000025.txt,Day,Day_scene_001562,000000000000000025
Day_scene_001565_000000000000000025.png,Day_scene_001565_000000000000000025.txt,Day,Day_scene_001565,000000000000000025
Day_scene_001569_000000000000000025.png,Day_scene_001569_000000000000000025.txt,Day,Day_scene_001569,000000000000000025
Day_scene_001570_000000000000000025.png,Day_scene_001570_000000000000000025.txt,Day,Day_scene_001570,000000000000000025
Day_scene_001573_000000000000000025.png,Day_scene_001573_000000000000000025.txt,Day,Day_scene_001573,000000000000000025
Day_scene_001574_000000000000000025.png,Day_scene_001574_000000000000000025.txt,Day,Day_scene_001574,000000000000000025
Day_scene_001577_000000000000000025.png,Day_scene_001577_000000000000000025.txt,Day,Day_scene_001577,000000000000000025
Day_scene_001579_000000000000000025.png,Day_scene_001579_000000000000000025.txt,Day,Day_scene_001579,000000000000000025
Day_scene_001580_000000000000000025.png,Day_scene_001580_000000000000000025.txt,Day,Day_scene_001580,000000000000000025
Day_scene_001581_000000000000000025.png,Day_scene_001581_000000000000000025.txt,Day,Day_scene_001581,000000000000000025
Day_scene_001582_000000000000000025.png,Day_scene_001582_000000000000000025.txt,Day,Day_scene_001582,000000000000000025
Day_scene_001585_000000000000000025.png,Day_scene_001585_000000000000000025.txt,Day,Day_scene_001585,000000000000000025
Day_scene_001589_000000000000000025.png,Day_scene_001589_000000000000000025.txt,Day,Day_scene_001589,000000000000000025
Day_scene_001593_000000000000000025.png,Day_scene_001593_000000000000000025.txt,Day,Day_scene_001593,000000000000000025
Day_scene_001594_000000000000000025.png,Day_scene_001594_000000000000000025.txt,Day,Day_scene_001594,000000000000000025
Day_scene_001596_000000000000000025.png,Day_scene_001596_000000000000000025.txt,Day,Day_scene_001596,000000000000000025
Day_scene_001597_000000000000000025.png,Day_scene_001597_000000000000000025.txt,Day,Day_scene_001597,000000000000000025
Day_scene_001598_000000000000000025.png,Day_scene_001598_000000000000000025.txt,Day,Day_scene_001598,000000000000000025
Day_scene_001601_000000000000000025.png,Day_scene_001601_000000000000000025.txt,Day,Day_scene_001601,000000000000000025
Day_scene_001602_000000000000000025.png,Day_scene_001602_000000000000000025.txt,Day,Day_scene_001602,000000000000000025
Day_scene_001606_000000000000000025.png,Day_scene_001606_000000000000000025.txt,Day,Day_scene_001606,000000000000000025
Day_scene_001607_000000000000000025.png,Day_scene_001607_000000000000000025.txt,Day,Day_scene_001607,000000000000000025
Day_scene_001612_000000000000000025.png,Day_scene_001612_000000000000000025.txt,Day,Day_scene_001612,000000000000000025
Day_scene_001615_000000000000000025.png,Day_scene_001615_000000000000000025.txt,Day,Day_scene_001615,000000000000000025
Day_scene_001617_000000000000000025.png,Day_scene_001617_000000000000000025.txt,Day,Day_scene_001617,000000000000000025
Day_scene_001621_000000000000000025.png,Day_scene_001621_000000000000000025.txt,Day,Day_scene_001621,000000000000000025
Day_scene_001624_000000000000000025.png,Day_scene_001624_000000000000000025.txt,Day,Day_scene_001624,000000000000000025
Day_scene_001626_000000000000000025.png,Day_scene_001626_000000000000000025.txt,Day,Day_scene_001626,000000000000000025
Day_scene_001628_000000000000000025.png,Day_scene_001628_000000000000000025.txt,Day,Day_scene_001628,000000000000000025
Day_scene_001630_000000000000000025.png,Day_scene_001630_000000000000000025.txt,Day,Day_scene_001630,000000000000000025
Day_scene_001634_000000000000000025.png,Day_scene_001634_000000000000000025.txt,Day,Day_scene_001634,000000000000000025
Day_scene_001635_000000000000000025.png,Day_scene_001635_000000000000000025.txt,Day,Day_scene_001635,000000000000000025
Day_scene_001638_000000000000000025.png,Day_scene_001638_000000000000000025.txt,Day,Day_scene_001638,000000000000000025
Day_scene_001639_000000000000000025.png,Day_scene_001639_000000000000000025.txt,Day,Day_scene_001639,000000000000000025
Day_scene_001640_000000000000000025.png,Day_scene_001640_000000000000000025.txt,Day,Day_scene_001640,000000000000000025
Day_scene_001642_000000000000000025.png,Day_scene_001642_000000000000000025.txt,Day,Day_scene_001642,000000000000000025
Day_scene_001643_000000000000000025.png,Day_scene_001643_000000000000000025.txt,Day,Day_scene_001643,000000000000000025
Day_scene_001644_000000000000000025.png,Day_scene_001644_000000000000000025.txt,Day,Day_scene_001644,000000000000000025
Day_scene_001645_000000000000000025.png,Day_scene_001645_000000000000000025.txt,Day,Day_scene_001645,000000000000000025
Day_scene_001649_000000000000000025.png,Day_scene_001649_000000000000000025.txt,Day,Day_scene_001649,000000000000000025
Day_scene_001650_000000000000000025.png,Day_scene_001650_000000000000000025.txt,Day,Day_scene_001650,000000000000000025
Day_scene_001652_000000000000000025.png,Day_scene_001652_000000000000000025.txt,Day,Day_scene_001652,000000000000000025
Day_scene_001653_000000000000000025.png,Day_scene_001653_000000000000000025.txt,Day,Day_scene_001653,000000000000000025
Day_scene_001654_000000000000000025.png,Day_scene_001654_000000000000000025.txt,Day,Day_scene_001654,000000000000000025
Day_scene_001663_000000000000000025.png,Day_scene_001663_000000000000000025.txt,Day,Day_scene_001663,000000000000000025
Day_scene_001666_000000000000000025.png,Day_scene_001666_000000000000000025.txt,Day,Day_scene_001666,000000000000000025
Day_scene_001667_000000000000000025.png,Day_scene_001667_000000000000000025.txt,Day,Day_scene_001667,000000000000000025
Day_scene_001668_000000000000000025.png,Day_scene_001668_000000000000000025.txt,Day,Day_scene_001668,000000000000000025
Day_scene_001671_000000000000000025.png,Day_scene_001671_000000000000000025.txt,Day,Day_scene_001671,000000000000000025
Day_scene_001674_000000000000000025.png,Day_scene_001674_000000000000000025.txt,Day,Day_scene_001674,000000000000000025
Day_scene_001675_000000000000000025.png,Day_scene_001675_000000000000000025.txt,Day,Day_scene_001675,000000000000000025
Day_scene_001677_000000000000000025.png,Day_scene_001677_000000000000000025.txt,Day,Day_scene_001677,000000000000000025
Day_scene_001678_000000000000000025.png,Day_scene_001678_000000000000000025.txt,Day,Day_scene_001678,000000000000000025
Day_scene_001681_000000000000000025.png,Day_scene_001681_000000000000000025.txt,Day,Day_scene_001681,000000000000000025
Day_scene_001684_000000000000000025.png,Day_scene_001684_000000000000000025.txt,Day,Day_scene_001684,000000000000000025
Day_scene_001687_000000000000000025.png,Day_scene_001687_000000000000000025.txt,Day,Day_scene_001687,000000000000000025
Day_scene_001688_000000000000000025.png,Day_scene_001688_000000000000000025.txt,Day,Day_scene_001688,000000000000000025
Day_scene_001690_000000000000000025.png,Day_scene_001690_000000000000000025.txt,Day,Day_scene_001690,000000000000000025
Day_scene_001694_000000000000000025.png,Day_scene_001694_000000000000000025.txt,Day,Day_scene_001694,000000000000000025
Day_scene_001698_000000000000000025.png,Day_scene_001698_000000000000000025.txt,Day,Day_scene_001698,000000000000000025
Day_scene_001699_000000000000000025.png,Day_scene_001699_000000000000000025.txt,Day,Day_scene_001699,000000000000000025
Day_scene_001701_000000000000000025.png,Day_scene_001701_000000000000000025.txt,Day,Day_scene_001701,000000000000000025
Day_scene_001703_000000000000000025.png,Day_scene_001703_000000000000000025.txt,Day,Day_scene_001703,000000000000000025
Day_scene_001706_000000000000000025.png,Day_scene_001706_000000000000000025.txt,Day,Day_scene_001706,000000000000000025
Day_scene_001707_000000000000000025.png,Day_scene_001707_000000000000000025.txt,Day,Day_scene_001707,000000000000000025
Day_scene_001711_000000000000000025.png,Day_scene_001711_000000000000000025.txt,Day,Day_scene_001711,000000000000000025
Day_scene_001712_000000000000000025.png,Day_scene_001712_000000000000000025.txt,Day,Day_scene_001712,000000000000000025
Day_scene_001713_000000000000000025.png,Day_scene_001713_000000000000000025.txt,Day,Day_scene_001713,000000000000000025
Day_scene_001716_000000000000000025.png,Day_scene_001716_000000000000000025.txt,Day,Day_scene_001716,000000000000000025
Day_scene_001718_000000000000000025.png,Day_scene_001718_000000000000000025.txt,Day,Day_scene_001718,000000000000000025
Day_scene_001720_000000000000000025.png,Day_scene_001720_000000000000000025.txt,Day,Day_scene_001720,000000000000000025
Day_scene_001721_000000000000000025.png,Day_scene_001721_000000000000000025.txt,Day,Day_scene_001721,000000000000000025
Day_scene_001723_000000000000000025.png,Day_scene_001723_000000000000000025.txt,Day,Day_scene_001723,000000000000000025
Day_scene_001724_000000000000000025.png,Day_scene_001724_000000000000000025.txt,Day,Day_scene_001724,000000000000000025
Day_scene_001726_000000000000000025.png,Day_scene_001726_000000000000000025.txt,Day,Day_scene_001726,000000000000000025
Day_scene_001736_000000000000000025.png,Day_scene_001736_000000000000000025.txt,Day,Day_scene_001736,000000000000000025
Day_scene_001737_000000000000000025.png,Day_scene_001737_000000000000000025.txt,Day,Day_scene_001737,000000000000000025
Day_scene_001738_000000000000000025.png,Day_scene_001738_000000000000000025.txt,Day,Day_scene_001738,000000000000000025
Day_scene_001740_000000000000000025.png,Day_scene_001740_000000000000000025.txt,Day,Day_scene_001740,000000000000000025
Day_scene_001742_000000000000000025.png,Day_scene_001742_000000000000000025.txt,Day,Day_scene_001742,000000000000000025
Day_scene_001744_000000000000000025.png,Day_scene_001744_000000000000000025.txt,Day,Day_scene_001744,000000000000000025
Day_scene_001746_000000000000000025.png,Day_scene_001746_000000000000000025.txt,Day,Day_scene_001746,000000000000000025
Day_scene_001749_000000000000000025.png,Day_scene_001749_000000000000000025.txt,Day,Day_scene_001749,000000000000000025
Day_scene_001755_000000000000000025.png,Day_scene_001755_000000000000000025.txt,Day,Day_scene_001755,000000000000000025
Day_scene_001756_000000000000000025.png,Day_scene_001756_000000000000000025.txt,Day,Day_scene_001756,000000000000000025
Day_scene_001759_000000000000000025.png,Day_scene_001759_000000000000000025.txt,Day,Day_scene_001759,000000000000000025
Day_scene_001760_000000000000000025.png,Day_scene_001760_000000000000000025.txt,Day,Day_scene_001760,000000000000000025
Day_scene_001763_000000000000000025.png,Day_scene_001763_000000000000000025.txt,Day,Day_scene_001763,000000000000000025
Day_scene_001764_000000000000000025.png,Day_scene_001764_000000000000000025.txt,Day,Day_scene_001764,000000000000000025
Day_scene_001765_000000000000000025.png,Day_scene_001765_000000000000000025.txt,Day,Day_scene_001765,000000000000000025
Day_scene_001767_000000000000000025.png,Day_scene_001767_000000000000000025.txt,Day,Day_scene_001767,000000000000000025
Day_scene_001771_000000000000000025.png,Day_scene_001771_000000000000000025.txt,Day,Day_scene_001771,000000000000000025
Day_scene_001772_000000000000000025.png,Day_scene_001772_000000000000000025.txt,Day,Day_scene_001772,000000000000000025
Day_scene_001776_000000000000000025.png,Day_scene_001776_000000000000000025.txt,Day,Day_scene_001776,000000000000000025
Day_scene_001780_000000000000000025.png,Day_scene_001780_000000000000000025.txt,Day,Day_scene_001780,000000000000000025
Day_scene_001781_000000000000000025.png,Day_scene_001781_000000000000000025.txt,Day,Day_scene_001781,000000000000000025
Day_scene_001782_000000000000000025.png,Day_scene_001782_000000000000000025.txt,Day,Day_scene_001782,000000000000000025
Day_scene_001783_000000000000000025.png,Day_scene_001783_000000000000000025.txt,Day,Day_scene_001783,000000000000000025
Day_scene_001786_000000000000000025.png,Day_scene_001786_000000000000000025.txt,Day,Day_scene_001786,000000000000000025
Day_scene_001789_000000000000000025.png,Day_scene_001789_000000000000000025.txt,Day,Day_scene_001789,000000000000000025
Day_scene_001790_000000000000000025.png,Day_scene_001790_000000000000000025.txt,Day,Day_scene_001790,000000000000000025
Day_scene_001791_000000000000000025.png,Day_scene_001791_000000000000000025.txt,Day,Day_scene_001791,000000000000000025
Day_scene_001792_000000000000000025.png,Day_scene_001792_000000000000000025.txt,Day,Day_scene_001792,000000000000000025
Day_scene_001793_000000000000000025.png,Day_scene_001793_000000000000000025.txt,Day,Day_scene_001793,000000000000000025
Day_scene_001796_000000000000000025.png,Day_scene_001796_000000000000000025.txt,Day,Day_scene_001796,000000000000000025
Day_scene_001797_000000000000000025.png,Day_scene_001797_000000000000000025.txt,Day,Day_scene_001797,000000000000000025
Day_scene_001798_000000000000000025.png,Day_scene_001798_000000000000000025.txt,Day,Day_scene_001798,000000000000000025
Day_scene_001800_000000000000000025.png,Day_scene_001800_000000000000000025.txt,Day,Day_scene_001800,000000000000000025
Day_scene_001802_000000000000000025.png,Day_scene_001802_000000000000000025.txt,Day,Day_scene_001802,000000000000000025
Day_scene_001807_000000000000000025.png,Day_scene_001807_000000000000000025.txt,Day,Day_scene_001807,000000000000000025
Day_scene_001811_000000000000000025.png,Day_scene_001811_000000000000000025.txt,Day,Day_scene_001811,000000000000000025
Day_scene_001812_000000000000000025.png,Day_scene_001812_000000000000000025.txt,Day,Day_scene_001812,000000000000000025
Day_scene_001815_000000000000000025.png,Day_scene_001815_000000000000000025.txt,Day,Day_scene_001815,000000000000000025
Day_scene_001817_000000000000000025.png,Day_scene_001817_000000000000000025.txt,Day,Day_scene_001817,000000000000000025
Day_scene_001818_000000000000000025.png,Day_scene_001818_000000000000000025.txt,Day,Day_scene_001818,000000000000000025
Day_scene_001819_000000000000000025.png,Day_scene_001819_000000000000000025.txt,Day,Day_scene_001819,000000000000000025
Day_scene_001827_000000000000000025.png,Day_scene_001827_000000000000000025.txt,Day,Day_scene_001827,000000000000000025
Day_scene_001829_000000000000000025.png,Day_scene_001829_000000000000000025.txt,Day,Day_scene_001829,000000000000000025
Day_scene_001833_000000000000000025.png,Day_scene_001833_000000000000000025.txt,Day,Day_scene_001833,000000000000000025
Day_scene_001835_000000000000000025.png,Day_scene_001835_000000000000000025.txt,Day,Day_scene_001835,000000000000000025
Day_scene_001841_000000000000000025.png,Day_scene_001841_000000000000000025.txt,Day,Day_scene_001841,000000000000000025
Day_scene_001845_000000000000000025.png,Day_scene_001845_000000000000000025.txt,Day,Day_scene_001845,000000000000000025
Day_scene_001849_000000000000000025.png,Day_scene_001849_000000000000000025.txt,Day,Day_scene_001849,000000000000000025
Day_scene_001852_000000000000000025.png,Day_scene_001852_000000000000000025.txt,Day,Day_scene_001852,000000000000000025
Day_scene_001853_000000000000000025.png,Day_scene_001853_000000000000000025.txt,Day,Day_scene_001853,000000000000000025
Day_scene_001854_000000000000000025.png,Day_scene_001854_000000000000000025.txt,Day,Day_scene_001854,000000000000000025
Day_scene_001858_000000000000000025.png,Day_scene_001858_000000000000000025.txt,Day,Day_scene_001858,000000000000000025
Day_scene_001860_000000000000000025.png,Day_scene_001860_000000000000000025.txt,Day,Day_scene_001860,000000000000000025
Day_scene_001863_000000000000000025.png,Day_scene_001863_000000000000000025.txt,Day,Day_scene_001863,000000000000000025
Day_scene_001864_000000000000000025.png,Day_scene_001864_000000000000000025.txt,Day,Day_scene_001864,000000000000000025
Day_scene_001865_000000000000000025.png,Day_scene_001865_000000000000000025.txt,Day,Day_scene_001865,000000000000000025
Day_scene_001867_000000000000000025.png,Day_scene_001867_000000000000000025.txt,Day,Day_scene_001867,000000000000000025
Day_scene_001874_000000000000000025.png,Day_scene_001874_000000000000000025.txt,Day,Day_scene_001874,000000000000000025
Day_scene_001875_000000000000000025.png,Day_scene_001875_000000000000000025.txt,Day,Day_scene_001875,000000000000000025
Day_scene_001879_000000000000000025.png,Day_scene_001879_000000000000000025.txt,Day,Day_scene_001879,000000000000000025
Day_scene_001880_000000000000000025.png,Day_scene_001880_000000000000000025.txt,Day,Day_scene_001880,000000000000000025
Day_scene_001886_000000000000000025.png,Day_scene_001886_000000000000000025.txt,Day,Day_scene_001886,000000000000000025
Day_scene_001889_000000000000000025.png,Day_scene_001889_000000000000000025.txt,Day,Day_scene_001889,000000000000000025
Day_scene_001892_000000000000000025.png,Day_scene_001892_000000000000000025.txt,Day,Day_scene_001892,000000000000000025
Day_scene_001897_000000000000000025.png,Day_scene_001897_000000000000000025.txt,Day,Day_scene_001897,000000000000000025
Day_scene_001900_000000000000000025.png,Day_scene_001900_000000000000000025.txt,Day,Day_scene_001900,000000000000000025
Day_scene_001902_000000000000000025.png,Day_scene_001902_000000000000000025.txt,Day,Day_scene_001902,000000000000000025
Day_scene_001904_000000000000000025.png,Day_scene_001904_000000000000000025.txt,Day,Day_scene_001904,000000000000000025
Day_scene_001906_000000000000000025.png,Day_scene_001906_000000000000000025.txt,Day,Day_scene_001906,000000000000000025
Day_scene_001908_000000000000000025.png,Day_scene_001908_000000000000000025.txt,Day,Day_scene_001908,000000000000000025
Day_scene_001911_000000000000000025.png,Day_scene_001911_000000000000000025.txt,Day,Day_scene_001911,000000000000000025
Day_scene_001920_000000000000000025.png,Day_scene_001920_000000000000000025.txt,Day,Day_scene_001920,000000000000000025
Day_scene_001922_000000000000000025.png,Day_scene_001922_000000000000000025.txt,Day,Day_scene_001922,000000000000000025
Day_scene_001924_000000000000000025.png,Day_scene_001924_000000000000000025.txt,Day,Day_scene_001924,000000000000000025
Day_scene_001927_000000000000000025.png,Day_scene_001927_000000000000000025.txt,Day,Day_scene_001927,000000000000000025
Day_scene_001931_000000000000000025.png,Day_scene_001931_000000000000000025.txt,Day,Day_scene_001931,000000000000000025
Day_scene_001936_000000000000000025.png,Day_scene_001936_000000000000000025.txt,Day,Day_scene_001936,000000000000000025
Day_scene_001942_000000000000000025.png,Day_scene_001942_000000000000000025.txt,Day,Day_scene_001942,000000000000000025
Day_scene_001944_000000000000000025.png,Day_scene_001944_000000000000000025.txt,Day,Day_scene_001944,000000000000000025
Day_scene_001945_000000000000000025.png,Day_scene_001945_000000000000000025.txt,Day,Day_scene_001945,000000000000000025
Day_scene_001946_000000000000000025.png,Day_scene_001946_000000000000000025.txt,Day,Day_scene_001946,000000000000000025
Day_scene_001947_000000000000000025.png,Day_scene_001947_000000000000000025.txt,Day,Day_scene_001947,000000000000000025
Day_scene_001949_000000000000000025.png,Day_scene_001949_000000000000000025.txt,Day,Day_scene_001949,000000000000000025
Day_scene_001952_000000000000000025.png,Day_scene_001952_000000000000000025.txt,Day,Day_scene_001952,000000000000000025
Day_scene_001953_000000000000000025.png,Day_scene_001953_000000000000000025.txt,Day,Day_scene_001953,000000000000000025
Day_scene_001955_000000000000000025.png,Day_scene_001955_000000000000000025.txt,Day,Day_scene_001955,000000000000000025
Day_scene_001958_000000000000000025.png,Day_scene_001958_000000000000000025.txt,Day,Day_scene_001958,000000000000000025
Day_scene_001961_000000000000000025.png,Day_scene_001961_000000000000000025.txt,Day,Day_scene_001961,000000000000000025
Day_scene_001962_000000000000000025.png,Day_scene_001962_000000000000000025.txt,Day,Day_scene_001962,000000000000000025
Day_scene_001963_000000000000000025.png,Day_scene_001963_000000000000000025.txt,Day,Day_scene_001963,000000000000000025
Day_scene_001964_000000000000000025.png,Day_scene_001964_000000000000000025.txt,Day,Day_scene_001964,000000000000000025
Day_scene_001965_000000000000000025.png,Day_scene_001965_000000000000000025.txt,Day,Day_scene_001965,000000000000000025
Day_scene_001974_000000000000000025.png,Day_scene_001974_000000000000000025.txt,Day,Day_scene_001974,000000000000000025
Day_scene_001979_000000000000000025.png,Day_scene_001979_000000000000000025.txt,Day,Day_scene_001979,000000000000000025
Day_scene_001980_000000000000000025.png,Day_scene_001980_000000000000000025.txt,Day,Day_scene_001980,000000000000000025
Day_scene_001984_000000000000000025.png,Day_scene_001984_000000000000000025.txt,Day,Day_scene_001984,000000000000000025
Day_scene_001985_000000000000000025.png,Day_scene_001985_000000000000000025.txt,Day,Day_scene_001985,000000000000000025
Day_scene_001987_000000000000000025.png,Day_scene_001987_000000000000000025.txt,Day,Day_scene_001987,000000000000000025
Day_scene_001991_000000000000000025.png,Day_scene_001991_000000000000000025.txt,Day,Day_scene_001991,000000000000000025
Day_scene_001994_000000000000000025.png,Day_scene_001994_000000000000000025.txt,Day,Day_scene_001994,000000000000000025
Day_scene_001996_000000000000000025.png,Day_scene_001996_000000000000000025.txt,Day,Day_scene_001996,000000000000000025
Day_scene_001997_000000000000000025.png,Day_scene_001997_000000000000000025.txt,Day,Day_scene_001997,000000000000000025
Day_scene_001999_000000000000000025.png,Day_scene_001999_000000000000000025.txt,Day,Day_scene_001999,000000000000000025
Day_scene_002004_000000000000000025.png,Day_scene_002004_000000000000000025.txt,Day,Day_scene_002004,000000000000000025
Day_scene_002007_000000000000000025.png,Day_scene_002007_000000000000000025.txt,Day,Day_scene_002007,000000000000000025
Day_scene_002011_000000000000000025.png,Day_scene_002011_000000000000000025.txt,Day,Day_scene_002011,000000000000000025
Day_scene_002014_000000000000000025.png,Day_scene_002014_000000000000000025.txt,Day,Day_scene_002014,000000000000000025
Day_scene_002015_000000000000000025.png,Day_scene_002015_000000000000000025.txt,Day,Day_scene_002015,000000000000000025
Day_scene_002016_000000000000000025.png,Day_scene_002016_000000000000000025.txt,Day,Day_scene_002016,000000000000000025
Day_scene_002019_000000000000000025.png,Day_scene_002019_000000000000000025.txt,Day,Day_scene_002019,000000000000000025
Day_scene_002022_000000000000000025.png,Day_scene_002022_000000000000000025.txt,Day,Day_scene_002022,000000000000000025
Day_scene_002025_000000000000000025.png,Day_scene_002025_000000000000000025.txt,Day,Day_scene_002025,000000000000000025
Day_scene_002027_000000000000000025.png,Day_scene_002027_000000000000000025.txt,Day,Day_scene_002027,000000000000000025
Day_scene_002029_000000000000000025.png,Day_scene_002029_000000000000000025.txt,Day,Day_scene_002029,000000000000000025
Day_scene_002033_000000000000000025.png,Day_scene_002033_000000000000000025.txt,Day,Day_scene_002033,000000000000000025
Day_scene_002034_000000000000000025.png,Day_scene_002034_000000000000000025.txt,Day,Day_scene_002034,000000000000000025
Day_scene_002040_000000000000000025.png,Day_scene_002040_000000000000000025.txt,Day,Day_scene_002040,000000000000000025
Day_scene_002041_000000000000000025.png,Day_scene_002041_000000000000000025.txt,Day,Day_scene_002041,000000000000000025
Day_scene_002042_000000000000000025.png,Day_scene_002042_000000000000000025.txt,Day,Day_scene_002042,000000000000000025
Day_scene_002045_000000000000000025.png,Day_scene_002045_000000000000000025.txt,Day,Day_scene_002045,000000000000000025
Day_scene_002046_000000000000000025.png,Day_scene_002046_000000000000000025.txt,Day,Day_scene_002046,000000000000000025
Day_scene_002052_000000000000000025.png,Day_scene_002052_000000000000000025.txt,Day,Day_scene_002052,000000000000000025
Day_scene_002064_000000000000000025.png,Day_scene_002064_000000000000000025.txt,Day,Day_scene_002064,000000000000000025
Day_scene_002069_000000000000000025.png,Day_scene_002069_000000000000000025.txt,Day,Day_scene_002069,000000000000000025
Day_scene_002070_000000000000000025.png,Day_scene_002070_000000000000000025.txt,Day,Day_scene_002070,000000000000000025
Day_scene_002073_000000000000000025.png,Day_scene_002073_000000000000000025.txt,Day,Day_scene_002073,000000000000000025
Day_scene_002085_000000000000000025.png,Day_scene_002085_000000000000000025.txt,Day,Day_scene_002085,000000000000000025
Day_scene_002087_000000000000000025.png,Day_scene_002087_000000000000000025.txt,Day,Day_scene_002087,000000000000000025
Day_scene_002090_000000000000000025.png,Day_scene_002090_000000000000000025.txt,Day,Day_scene_002090,000000000000000025
Day_scene_002095_000000000000000025.png,Day_scene_002095_000000000000000025.txt,Day,Day_scene_002095,000000000000000025
Day_scene_002096_000000000000000025.png,Day_scene_002096_000000000000000025.txt,Day,Day_scene_002096,000000000000000025
Day_scene_002098_000000000000000025.png,Day_scene_002098_000000000000000025.txt,Day,Day_scene_002098,000000000000000025
Day_scene_002104_000000000000000025.png,Day_scene_002104_000000000000000025.txt,Day,Day_scene_002104,000000000000000025
Day_scene_002106_000000000000000025.png,Day_scene_002106_000000000000000025.txt,Day,Day_scene_002106,000000000000000025
Day_scene_002110_000000000000000025.png,Day_scene_002110_000000000000000025.txt,Day,Day_scene_002110,000000000000000025
Day_scene_002112_000000000000000025.png,Day_scene_002112_000000000000000025.txt,Day,Day_scene_002112,000000000000000025
Day_scene_002114_000000000000000025.png,Day_scene_002114_000000000000000025.txt,Day,Day_scene_002114,000000000000000025
Day_scene_002115_000000000000000025.png,Day_scene_002115_000000000000000025.txt,Day,Day_scene_002115,000000000000000025
Day_scene_002123_000000000000000025.png,Day_scene_002123_000000000000000025.txt,Day,Day_scene_002123,000000000000000025
Day_scene_002124_000000000000000025.png,Day_scene_002124_000000000000000025.txt,Day,Day_scene_002124,000000000000000025
Day_scene_002125_000000000000000025.png,Day_scene_002125_000000000000000025.txt,Day,Day_scene_002125,000000000000000025
Day_scene_002129_000000000000000025.png,Day_scene_002129_000000000000000025.txt,Day,Day_scene_002129,000000000000000025
Day_scene_002130_000000000000000025.png,Day_scene_002130_000000000000000025.txt,Day,Day_scene_002130,000000000000000025
Day_scene_002135_000000000000000025.png,Day_scene_002135_000000000000000025.txt,Day,Day_scene_002135,000000000000000025
Day_scene_002136_000000000000000025.png,Day_scene_002136_000000000000000025.txt,Day,Day_scene_002136,000000000000000025
Day_scene_002142_000000000000000025.png,Day_scene_002142_000000000000000025.txt,Day,Day_scene_002142,000000000000000025
Day_scene_002145_000000000000000025.png,Day_scene_002145_000000000000000025.txt,Day,Day_scene_002145,000000000000000025
Day_scene_002146_000000000000000025.png,Day_scene_002146_000000000000000025.txt,Day,Day_scene_002146,000000000000000025
Day_scene_002148_000000000000000025.png,Day_scene_002148_000000000000000025.txt,Day,Day_scene_002148,000000000000000025
Day_scene_002151_000000000000000025.png,Day_scene_002151_000000000000000025.txt,Day,Day_scene_002151,000000000000000025
Day_scene_002153_000000000000000025.png,Day_scene_002153_000000000000000025.txt,Day,Day_scene_002153,000000000000000025
Day_scene_002154_000000000000000025.png,Day_scene_002154_000000000000000025.txt,Day,Day_scene_002154,000000000000000025
Day_scene_002157_000000000000000025.png,Day_scene_002157_000000000000000025.txt,Day,Day_scene_002157,000000000000000025
Day_scene_002163_000000000000000025.png,Day_scene_002163_000000000000000025.txt,Day,Day_scene_002163,000000000000000025
Day_scene_002165_000000000000000025.png,Day_scene_002165_000000000000000025.txt,Day,Day_scene_002165,000000000000000025
Day_scene_002168_000000000000000025.png,Day_scene_002168_000000000000000025.txt,Day,Day_scene_002168,000000000000000025
Day_scene_002169_000000000000000025.png,Day_scene_002169_000000000000000025.txt,Day,Day_scene_002169,000000000000000025
Day_scene_002172_000000000000000025.png,Day_scene_002172_000000000000000025.txt,Day,Day_scene_002172,000000000000000025
Day_scene_002177_000000000000000025.png,Day_scene_002177_000000000000000025.txt,Day,Day_scene_002177,000000000000000025
Day_scene_002181_000000000000000025.png,Day_scene_002181_000000000000000025.txt,Day,Day_scene_002181,000000000000000025
Day_scene_002184_000000000000000025.png,Day_scene_002184_000000000000000025.txt,Day,Day_scene_002184,000000000000000025
Day_scene_002185_000000000000000025.png,Day_scene_002185_000000000000000025.txt,Day,Day_scene_002185,000000000000000025
Day_scene_002191_000000000000000025.png,Day_scene_002191_000000000000000025.txt,Day,Day_scene_002191,000000000000000025
Day_scene_002192_000000000000000025.png,Day_scene_002192_000000000000000025.txt,Day,Day_scene_002192,000000000000000025
Day_scene_002194_000000000000000025.png,Day_scene_002194_000000000000000025.txt,Day,Day_scene_002194,000000000000000025
Day_scene_002198_000000000000000025.png,Day_scene_002198_000000000000000025.txt,Day,Day_scene_002198,000000000000000025
Day_scene_002201_000000000000000025.png,Day_scene_002201_000000000000000025.txt,Day,Day_scene_002201,000000000000000025
Day_scene_002202_000000000000000025.png,Day_scene_002202_000000000000000025.txt,Day,Day_scene_002202,000000000000000025
Day_scene_002205_000000000000000025.png,Day_scene_002205_000000000000000025.txt,Day,Day_scene_002205,000000000000000025
Day_scene_002210_000000000000000025.png,Day_scene_002210_000000000000000025.txt,Day,Day_scene_002210,000000000000000025
Day_scene_002213_000000000000000025.png,Day_scene_002213_000000000000000025.txt,Day,Day_scene_002213,000000000000000025
Day_scene_002217_000000000000000025.png,Day_scene_002217_000000000000000025.txt,Day,Day_scene_002217,000000000000000025
Day_scene_002221_000000000000000025.png,Day_scene_002221_000000000000000025.txt,Day,Day_scene_002221,000000000000000025
Day_scene_002226_000000000000000025.png,Day_scene_002226_000000000000000025.txt,Day,Day_scene_002226,000000000000000025
Day_scene_002229_000000000000000025.png,Day_scene_002229_000000000000000025.txt,Day,Day_scene_002229,000000000000000025
Day_scene_002231_000000000000000025.png,Day_scene_002231_000000000000000025.txt,Day,Day_scene_002231,000000000000000025
Day_scene_002232_000000000000000025.png,Day_scene_002232_000000000000000025.txt,Day,Day_scene_002232,000000000000000025
Day_scene_002234_000000000000000025.png,Day_scene_002234_000000000000000025.txt,Day,Day_scene_002234,000000000000000025
Day_scene_002239_000000000000000025.png,Day_scene_002239_000000000000000025.txt,Day,Day_scene_002239,000000000000000025
Day_scene_002242_000000000000000025.png,Day_scene_002242_000000000000000025.txt,Day,Day_scene_002242,000000000000000025
Day_scene_002244_000000000000000025.png,Day_scene_002244_000000000000000025.txt,Day,Day_scene_002244,000000000000000025
Day_scene_002249_000000000000000025.png,Day_scene_002249_000000000000000025.txt,Day,Day_scene_002249,000000000000000025
Day_scene_002250_000000000000000025.png,Day_scene_002250_000000000000000025.txt,Day,Day_scene_002250,000000000000000025
Day_scene_002252_000000000000000025.png,Day_scene_002252_000000000000000025.txt,Day,Day_scene_002252,000000000000000025
Day_scene_002254_000000000000000025.png,Day_scene_002254_000000000000000025.txt,Day,Day_scene_002254,000000000000000025
Day_scene_002255_000000000000000025.png,Day_scene_002255_000000000000000025.txt,Day,Day_scene_002255,000000000000000025
Day_scene_002259_000000000000000025.png,Day_scene_002259_000000000000000025.txt,Day,Day_scene_002259,000000000000000025
Day_scene_002261_000000000000000025.png,Day_scene_002261_000000000000000025.txt,Day,Day_scene_002261,000000000000000025
Day_scene_002264_000000000000000025.png,Day_scene_002264_000000000000000025.txt,Day,Day_scene_002264,000000000000000025
Day_scene_002265_000000000000000025.png,Day_scene_002265_000000000000000025.txt,Day,Day_scene_002265,000000000000000025
Day_scene_002266_000000000000000025.png,Day_scene_002266_000000000000000025.txt,Day,Day_scene_002266,000000000000000025
Day_scene_002267_000000000000000025.png,Day_scene_002267_000000000000000025.txt,Day,Day_scene_002267,000000000000000025
Day_scene_002270_000000000000000025.png,Day_scene_002270_000000000000000025.txt,Day,Day_scene_002270,000000000000000025
Day_scene_002271_000000000000000025.png,Day_scene_002271_000000000000000025.txt,Day,Day_scene_002271,000000000000000025
Day_scene_002272_000000000000000025.png,Day_scene_002272_000000000000000025.txt,Day,Day_scene_002272,000000000000000025
Day_scene_002275_000000000000000025.png,Day_scene_002275_000000000000000025.txt,Day,Day_scene_002275,000000000000000025
Day_scene_002276_000000000000000025.png,Day_scene_002276_000000000000000025.txt,Day,Day_scene_002276,000000000000000025
Day_scene_002277_000000000000000025.png,Day_scene_002277_000000000000000025.txt,Day,Day_scene_002277,000000000000000025
Day_scene_002279_000000000000000025.png,Day_scene_002279_000000000000000025.txt,Day,Day_scene_002279,000000000000000025
Day_scene_002284_000000000000000025.png,Day_scene_002284_000000000000000025.txt,Day,Day_scene_002284,000000000000000025
Day_scene_002285_000000000000000025.png,Day_scene_002285_000000000000000025.txt,Day,Day_scene_002285,000000000000000025
Day_scene_002291_000000000000000025.png,Day_scene_002291_000000000000000025.txt,Day,Day_scene_002291,000000000000000025
Day_scene_002292_000000000000000025.png,Day_scene_002292_000000000000000025.txt,Day,Day_scene_002292,000000000000000025
Day_scene_002293_000000000000000025.png,Day_scene_002293_000000000000000025.txt,Day,Day_scene_002293,000000000000000025
Day_scene_002296_000000000000000025.png,Day_scene_002296_000000000000000025.txt,Day,Day_scene_002296,000000000000000025
Day_scene_002297_000000000000000025.png,Day_scene_002297_000000000000000025.txt,Day,Day_scene_002297,000000000000000025
Day_scene_002300_000000000000000025.png,Day_scene_002300_000000000000000025.txt,Day,Day_scene_002300,000000000000000025
Day_scene_002301_000000000000000025.png,Day_scene_002301_000000000000000025.txt,Day,Day_scene_002301,000000000000000025
Day_scene_002303_000000000000000025.png,Day_scene_002303_000000000000000025.txt,Day,Day_scene_002303,000000000000000025
Day_scene_002304_000000000000000025.png,Day_scene_002304_000000000000000025.txt,Day,Day_scene_002304,000000000000000025
Day_scene_002307_000000000000000025.png,Day_scene_002307_000000000000000025.txt,Day,Day_scene_002307,000000000000000025
Day_scene_002311_000000000000000025.png,Day_scene_002311_000000000000000025.txt,Day,Day_scene_002311,000000000000000025
Day_scene_002313_000000000000000025.png,Day_scene_002313_000000000000000025.txt,Day,Day_scene_002313,000000000000000025
Day_scene_002315_000000000000000025.png,Day_scene_002315_000000000000000025.txt,Day,Day_scene_002315,000000000000000025
Day_scene_002316_000000000000000025.png,Day_scene_002316_000000000000000025.txt,Day,Day_scene_002316,000000000000000025
Day_scene_002318_000000000000000025.png,Day_scene_002318_000000000000000025.txt,Day,Day_scene_002318,000000000000000025
Day_scene_002319_000000000000000025.png,Day_scene_002319_000000000000000025.txt,Day,Day_scene_002319,000000000000000025
Day_scene_002320_000000000000000025.png,Day_scene_002320_000000000000000025.txt,Day,Day_scene_002320,000000000000000025
Day_scene_002322_000000000000000025.png,Day_scene_002322_000000000000000025.txt,Day,Day_scene_002322,000000000000000025
Day_scene_002325_000000000000000025.png,Day_scene_002325_000000000000000025.txt,Day,Day_scene_002325,000000000000000025
Day_scene_002327_000000000000000025.png,Day_scene_002327_000000000000000025.txt,Day,Day_scene_002327,000000000000000025
Day_scene_002329_000000000000000025.png,Day_scene_002329_000000000000000025.txt,Day,Day_scene_002329,000000000000000025
Day_scene_002330_000000000000000025.png,Day_scene_002330_000000000000000025.txt,Day,Day_scene_002330,000000000000000025
Day_scene_002336_000000000000000025.png,Day_scene_002336_000000000000000025.txt,Day,Day_scene_002336,000000000000000025
Day_scene_002337_000000000000000025.png,Day_scene_002337_000000000000000025.txt,Day,Day_scene_002337,000000000000000025
Day_scene_002339_000000000000000025.png,Day_scene_002339_000000000000000025.txt,Day,Day_scene_002339,000000000000000025
Day_scene_002343_000000000000000025.png,Day_scene_002343_000000000000000025.txt,Day,Day_scene_002343,000000000000000025
Day_scene_002349_000000000000000025.png,Day_scene_002349_000000000000000025.txt,Day,Day_scene_002349,000000000000000025
Day_scene_002350_000000000000000025.png,Day_scene_002350_000000000000000025.txt,Day,Day_scene_002350,000000000000000025
Day_scene_002351_000000000000000025.png,Day_scene_002351_000000000000000025.txt,Day,Day_scene_002351,000000000000000025
Day_scene_002352_000000000000000025.png,Day_scene_002352_000000000000000025.txt,Day,Day_scene_002352,000000000000000025
Day_scene_002358_000000000000000025.png,Day_scene_002358_000000000000000025.txt,Day,Day_scene_002358,000000000000000025
Day_scene_002360_000000000000000025.png,Day_scene_002360_000000000000000025.txt,Day,Day_scene_002360,000000000000000025
Day_scene_002364_000000000000000025.png,Day_scene_002364_000000000000000025.txt,Day,Day_scene_002364,000000000000000025
Day_scene_002368_000000000000000025.png,Day_scene_002368_000000000000000025.txt,Day,Day_scene_002368,000000000000000025
Day_scene_002370_000000000000000025.png,Day_scene_002370_000000000000000025.txt,Day,Day_scene_002370,000000000000000025
Day_scene_002374_000000000000000025.png,Day_scene_002374_000000000000000025.txt,Day,Day_scene_002374,000000000000000025
Day_scene_002376_000000000000000025.png,Day_scene_002376_000000000000000025.txt,Day,Day_scene_002376,000000000000000025
Day_scene_002378_000000000000000025.png,Day_scene_002378_000000000000000025.txt,Day,Day_scene_002378,000000000000000025
Day_scene_002379_000000000000000025.png,Day_scene_002379_000000000000000025.txt,Day,Day_scene_002379,000000000000000025
Day_scene_002384_000000000000000025.png,Day_scene_002384_000000000000000025.txt,Day,Day_scene_002384,000000000000000025
Day_scene_002386_000000000000000025.png,Day_scene_002386_000000000000000025.txt,Day,Day_scene_002386,000000000000000025
Day_scene_002391_000000000000000025.png,Day_scene_002391_000000000000000025.txt,Day,Day_scene_002391,000000000000000025
Day_scene_002396_000000000000000025.png,Day_scene_002396_000000000000000025.txt,Day,Day_scene_002396,000000000000000025
Day_scene_002401_000000000000000025.png,Day_scene_002401_000000000000000025.txt,Day,Day_scene_002401,000000000000000025
Day_scene_002403_000000000000000025.png,Day_scene_002403_000000000000000025.txt,Day,Day_scene_002403,000000000000000025
Day_scene_002410_000000000000000025.png,Day_scene_002410_000000000000000025.txt,Day,Day_scene_002410,000000000000000025
Day_scene_002412_000000000000000025.png,Day_scene_002412_000000000000000025.txt,Day,Day_scene_002412,000000000000000025
Day_scene_002414_000000000000000025.png,Day_scene_002414_000000000000000025.txt,Day,Day_scene_002414,000000000000000025
Day_scene_002417_000000000000000025.png,Day_scene_002417_000000000000000025.txt,Day,Day_scene_002417,000000000000000025
Day_scene_002418_000000000000000025.png,Day_scene_002418_000000000000000025.txt,Day,Day_scene_002418,000000000000000025
Day_scene_002424_000000000000000025.png,Day_scene_002424_000000000000000025.txt,Day,Day_scene_002424,000000000000000025
Day_scene_002425_000000000000000025.png,Day_scene_002425_000000000000000025.txt,Day,Day_scene_002425,000000000000000025
Day_scene_002426_000000000000000025.png,Day_scene_002426_000000000000000025.txt,Day,Day_scene_002426,000000000000000025
Day_scene_002430_000000000000000025.png,Day_scene_002430_000000000000000025.txt,Day,Day_scene_002430,000000000000000025
Day_scene_002432_000000000000000025.png,Day_scene_002432_000000000000000025.txt,Day,Day_scene_002432,000000000000000025
Day_scene_002434_000000000000000025.png,Day_scene_002434_000000000000000025.txt,Day,Day_scene_002434,000000000000000025
Day_scene_002442_000000000000000025.png,Day_scene_002442_000000000000000025.txt,Day,Day_scene_002442,000000000000000025
Day_scene_002443_000000000000000025.png,Day_scene_002443_000000000000000025.txt,Day,Day_scene_002443,000000000000000025
Day_scene_002444_000000000000000025.png,Day_scene_002444_000000000000000025.txt,Day,Day_scene_002444,000000000000000025
Day_scene_002448_000000000000000025.png,Day_scene_002448_000000000000000025.txt,Day,Day_scene_002448,000000000000000025
Day_scene_002449_000000000000000025.png,Day_scene_002449_000000000000000025.txt,Day,Day_scene_002449,000000000000000025
Day_scene_002453_000000000000000025.png,Day_scene_002453_000000000000000025.txt,Day,Day_scene_002453,000000000000000025
Day_scene_002454_000000000000000025.png,Day_scene_002454_000000000000000025.txt,Day,Day_scene_002454,000000000000000025
Day_scene_002456_000000000000000025.png,Day_scene_002456_000000000000000025.txt,Day,Day_scene_002456,000000000000000025
Day_scene_002461_000000000000000025.png,Day_scene_002461_000000000000000025.txt,Day,Day_scene_002461,000000000000000025
Day_scene_002462_000000000000000025.png,Day_scene_002462_000000000000000025.txt,Day,Day_scene_002462,000000000000000025
Day_scene_002464_000000000000000025.png,Day_scene_002464_000000000000000025.txt,Day,Day_scene_002464,000000000000000025
Day_scene_002465_000000000000000025.png,Day_scene_002465_000000000000000025.txt,Day,Day_scene_002465,000000000000000025
Day_scene_002466_000000000000000025.png,Day_scene_002466_000000000000000025.txt,Day,Day_scene_002466,000000000000000025
Day_scene_002467_000000000000000025.png,Day_scene_002467_000000000000000025.txt,Day,Day_scene_002467,000000000000000025
Day_scene_002468_000000000000000025.png,Day_scene_002468_000000000000000025.txt,Day,Day_scene_002468,000000000000000025
Day_scene_002474_000000000000000025.png,Day_scene_002474_000000000000000025.txt,Day,Day_scene_002474,000000000000000025
Day_scene_002479_000000000000000025.png,Day_scene_002479_000000000000000025.txt,Day,Day_scene_002479,000000000000000025
Day_scene_002480_000000000000000025.png,Day_scene_002480_000000000000000025.txt,Day,Day_scene_002480,000000000000000025
Day_scene_002481_000000000000000025.png,Day_scene_002481_000000000000000025.txt,Day,Day_scene_002481,000000000000000025
Day_scene_002483_000000000000000025.png,Day_scene_002483_000000000000000025.txt,Day,Day_scene_002483,000000000000000025
Day_scene_002485_000000000000000025.png,Day_scene_002485_000000000000000025.txt,Day,Day_scene_002485,000000000000000025
Day_scene_002491_000000000000000025.png,Day_scene_002491_000000000000000025.txt,Day,Day_scene_002491,000000000000000025
Day_scene_002492_000000000000000025.png,Day_scene_002492_000000000000000025.txt,Day,Day_scene_002492,000000000000000025
Day_scene_002494_000000000000000025.png,Day_scene_002494_000000000000000025.txt,Day,Day_scene_002494,000000000000000025
Day_scene_002496_000000000000000025.png,Day_scene_002496_000000000000000025.txt,Day,Day_scene_002496,000000000000000025
Day_scene_002497_000000000000000025.png,Day_scene_002497_000000000000000025.txt,Day,Day_scene_002497,000000000000000025
Day_scene_002499_000000000000000025.png,Day_scene_002499_000000000000000025.txt,Day,Day_scene_002499,000000000000000025
Day_scene_002500_000000000000000025.png,Day_scene_002500_000000000000000025.txt,Day,Day_scene_002500,000000000000000025
Day_scene_002502_000000000000000025.png,Day_scene_002502_000000000000000025.txt,Day,Day_scene_002502,000000000000000025
Day_scene_002504_000000000000000025.png,Day_scene_002504_000000000000000025.txt,Day,Day_scene_002504,000000000000000025
Day_scene_002506_000000000000000025.png,Day_scene_002506_000000000000000025.txt,Day,Day_scene_002506,000000000000000025
Day_scene_002507_000000000000000025.png,Day_scene_002507_000000000000000025.txt,Day,Day_scene_002507,000000000000000025
Day_scene_002509_000000000000000025.png,Day_scene_002509_000000000000000025.txt,Day,Day_scene_002509,000000000000000025
Day_scene_002512_000000000000000025.png,Day_scene_002512_000000000000000025.txt,Day,Day_scene_002512,000000000000000025
Day_scene_002514_000000000000000025.png,Day_scene_002514_000000000000000025.txt,Day,Day_scene_002514,000000000000000025
Day_scene_002518_000000000000000025.png,Day_scene_002518_000000000000000025.txt,Day,Day_scene_002518,000000000000000025
Day_scene_002519_000000000000000025.png,Day_scene_002519_000000000000000025.txt,Day,Day_scene_002519,000000000000000025
Day_scene_002520_000000000000000025.png,Day_scene_002520_000000000000000025.txt,Day,Day_scene_002520,000000000000000025
Day_scene_002523_000000000000000025.png,Day_scene_002523_000000000000000025.txt,Day,Day_scene_002523,000000000000000025
Day_scene_002524_000000000000000025.png,Day_scene_002524_000000000000000025.txt,Day,Day_scene_002524,000000000000000025
Day_scene_002527_000000000000000025.png,Day_scene_002527_000000000000000025.txt,Day,Day_scene_002527,000000000000000025
Day_scene_002534_000000000000000025.png,Day_scene_002534_000000000000000025.txt,Day,Day_scene_002534,000000000000000025
Day_scene_002535_000000000000000025.png,Day_scene_002535_000000000000000025.txt,Day,Day_scene_002535,000000000000000025
Day_scene_002537_000000000000000025.png,Day_scene_002537_000000000000000025.txt,Day,Day_scene_002537,000000000000000025
Day_scene_002540_000000000000000025.png,Day_scene_002540_000000000000000025.txt,Day,Day_scene_002540,000000000000000025
Day_scene_002541_000000000000000025.png,Day_scene_002541_000000000000000025.txt,Day,Day_scene_002541,000000000000000025
Day_scene_002549_000000000000000025.png,Day_scene_002549_000000000000000025.txt,Day,Day_scene_002549,000000000000000025
Day_scene_002550_000000000000000025.png,Day_scene_002550_000000000000000025.txt,Day,Day_scene_002550,000000000000000025
Day_scene_002553_000000000000000025.png,Day_scene_002553_000000000000000025.txt,Day,Day_scene_002553,000000000000000025
Day_scene_002554_000000000000000025.png,Day_scene_002554_000000000000000025.txt,Day,Day_scene_002554,000000000000000025
Day_scene_002555_000000000000000025.png,Day_scene_002555_000000000000000025.txt,Day,Day_scene_002555,000000000000000025
Day_scene_002556_000000000000000025.png,Day_scene_002556_000000000000000025.txt,Day,Day_scene_002556,000000000000000025
Day_scene_002563_000000000000000025.png,Day_scene_002563_000000000000000025.txt,Day,Day_scene_002563,000000000000000025
Day_scene_002564_000000000000000025.png,Day_scene_002564_000000000000000025.txt,Day,Day_scene_002564,000000000000000025
Day_scene_002569_000000000000000025.png,Day_scene_002569_000000000000000025.txt,Day,Day_scene_002569,000000000000000025
Day_scene_002571_000000000000000025.png,Day_scene_002571_000000000000000025.txt,Day,Day_scene_002571,000000000000000025
Day_scene_002572_000000000000000025.png,Day_scene_002572_000000000000000025.txt,Day,Day_scene_002572,000000000000000025
Day_scene_002574_000000000000000025.png,Day_scene_002574_000000000000000025.txt,Day,Day_scene_002574,000000000000000025
Day_scene_002575_000000000000000025.png,Day_scene_002575_000000000000000025.txt,Day,Day_scene_002575,000000000000000025
Day_scene_002578_000000000000000025.png,Day_scene_002578_000000000000000025.txt,Day,Day_scene_002578,000000000000000025
Day_scene_002581_000000000000000025.png,Day_scene_002581_000000000000000025.txt,Day,Day_scene_002581,000000000000000025
Day_scene_002582_000000000000000025.png,Day_scene_002582_000000000000000025.txt,Day,Day_scene_002582,000000000000000025
Day_scene_002585_000000000000000025.png,Day_scene_002585_000000000000000025.txt,Day,Day_scene_002585,000000000000000025
Day_scene_002586_000000000000000025.png,Day_scene_002586_000000000000000025.txt,Day,Day_scene_002586,000000000000000025
Day_scene_002587_000000000000000025.png,Day_scene_002587_000000000000000025.txt,Day,Day_scene_002587,000000000000000025
Day_scene_002592_000000000000000025.png,Day_scene_002592_000000000000000025.txt,Day,Day_scene_002592,000000000000000025
Day_scene_002595_000000000000000025.png,Day_scene_002595_000000000000000025.txt,Day,Day_scene_002595,000000000000000025
Day_scene_002600_000000000000000025.png,Day_scene_002600_000000000000000025.txt,Day,Day_scene_002600,000000000000000025
Day_scene_002601_000000000000000025.png,Day_scene_002601_000000000000000025.txt,Day,Day_scene_002601,000000000000000025
Day_scene_002606_000000000000000025.png,Day_scene_002606_000000000000000025.txt,Day,Day_scene_002606,000000000000000025
Day_scene_002608_000000000000000025.png,Day_scene_002608_000000000000000025.txt,Day,Day_scene_002608,000000000000000025
Day_scene_002609_000000000000000025.png,Day_scene_002609_000000000000000025.txt,Day,Day_scene_002609,000000000000000025
Day_scene_002612_000000000000000025.png,Day_scene_002612_000000000000000025.txt,Day,Day_scene_002612,000000000000000025
Day_scene_002613_000000000000000025.png,Day_scene_002613_000000000000000025.txt,Day,Day_scene_002613,000000000000000025
Day_scene_002616_000000000000000025.png,Day_scene_002616_000000000000000025.txt,Day,Day_scene_002616,000000000000000025
Day_scene_002617_000000000000000025.png,Day_scene_002617_000000000000000025.txt,Day,Day_scene_002617,000000000000000025
Day_scene_002619_000000000000000025.png,Day_scene_002619_000000000000000025.txt,Day,Day_scene_002619,000000000000000025
Day_scene_002621_000000000000000025.png,Day_scene_002621_000000000000000025.txt,Day,Day_scene_002621,000000000000000025
Day_scene_002630_000000000000000025.png,Day_scene_002630_000000000000000025.txt,Day,Day_scene_002630,000000000000000025
Day_scene_002631_000000000000000025.png,Day_scene_002631_000000000000000025.txt,Day,Day_scene_002631,000000000000000025
Day_scene_002633_000000000000000025.png,Day_scene_002633_000000000000000025.txt,Day,Day_scene_002633,000000000000000025
Day_scene_002634_000000000000000025.png,Day_scene_002634_000000000000000025.txt,Day,Day_scene_002634,000000000000000025
Day_scene_002638_000000000000000025.png,Day_scene_002638_000000000000000025.txt,Day,Day_scene_002638,000000000000000025
Day_scene_002644_000000000000000025.png,Day_scene_002644_000000000000000025.txt,Day,Day_scene_002644,000000000000000025
Day_scene_002647_000000000000000025.png,Day_scene_002647_000000000000000025.txt,Day,Day_scene_002647,000000000000000025
Day_scene_002650_000000000000000025.png,Day_scene_002650_000000000000000025.txt,Day,Day_scene_002650,000000000000000025
Day_scene_002651_000000000000000025.png,Day_scene_002651_000000000000000025.txt,Day,Day_scene_002651,000000000000000025
Day_scene_002652_000000000000000025.png,Day_scene_002652_000000000000000025.txt,Day,Day_scene_002652,000000000000000025
Day_scene_002656_000000000000000025.png,Day_scene_002656_000000000000000025.txt,Day,Day_scene_002656,000000000000000025
Day_scene_002657_000000000000000025.png,Day_scene_002657_000000000000000025.txt,Day,Day_scene_002657,000000000000000025
Day_scene_002660_000000000000000025.png,Day_scene_002660_000000000000000025.txt,Day,Day_scene_002660,000000000000000025
Day_scene_002662_000000000000000025.png,Day_scene_002662_000000000000000025.txt,Day,Day_scene_002662,000000000000000025
Day_scene_002663_000000000000000025.png,Day_scene_002663_000000000000000025.txt,Day,Day_scene_002663,000000000000000025
Day_scene_002665_000000000000000025.png,Day_scene_002665_000000000000000025.txt,Day,Day_scene_002665,000000000000000025
Day_scene_002668_000000000000000025.png,Day_scene_002668_000000000000000025.txt,Day,Day_scene_002668,000000000000000025
Day_scene_002670_000000000000000025.png,Day_scene_002670_000000000000000025.txt,Day,Day_scene_002670,000000000000000025
Day_scene_002671_000000000000000025.png,Day_scene_002671_000000000000000025.txt,Day,Day_scene_002671,000000000000000025
Day_scene_002672_000000000000000025.png,Day_scene_002672_000000000000000025.txt,Day,Day_scene_002672,000000000000000025
Day_scene_002674_000000000000000025.png,Day_scene_002674_000000000000000025.txt,Day,Day_scene_002674,000000000000000025
Day_scene_002686_000000000000000025.png,Day_scene_002686_000000000000000025.txt,Day,Day_scene_002686,000000000000000025
Day_scene_002692_000000000000000025.png,Day_scene_002692_000000000000000025.txt,Day,Day_scene_002692,000000000000000025
Day_scene_002701_000000000000000025.png,Day_scene_002701_000000000000000025.txt,Day,Day_scene_002701,000000000000000025
Day_scene_002704_000000000000000025.png,Day_scene_002704_000000000000000025.txt,Day,Day_scene_002704,000000000000000025
Day_scene_002705_000000000000000025.png,Day_scene_002705_000000000000000025.txt,Day,Day_scene_002705,000000000000000025
Day_scene_002706_000000000000000025.png,Day_scene_002706_000000000000000025.txt,Day,Day_scene_002706,000000000000000025
Day_scene_002711_000000000000000025.png,Day_scene_002711_000000000000000025.txt,Day,Day_scene_002711,000000000000000025
Day_scene_002712_000000000000000025.png,Day_scene_002712_000000000000000025.txt,Day,Day_scene_002712,000000000000000025
Day_scene_002715_000000000000000025.png,Day_scene_002715_000000000000000025.txt,Day,Day_scene_002715,000000000000000025
Day_scene_002716_000000000000000025.png,Day_scene_002716_000000000000000025.txt,Day,Day_scene_002716,000000000000000025
Day_scene_002719_000000000000000025.png,Day_scene_002719_000000000000000025.txt,Day,Day_scene_002719,000000000000000025
Day_scene_002723_000000000000000025.png,Day_scene_002723_000000000000000025.txt,Day,Day_scene_002723,000000000000000025
Day_scene_002730_000000000000000025.png,Day_scene_002730_000000000000000025.txt,Day,Day_scene_002730,000000000000000025
Day_scene_002733_000000000000000025.png,Day_scene_002733_000000000000000025.txt,Day,Day_scene_002733,000000000000000025
Day_scene_002738_000000000000000025.png,Day_scene_002738_000000000000000025.txt,Day,Day_scene_002738,000000000000000025
Day_scene_002739_000000000000000025.png,Day_scene_002739_000000000000000025.txt,Day,Day_scene_002739,000000000000000025
Day_scene_002743_000000000000000025.png,Day_scene_002743_000000000000000025.txt,Day,Day_scene_002743,000000000000000025
Day_scene_002746_000000000000000025.png,Day_scene_002746_000000000000000025.txt,Day,Day_scene_002746,000000000000000025
Day_scene_002750_000000000000000025.png,Day_scene_002750_000000000000000025.txt,Day,Day_scene_002750,000000000000000025
Day_scene_002752_000000000000000025.png,Day_scene_002752_000000000000000025.txt,Day,Day_scene_002752,000000000000000025
Day_scene_002754_000000000000000025.png,Day_scene_002754_000000000000000025.txt,Day,Day_scene_002754,000000000000000025
Day_scene_002755_000000000000000025.png,Day_scene_002755_000000000000000025.txt,Day,Day_scene_002755,000000000000000025
Day_scene_002759_000000000000000025.png,Day_scene_002759_000000000000000025.txt,Day,Day_scene_002759,000000000000000025
Day_scene_002762_000000000000000025.png,Day_scene_002762_000000000000000025.txt,Day,Day_scene_002762,000000000000000025
Day_scene_002763_000000000000000025.png,Day_scene_002763_000000000000000025.txt,Day,Day_scene_002763,000000000000000025
Day_scene_002770_000000000000000025.png,Day_scene_002770_000000000000000025.txt,Day,Day_scene_002770,000000000000000025
Day_scene_002773_000000000000000025.png,Day_scene_002773_000000000000000025.txt,Day,Day_scene_002773,000000000000000025
Day_scene_002785_000000000000000025.png,Day_scene_002785_000000000000000025.txt,Day,Day_scene_002785,000000000000000025
Day_scene_002786_000000000000000025.png,Day_scene_002786_000000000000000025.txt,Day,Day_scene_002786,000000000000000025
Day_scene_002787_000000000000000025.png,Day_scene_002787_000000000000000025.txt,Day,Day_scene_002787,000000000000000025
Day_scene_002790_000000000000000025.png,Day_scene_002790_000000000000000025.txt,Day,Day_scene_002790,000000000000000025
Day_scene_002792_000000000000000025.png,Day_scene_002792_000000000000000025.txt,Day,Day_scene_002792,000000000000000025
Day_scene_002798_000000000000000025.png,Day_scene_002798_000000000000000025.txt,Day,Day_scene_002798,000000000000000025
Day_scene_002799_000000000000000025.png,Day_scene_002799_000000000000000025.txt,Day,Day_scene_002799,000000000000000025
Day_scene_002800_000000000000000025.png,Day_scene_002800_000000000000000025.txt,Day,Day_scene_002800,000000000000000025
Day_scene_002802_000000000000000025.png,Day_scene_002802_000000000000000025.txt,Day,Day_scene_002802,000000000000000025
Day_scene_002806_000000000000000025.png,Day_scene_002806_000000000000000025.txt,Day,Day_scene_002806,000000000000000025
Day_scene_002807_000000000000000025.png,Day_scene_002807_000000000000000025.txt,Day,Day_scene_002807,000000000000000025
Day_scene_002809_000000000000000025.png,Day_scene_002809_000000000000000025.txt,Day,Day_scene_002809,000000000000000025
Day_scene_002810_000000000000000025.png,Day_scene_002810_000000000000000025.txt,Day,Day_scene_002810,000000000000000025
Day_scene_002811_000000000000000025.png,Day_scene_002811_000000000000000025.txt,Day,Day_scene_002811,000000000000000025
Day_scene_002812_000000000000000025.png,Day_scene_002812_000000000000000025.txt,Day,Day_scene_002812,000000000000000025
Day_scene_002824_000000000000000025.png,Day_scene_002824_000000000000000025.txt,Day,Day_scene_002824,000000000000000025
Day_scene_002827_000000000000000025.png,Day_scene_002827_000000000000000025.txt,Day,Day_scene_002827,000000000000000025
Day_scene_002828_000000000000000025.png,Day_scene_002828_000000000000000025.txt,Day,Day_scene_002828,000000000000000025
Day_scene_002830_000000000000000025.png,Day_scene_002830_000000000000000025.txt,Day,Day_scene_002830,000000000000000025
Day_scene_002831_000000000000000025.png,Day_scene_002831_000000000000000025.txt,Day,Day_scene_002831,000000000000000025
Day_scene_002832_000000000000000025.png,Day_scene_002832_000000000000000025.txt,Day,Day_scene_002832,000000000000000025
Day_scene_002834_000000000000000025.png,Day_scene_002834_000000000000000025.txt,Day,Day_scene_002834,000000000000000025
Day_scene_002839_000000000000000025.png,Day_scene_002839_000000000000000025.txt,Day,Day_scene_002839,000000000000000025
Day_scene_002840_000000000000000025.png,Day_scene_002840_000000000000000025.txt,Day,Day_scene_002840,000000000000000025
Day_scene_002845_000000000000000025.png,Day_scene_002845_000000000000000025.txt,Day,Day_scene_002845,000000000000000025
Day_scene_002846_000000000000000025.png,Day_scene_002846_000000000000000025.txt,Day,Day_scene_002846,000000000000000025
Day_scene_002847_000000000000000025.png,Day_scene_002847_000000000000000025.txt,Day,Day_scene_002847,000000000000000025
Day_scene_002849_000000000000000025.png,Day_scene_002849_000000000000000025.txt,Day,Day_scene_002849,000000000000000025
Day_scene_002850_000000000000000025.png,Day_scene_002850_000000000000000025.txt,Day,Day_scene_002850,000000000000000025
Day_scene_002853_000000000000000025.png,Day_scene_002853_000000000000000025.txt,Day,Day_scene_002853,000000000000000025
Day_scene_002854_000000000000000025.png,Day_scene_002854_000000000000000025.txt,Day,Day_scene_002854,000000000000000025
Day_scene_002857_000000000000000025.png,Day_scene_002857_000000000000000025.txt,Day,Day_scene_002857,000000000000000025
Day_scene_002862_000000000000000025.png,Day_scene_002862_000000000000000025.txt,Day,Day_scene_002862,000000000000000025
Day_scene_002866_000000000000000025.png,Day_scene_002866_000000000000000025.txt,Day,Day_scene_002866,000000000000000025
Day_scene_002867_000000000000000025.png,Day_scene_002867_000000000000000025.txt,Day,Day_scene_002867,000000000000000025
Day_scene_002869_000000000000000025.png,Day_scene_002869_000000000000000025.txt,Day,Day_scene_002869,000000000000000025
Day_scene_002870_000000000000000025.png,Day_scene_002870_000000000000000025.txt,Day,Day_scene_002870,000000000000000025
Day_scene_002872_000000000000000025.png,Day_scene_002872_000000000000000025.txt,Day,Day_scene_002872,000000000000000025
Day_scene_002875_000000000000000025.png,Day_scene_002875_000000000000000025.txt,Day,Day_scene_002875,000000000000000025
Day_scene_002876_000000000000000025.png,Day_scene_002876_000000000000000025.txt,Day,Day_scene_002876,000000000000000025
Day_scene_002879_000000000000000025.png,Day_scene_002879_000000000000000025.txt,Day,Day_scene_002879,000000000000000025
Day_scene_002884_000000000000000025.png,Day_scene_002884_000000000000000025.txt,Day,Day_scene_002884,000000000000000025
Day_scene_002887_000000000000000025.png,Day_scene_002887_000000000000000025.txt,Day,Day_scene_002887,000000000000000025
Day_scene_002892_000000000000000025.png,Day_scene_002892_000000000000000025.txt,Day,Day_scene_002892,000000000000000025
Day_scene_002901_000000000000000025.png,Day_scene_002901_000000000000000025.txt,Day,Day_scene_002901,000000000000000025
Day_scene_002902_000000000000000025.png,Day_scene_002902_000000000000000025.txt,Day,Day_scene_002902,000000000000000025
Day_scene_002908_000000000000000025.png,Day_scene_002908_000000000000000025.txt,Day,Day_scene_002908,000000000000000025
Day_scene_002911_000000000000000025.png,Day_scene_002911_000000000000000025.txt,Day,Day_scene_002911,000000000000000025
Day_scene_002912_000000000000000025.png,Day_scene_002912_000000000000000025.txt,Day,Day_scene_002912,000000000000000025
Day_scene_002913_000000000000000025.png,Day_scene_002913_000000000000000025.txt,Day,Day_scene_002913,000000000000000025
Day_scene_002914_000000000000000025.png,Day_scene_002914_000000000000000025.txt,Day,Day_scene_002914,000000000000000025
Day_scene_002915_000000000000000025.png,Day_scene_002915_000000000000000025.txt,Day,Day_scene_002915,000000000000000025
Day_scene_002922_000000000000000025.png,Day_scene_002922_000000000000000025.txt,Day,Day_scene_002922,000000000000000025
Day_scene_002926_000000000000000025.png,Day_scene_002926_000000000000000025.txt,Day,Day_scene_002926,000000000000000025
Day_scene_002927_000000000000000025.png,Day_scene_002927_000000000000000025.txt,Day,Day_scene_002927,000000000000000025
Day_scene_002931_000000000000000025.png,Day_scene_002931_000000000000000025.txt,Day,Day_scene_002931,000000000000000025
Day_scene_002935_000000000000000025.png,Day_scene_002935_000000000000000025.txt,Day,Day_scene_002935,000000000000000025
Day_scene_002936_000000000000000025.png,Day_scene_002936_000000000000000025.txt,Day,Day_scene_002936,000000000000000025
Day_scene_002937_000000000000000025.png,Day_scene_002937_000000000000000025.txt,Day,Day_scene_002937,000000000000000025
Day_scene_002938_000000000000000025.png,Day_scene_002938_000000000000000025.txt,Day,Day_scene_002938,000000000000000025
Day_scene_002943_000000000000000025.png,Day_scene_002943_000000000000000025.txt,Day,Day_scene_002943,000000000000000025
Day_scene_002945_000000000000000025.png,Day_scene_002945_000000000000000025.txt,Day,Day_scene_002945,000000000000000025
Day_scene_002947_000000000000000025.png,Day_scene_002947_000000000000000025.txt,Day,Day_scene_002947,000000000000000025
Day_scene_002948_000000000000000025.png,Day_scene_002948_000000000000000025.txt,Day,Day_scene_002948,000000000000000025
Day_scene_002949_000000000000000025.png,Day_scene_002949_000000000000000025.txt,Day,Day_scene_002949,000000000000000025
Day_scene_002951_000000000000000025.png,Day_scene_002951_000000000000000025.txt,Day,Day_scene_002951,000000000000000025
Day_scene_002956_000000000000000025.png,Day_scene_002956_000000000000000025.txt,Day,Day_scene_002956,000000000000000025
Day_scene_002960_000000000000000025.png,Day_scene_002960_000000000000000025.txt,Day,Day_scene_002960,000000000000000025
Day_scene_002962_000000000000000025.png,Day_scene_002962_000000000000000025.txt,Day,Day_scene_002962,000000000000000025
Day_scene_002964_000000000000000025.png,Day_scene_002964_000000000000000025.txt,Day,Day_scene_002964,000000000000000025
Day_scene_002968_000000000000000025.png,Day_scene_002968_000000000000000025.txt,Day,Day_scene_002968,000000000000000025
Day_scene_002969_000000000000000025.png,Day_scene_002969_000000000000000025.txt,Day,Day_scene_002969,000000000000000025
Day_scene_002970_000000000000000025.png,Day_scene_002970_000000000000000025.txt,Day,Day_scene_002970,000000000000000025
Day_scene_002972_000000000000000025.png,Day_scene_002972_000000000000000025.txt,Day,Day_scene_002972,000000000000000025
Day_scene_002975_000000000000000025.png,Day_scene_002975_000000000000000025.txt,Day,Day_scene_002975,000000000000000025
Day_scene_002987_000000000000000025.png,Day_scene_002987_000000000000000025.txt,Day,Day_scene_002987,000000000000000025
Day_scene_002992_000000000000000025.png,Day_scene_002992_000000000000000025.txt,Day,Day_scene_002992,000000000000000025
Day_scene_002994_000000000000000025.png,Day_scene_002994_000000000000000025.txt,Day,Day_scene_002994,000000000000000025
Day_scene_002995_000000000000000025.png,Day_scene_002995_000000000000000025.txt,Day,Day_scene_002995,000000000000000025
Day_scene_002997_000000000000000025.png,Day_scene_002997_000000000000000025.txt,Day,Day_scene_002997,000000000000000025
Day_scene_002998_000000000000000025.png,Day_scene_002998_000000000000000025.txt,Day,Day_scene_002998,000000000000000025
Day_scene_002999_000000000000000025.png,Day_scene_002999_000000000000000025.txt,Day,Day_scene_002999,000000000000000025
Day_scene_003000_000000000000000025.png,Day_scene_003000_000000000000000025.txt,Day,Day_scene_003000,000000000000000025
Day_scene_003005_000000000000000025.png,Day_scene_003005_000000000000000025.txt,Day,Day_scene_003005,000000000000000025
Day_scene_003008_000000000000000025.png,Day_scene_003008_000000000000000025.txt,Day,Day_scene_003008,000000000000000025
Day_scene_003011_000000000000000025.png,Day_scene_003011_000000000000000025.txt,Day,Day_scene_003011,000000000000000025
Day_scene_003012_000000000000000025.png,Day_scene_003012_000000000000000025.txt,Day,Day_scene_003012,000000000000000025
Day_scene_003013_000000000000000025.png,Day_scene_003013_000000000000000025.txt,Day,Day_scene_003013,000000000000000025
Day_scene_003017_000000000000000025.png,Day_scene_003017_000000000000000025.txt,Day,Day_scene_003017,000000000000000025
Day_scene_003019_000000000000000025.png,Day_scene_003019_000000000000000025.txt,Day,Day_scene_003019,000000000000000025
Day_scene_003021_000000000000000025.png,Day_scene_003021_000000000000000025.txt,Day,Day_scene_003021,000000000000000025
Day_scene_003022_000000000000000025.png,Day_scene_003022_000000000000000025.txt,Day,Day_scene_003022,000000000000000025
Day_scene_003028_000000000000000025.png,Day_scene_003028_000000000000000025.txt,Day,Day_scene_003028,000000000000000025
Day_scene_003031_000000000000000025.png,Day_scene_003031_000000000000000025.txt,Day,Day_scene_003031,000000000000000025
Day_scene_003035_000000000000000025.png,Day_scene_003035_000000000000000025.txt,Day,Day_scene_003035,000000000000000025
Day_scene_003039_000000000000000025.png,Day_scene_003039_000000000000000025.txt,Day,Day_scene_003039,000000000000000025
Day_scene_003041_000000000000000025.png,Day_scene_003041_000000000000000025.txt,Day,Day_scene_003041,000000000000000025
Day_scene_003044_000000000000000025.png,Day_scene_003044_000000000000000025.txt,Day,Day_scene_003044,000000000000000025
Day_scene_003049_000000000000000025.png,Day_scene_003049_000000000000000025.txt,Day,Day_scene_003049,000000000000000025
Day_scene_003050_000000000000000025.png,Day_scene_003050_000000000000000025.txt,Day,Day_scene_003050,000000000000000025
Day_scene_003053_000000000000000025.png,Day_scene_003053_000000000000000025.txt,Day,Day_scene_003053,000000000000000025
Day_scene_003056_000000000000000025.png,Day_scene_003056_000000000000000025.txt,Day,Day_scene_003056,000000000000000025
Day_scene_003059_000000000000000025.png,Day_scene_003059_000000000000000025.txt,Day,Day_scene_003059,000000000000000025
Day_scene_003062_000000000000000025.png,Day_scene_003062_000000000000000025.txt,Day,Day_scene_003062,000000000000000025
Day_scene_003067_000000000000000025.png,Day_scene_003067_000000000000000025.txt,Day,Day_scene_003067,000000000000000025
Day_scene_003068_000000000000000025.png,Day_scene_003068_000000000000000025.txt,Day,Day_scene_003068,000000000000000025
Day_scene_003069_000000000000000025.png,Day_scene_003069_000000000000000025.txt,Day,Day_scene_003069,000000000000000025
Day_scene_003070_000000000000000025.png,Day_scene_003070_000000000000000025.txt,Day,Day_scene_003070,000000000000000025
Day_scene_003071_000000000000000025.png,Day_scene_003071_000000000000000025.txt,Day,Day_scene_003071,000000000000000025
Day_scene_003072_000000000000000025.png,Day_scene_003072_000000000000000025.txt,Day,Day_scene_003072,000000000000000025
Day_scene_003074_000000000000000025.png,Day_scene_003074_000000000000000025.txt,Day,Day_scene_003074,000000000000000025
Day_scene_003078_000000000000000025.png,Day_scene_003078_000000000000000025.txt,Day,Day_scene_003078,000000000000000025
Day_scene_003079_000000000000000025.png,Day_scene_003079_000000000000000025.txt,Day,Day_scene_003079,000000000000000025
Day_scene_003080_000000000000000025.png,Day_scene_003080_000000000000000025.txt,Day,Day_scene_003080,000000000000000025
Day_scene_003084_000000000000000025.png,Day_scene_003084_000000000000000025.txt,Day,Day_scene_003084,000000000000000025
Day_scene_003087_000000000000000025.png,Day_scene_003087_000000000000000025.txt,Day,Day_scene_003087,000000000000000025
Day_scene_003092_000000000000000025.png,Day_scene_003092_000000000000000025.txt,Day,Day_scene_003092,000000000000000025
Day_scene_003093_000000000000000025.png,Day_scene_003093_000000000000000025.txt,Day,Day_scene_003093,000000000000000025
Day_scene_003095_000000000000000025.png,Day_scene_003095_000000000000000025.txt,Day,Day_scene_003095,000000000000000025
Day_scene_003099_000000000000000025.png,Day_scene_003099_000000000000000025.txt,Day,Day_scene_003099,000000000000000025
Day_scene_003102_000000000000000025.png,Day_scene_003102_000000000000000025.txt,Day,Day_scene_003102,000000000000000025
Day_scene_003103_000000000000000025.png,Day_scene_003103_000000000000000025.txt,Day,Day_scene_003103,000000000000000025
Day_scene_003105_000000000000000025.png,Day_scene_003105_000000000000000025.txt,Day,Day_scene_003105,000000000000000025
Day_scene_003106_000000000000000025.png,Day_scene_003106_000000000000000025.txt,Day,Day_scene_003106,000000000000000025
Day_scene_003107_000000000000000025.png,Day_scene_003107_000000000000000025.txt,Day,Day_scene_003107,000000000000000025
Day_scene_003109_000000000000000025.png,Day_scene_003109_000000000000000025.txt,Day,Day_scene_003109,000000000000000025
Day_scene_003110_000000000000000025.png,Day_scene_003110_000000000000000025.txt,Day,Day_scene_003110,000000000000000025
Day_scene_003111_000000000000000025.png,Day_scene_003111_000000000000000025.txt,Day,Day_scene_003111,000000000000000025
Day_scene_003112_000000000000000025.png,Day_scene_003112_000000000000000025.txt,Day,Day_scene_003112,000000000000000025
Day_scene_003115_000000000000000025.png,Day_scene_003115_000000000000000025.txt,Day,Day_scene_003115,000000000000000025
Day_scene_003119_000000000000000025.png,Day_scene_003119_000000000000000025.txt,Day,Day_scene_003119,000000000000000025
Day_scene_003125_000000000000000025.png,Day_scene_003125_000000000000000025.txt,Day,Day_scene_003125,000000000000000025
Day_scene_003126_000000000000000025.png,Day_scene_003126_000000000000000025.txt,Day,Day_scene_003126,000000000000000025
Day_scene_003127_000000000000000025.png,Day_scene_003127_000000000000000025.txt,Day,Day_scene_003127,000000000000000025
Day_scene_003132_000000000000000025.png,Day_scene_003132_000000000000000025.txt,Day,Day_scene_003132,000000000000000025
Day_scene_003138_000000000000000025.png,Day_scene_003138_000000000000000025.txt,Day,Day_scene_003138,000000000000000025
Day_scene_003140_000000000000000025.png,Day_scene_003140_000000000000000025.txt,Day,Day_scene_003140,000000000000000025
Day_scene_003142_000000000000000025.png,Day_scene_003142_000000000000000025.txt,Day,Day_scene_003142,000000000000000025
Day_scene_003143_000000000000000025.png,Day_scene_003143_000000000000000025.txt,Day,Day_scene_003143,000000000000000025
Day_scene_003146_000000000000000025.png,Day_scene_003146_000000000000000025.txt,Day,Day_scene_003146,000000000000000025
Day_scene_003149_000000000000000025.png,Day_scene_003149_000000000000000025.txt,Day,Day_scene_003149,000000000000000025
Day_scene_003151_000000000000000025.png,Day_scene_003151_000000000000000025.txt,Day,Day_scene_003151,000000000000000025
Day_scene_003152_000000000000000025.png,Day_scene_003152_000000000000000025.txt,Day,Day_scene_003152,000000000000000025
Day_scene_003156_000000000000000025.png,Day_scene_003156_000000000000000025.txt,Day,Day_scene_003156,000000000000000025
Day_scene_003160_000000000000000025.png,Day_scene_003160_000000000000000025.txt,Day,Day_scene_003160,000000000000000025
Day_scene_003161_000000000000000025.png,Day_scene_003161_000000000000000025.txt,Day,Day_scene_003161,000000000000000025
Day_scene_003163_000000000000000025.png,Day_scene_003163_000000000000000025.txt,Day,Day_scene_003163,000000000000000025
Day_scene_003169_000000000000000025.png,Day_scene_003169_000000000000000025.txt,Day,Day_scene_003169,000000000000000025
Day_scene_003171_000000000000000025.png,Day_scene_003171_000000000000000025.txt,Day,Day_scene_003171,000000000000000025
Day_scene_003174_000000000000000025.png,Day_scene_003174_000000000000000025.txt,Day,Day_scene_003174,000000000000000025
Day_scene_003177_000000000000000025.png,Day_scene_003177_000000000000000025.txt,Day,Day_scene_003177,000000000000000025
Day_scene_003179_000000000000000025.png,Day_scene_003179_000000000000000025.txt,Day,Day_scene_003179,000000000000000025
Day_scene_003182_000000000000000025.png,Day_scene_003182_000000000000000025.txt,Day,Day_scene_003182,000000000000000025
Day_scene_003186_000000000000000025.png,Day_scene_003186_000000000000000025.txt,Day,Day_scene_003186,000000000000000025
Day_scene_003188_000000000000000025.png,Day_scene_003188_000000000000000025.txt,Day,Day_scene_003188,000000000000000025
Day_scene_003189_000000000000000025.png,Day_scene_003189_000000000000000025.txt,Day,Day_scene_003189,000000000000000025
Day_scene_003192_000000000000000025.png,Day_scene_003192_000000000000000025.txt,Day,Day_scene_003192,000000000000000025
Day_scene_003193_000000000000000025.png,Day_scene_003193_000000000000000025.txt,Day,Day_scene_003193,000000000000000025
Day_scene_003194_000000000000000025.png,Day_scene_003194_000000000000000025.txt,Day,Day_scene_003194,000000000000000025
Day_scene_003197_000000000000000025.png,Day_scene_003197_000000000000000025.txt,Day,Day_scene_003197,000000000000000025
Day_scene_003204_000000000000000025.png,Day_scene_003204_000000000000000025.txt,Day,Day_scene_003204,000000000000000025
Day_scene_003205_000000000000000025.png,Day_scene_003205_000000000000000025.txt,Day,Day_scene_003205,000000000000000025
Day_scene_003209_000000000000000025.png,Day_scene_003209_000000000000000025.txt,Day,Day_scene_003209,000000000000000025
Day_scene_003210_000000000000000025.png,Day_scene_003210_000000000000000025.txt,Day,Day_scene_003210,000000000000000025
Day_scene_003216_000000000000000025.png,Day_scene_003216_000000000000000025.txt,Day,Day_scene_003216,000000000000000025
Day_scene_003217_000000000000000025.png,Day_scene_003217_000000000000000025.txt,Day,Day_scene_003217,000000000000000025
Day_scene_003220_000000000000000025.png,Day_scene_003220_000000000000000025.txt,Day,Day_scene_003220,000000000000000025
Day_scene_003222_000000000000000025.png,Day_scene_003222_000000000000000025.txt,Day,Day_scene_003222,000000000000000025
Day_scene_003223_000000000000000025.png,Day_scene_003223_000000000000000025.txt,Day,Day_scene_003223,000000000000000025
Day_scene_003225_000000000000000025.png,Day_scene_003225_000000000000000025.txt,Day,Day_scene_003225,000000000000000025
Day_scene_003227_000000000000000025.png,Day_scene_003227_000000000000000025.txt,Day,Day_scene_003227,000000000000000025
Day_scene_003229_000000000000000025.png,Day_scene_003229_000000000000000025.txt,Day,Day_scene_003229,000000000000000025
Day_scene_003230_000000000000000025.png,Day_scene_003230_000000000000000025.txt,Day,Day_scene_003230,000000000000000025
Day_scene_003234_000000000000000025.png,Day_scene_003234_000000000000000025.txt,Day,Day_scene_003234,000000000000000025
Day_scene_003236_000000000000000025.png,Day_scene_003236_000000000000000025.txt,Day,Day_scene_003236,000000000000000025
Day_scene_003237_000000000000000025.png,Day_scene_003237_000000000000000025.txt,Day,Day_scene_003237,000000000000000025
Day_scene_003238_000000000000000025.png,Day_scene_003238_000000000000000025.txt,Day,Day_scene_003238,000000000000000025
Day_scene_003239_000000000000000025.png,Day_scene_003239_000000000000000025.txt,Day,Day_scene_003239,000000000000000025
Day_scene_003242_000000000000000025.png,Day_scene_003242_000000000000000025.txt,Day,Day_scene_003242,000000000000000025
Day_scene_003243_000000000000000025.png,Day_scene_003243_000000000000000025.txt,Day,Day_scene_003243,000000000000000025
Day_scene_003244_000000000000000025.png,Day_scene_003244_000000000000000025.txt,Day,Day_scene_003244,000000000000000025
Day_scene_003245_000000000000000025.png,Day_scene_003245_000000000000000025.txt,Day,Day_scene_003245,000000000000000025
Day_scene_003247_000000000000000025.png,Day_scene_003247_000000000000000025.txt,Day,Day_scene_003247,000000000000000025
Day_scene_003248_000000000000000025.png,Day_scene_003248_000000000000000025.txt,Day,Day_scene_003248,000000000000000025
Day_scene_003251_000000000000000025.png,Day_scene_003251_000000000000000025.txt,Day,Day_scene_003251,000000000000000025
Day_scene_003254_000000000000000025.png,Day_scene_003254_000000000000000025.txt,Day,Day_scene_003254,000000000000000025
Day_scene_003256_000000000000000025.png,Day_scene_003256_000000000000000025.txt,Day,Day_scene_003256,000000000000000025
Day_scene_003257_000000000000000025.png,Day_scene_003257_000000000000000025.txt,Day,Day_scene_003257,000000000000000025
Day_scene_003259_000000000000000025.png,Day_scene_003259_000000000000000025.txt,Day,Day_scene_003259,000000000000000025
Day_scene_003260_000000000000000025.png,Day_scene_003260_000000000000000025.txt,Day,Day_scene_003260,000000000000000025
Day_scene_003264_000000000000000025.png,Day_scene_003264_000000000000000025.txt,Day,Day_scene_003264,000000000000000025
Day_scene_003267_000000000000000025.png,Day_scene_003267_000000000000000025.txt,Day,Day_scene_003267,000000000000000025
Day_scene_003268_000000000000000025.png,Day_scene_003268_000000000000000025.txt,Day,Day_scene_003268,000000000000000025
Day_scene_003273_000000000000000025.png,Day_scene_003273_000000000000000025.txt,Day,Day_scene_003273,000000000000000025
Day_scene_003274_000000000000000025.png,Day_scene_003274_000000000000000025.txt,Day,Day_scene_003274,000000000000000025
Day_scene_003275_000000000000000025.png,Day_scene_003275_000000000000000025.txt,Day,Day_scene_003275,000000000000000025
Day_scene_003276_000000000000000025.png,Day_scene_003276_000000000000000025.txt,Day,Day_scene_003276,000000000000000025
Day_scene_003278_000000000000000025.png,Day_scene_003278_000000000000000025.txt,Day,Day_scene_003278,000000000000000025
Day_scene_003279_000000000000000025.png,Day_scene_003279_000000000000000025.txt,Day,Day_scene_003279,000000000000000025
Day_scene_003280_000000000000000025.png,Day_scene_003280_000000000000000025.txt,Day,Day_scene_003280,000000000000000025
Day_scene_003281_000000000000000025.png,Day_scene_003281_000000000000000025.txt,Day,Day_scene_003281,000000000000000025
Day_scene_003284_000000000000000025.png,Day_scene_003284_000000000000000025.txt,Day,Day_scene_003284,000000000000000025
Day_scene_003285_000000000000000025.png,Day_scene_003285_000000000000000025.txt,Day,Day_scene_003285,000000000000000025
Day_scene_003288_000000000000000025.png,Day_scene_003288_000000000000000025.txt,Day,Day_scene_003288,000000000000000025
Day_scene_003291_000000000000000025.png,Day_scene_003291_000000000000000025.txt,Day,Day_scene_003291,000000000000000025
Day_scene_003293_000000000000000025.png,Day_scene_003293_000000000000000025.txt,Day,Day_scene_003293,000000000000000025
Day_scene_003294_000000000000000025.png,Day_scene_003294_000000000000000025.txt,Day,Day_scene_003294,000000000000000025
Day_scene_003296_000000000000000025.png,Day_scene_003296_000000000000000025.txt,Day,Day_scene_003296,000000000000000025
Day_scene_003297_000000000000000025.png,Day_scene_003297_000000000000000025.txt,Day,Day_scene_003297,000000000000000025
Day_scene_003302_000000000000000025.png,Day_scene_003302_000000000000000025.txt,Day,Day_scene_003302,000000000000000025
Day_scene_003304_000000000000000025.png,Day_scene_003304_000000000000000025.txt,Day,Day_scene_003304,000000000000000025
Day_scene_003305_000000000000000025.png,Day_scene_003305_000000000000000025.txt,Day,Day_scene_003305,000000000000000025
Day_scene_003307_000000000000000025.png,Day_scene_003307_000000000000000025.txt,Day,Day_scene_003307,000000000000000025
Day_scene_003308_000000000000000025.png,Day_scene_003308_000000000000000025.txt,Day,Day_scene_003308,000000000000000025
Day_scene_003314_000000000000000025.png,Day_scene_003314_000000000000000025.txt,Day,Day_scene_003314,000000000000000025
Day_scene_003315_000000000000000025.png,Day_scene_003315_000000000000000025.txt,Day,Day_scene_003315,000000000000000025
Day_scene_003316_000000000000000025.png,Day_scene_003316_000000000000000025.txt,Day,Day_scene_003316,000000000000000025
Day_scene_003317_000000000000000025.png,Day_scene_003317_000000000000000025.txt,Day,Day_scene_003317,000000000000000025
Day_scene_003319_000000000000000025.png,Day_scene_003319_000000000000000025.txt,Day,Day_scene_003319,000000000000000025
Day_scene_003322_000000000000000025.png,Day_scene_003322_000000000000000025.txt,Day,Day_scene_003322,000000000000000025
Day_scene_003324_000000000000000025.png,Day_scene_003324_000000000000000025.txt,Day,Day_scene_003324,000000000000000025
Day_scene_003326_000000000000000025.png,Day_scene_003326_000000000000000025.txt,Day,Day_scene_003326,000000000000000025
Day_scene_003327_000000000000000025.png,Day_scene_003327_000000000000000025.txt,Day,Day_scene_003327,000000000000000025
Day_scene_003331_000000000000000025.png,Day_scene_003331_000000000000000025.txt,Day,Day_scene_003331,000000000000000025
Day_scene_003335_000000000000000025.png,Day_scene_003335_000000000000000025.txt,Day,Day_scene_003335,000000000000000025
Day_scene_003337_000000000000000025.png,Day_scene_003337_000000000000000025.txt,Day,Day_scene_003337,000000000000000025
Day_scene_003338_000000000000000025.png,Day_scene_003338_000000000000000025.txt,Day,Day_scene_003338,000000000000000025
Day_scene_003346_000000000000000025.png,Day_scene_003346_000000000000000025.txt,Day,Day_scene_003346,000000000000000025
Day_scene_003347_000000000000000025.png,Day_scene_003347_000000000000000025.txt,Day,Day_scene_003347,000000000000000025
Day_scene_003353_000000000000000025.png,Day_scene_003353_000000000000000025.txt,Day,Day_scene_003353,000000000000000025
Day_scene_003355_000000000000000025.png,Day_scene_003355_000000000000000025.txt,Day,Day_scene_003355,000000000000000025
Day_scene_003359_000000000000000025.png,Day_scene_003359_000000000000000025.txt,Day,Day_scene_003359,000000000000000025
Day_scene_003366_000000000000000025.png,Day_scene_003366_000000000000000025.txt,Day,Day_scene_003366,000000000000000025
Day_scene_003368_000000000000000025.png,Day_scene_003368_000000000000000025.txt,Day,Day_scene_003368,000000000000000025
Day_scene_003372_000000000000000025.png,Day_scene_003372_000000000000000025.txt,Day,Day_scene_003372,000000000000000025
Day_scene_003377_000000000000000025.png,Day_scene_003377_000000000000000025.txt,Day,Day_scene_003377,000000000000000025
Day_scene_003380_000000000000000025.png,Day_scene_003380_000000000000000025.txt,Day,Day_scene_003380,000000000000000025
Day_scene_003381_000000000000000025.png,Day_scene_003381_000000000000000025.txt,Day,Day_scene_003381,000000000000000025
Day_scene_003382_000000000000000025.png,Day_scene_003382_000000000000000025.txt,Day,Day_scene_003382,000000000000000025
Day_scene_003390_000000000000000025.png,Day_scene_003390_000000000000000025.txt,Day,Day_scene_003390,000000000000000025
Day_scene_003391_000000000000000025.png,Day_scene_003391_000000000000000025.txt,Day,Day_scene_003391,000000000000000025
Day_scene_003392_000000000000000025.png,Day_scene_003392_000000000000000025.txt,Day,Day_scene_003392,000000000000000025
Day_scene_003396_000000000000000025.png,Day_scene_003396_000000000000000025.txt,Day,Day_scene_003396,000000000000000025
Day_scene_003398_000000000000000025.png,Day_scene_003398_000000000000000025.txt,Day,Day_scene_003398,000000000000000025
Day_scene_003399_000000000000000025.png,Day_scene_003399_000000000000000025.txt,Day,Day_scene_003399,000000000000000025
Day_scene_003401_000000000000000025.png,Day_scene_003401_000000000000000025.txt,Day,Day_scene_003401,000000000000000025
Day_scene_003406_000000000000000025.png,Day_scene_003406_000000000000000025.txt,Day,Day_scene_003406,000000000000000025
Day_scene_003409_000000000000000025.png,Day_scene_003409_000000000000000025.txt,Day,Day_scene_003409,000000000000000025
Day_scene_003411_000000000000000025.png,Day_scene_003411_000000000000000025.txt,Day,Day_scene_003411,000000000000000025
Day_scene_003412_000000000000000025.png,Day_scene_003412_000000000000000025.txt,Day,Day_scene_003412,000000000000000025
Day_scene_003413_000000000000000025.png,Day_scene_003413_000000000000000025.txt,Day,Day_scene_003413,000000000000000025
Day_scene_003416_000000000000000025.png,Day_scene_003416_000000000000000025.txt,Day,Day_scene_003416,000000000000000025
Day_scene_003417_000000000000000025.png,Day_scene_003417_000000000000000025.txt,Day,Day_scene_003417,000000000000000025
Day_scene_003419_000000000000000025.png,Day_scene_003419_000000000000000025.txt,Day,Day_scene_003419,000000000000000025
Day_scene_003420_000000000000000025.png,Day_scene_003420_000000000000000025.txt,Day,Day_scene_003420,000000000000000025
Day_scene_003421_000000000000000025.png,Day_scene_003421_000000000000000025.txt,Day,Day_scene_003421,000000000000000025
Day_scene_003423_000000000000000025.png,Day_scene_003423_000000000000000025.txt,Day,Day_scene_003423,000000000000000025
Day_scene_003424_000000000000000025.png,Day_scene_003424_000000000000000025.txt,Day,Day_scene_003424,000000000000000025
Day_scene_003425_000000000000000025.png,Day_scene_003425_000000000000000025.txt,Day,Day_scene_003425,000000000000000025
Day_scene_003428_000000000000000025.png,Day_scene_003428_000000000000000025.txt,Day,Day_scene_003428,000000000000000025
Day_scene_003429_000000000000000025.png,Day_scene_003429_000000000000000025.txt,Day,Day_scene_003429,000000000000000025
Day_scene_003430_000000000000000025.png,Day_scene_003430_000000000000000025.txt,Day,Day_scene_003430,000000000000000025
Day_scene_003433_000000000000000025.png,Day_scene_003433_000000000000000025.txt,Day,Day_scene_003433,000000000000000025
Day_scene_003435_000000000000000025.png,Day_scene_003435_000000000000000025.txt,Day,Day_scene_003435,000000000000000025
Day_scene_003437_000000000000000025.png,Day_scene_003437_000000000000000025.txt,Day,Day_scene_003437,000000000000000025
Day_scene_003438_000000000000000025.png,Day_scene_003438_000000000000000025.txt,Day,Day_scene_003438,000000000000000025
Day_scene_003439_000000000000000025.png,Day_scene_003439_000000000000000025.txt,Day,Day_scene_003439,000000000000000025
Day_scene_003443_000000000000000025.png,Day_scene_003443_000000000000000025.txt,Day,Day_scene_003443,000000000000000025
Day_scene_003444_000000000000000025.png,Day_scene_003444_000000000000000025.txt,Day,Day_scene_003444,000000000000000025
Day_scene_003445_000000000000000025.png,Day_scene_003445_000000000000000025.txt,Day,Day_scene_003445,000000000000000025
Day_scene_003446_000000000000000025.png,Day_scene_003446_000000000000000025.txt,Day,Day_scene_003446,000000000000000025
Day_scene_003451_000000000000000025.png,Day_scene_003451_000000000000000025.txt,Day,Day_scene_003451,000000000000000025
Day_scene_003454_000000000000000025.png,Day_scene_003454_000000000000000025.txt,Day,Day_scene_003454,000000000000000025
Day_scene_003456_000000000000000025.png,Day_scene_003456_000000000000000025.txt,Day,Day_scene_003456,000000000000000025
Day_scene_003457_000000000000000025.png,Day_scene_003457_000000000000000025.txt,Day,Day_scene_003457,000000000000000025
Day_scene_003458_000000000000000025.png,Day_scene_003458_000000000000000025.txt,Day,Day_scene_003458,000000000000000025
Day_scene_003459_000000000000000025.png,Day_scene_003459_000000000000000025.txt,Day,Day_scene_003459,000000000000000025
Day_scene_003462_000000000000000025.png,Day_scene_003462_000000000000000025.txt,Day,Day_scene_003462,000000000000000025
Day_scene_003465_000000000000000025.png,Day_scene_003465_000000000000000025.txt,Day,Day_scene_003465,000000000000000025
Day_scene_003466_000000000000000025.png,Day_scene_003466_000000000000000025.txt,Day,Day_scene_003466,000000000000000025
Day_scene_003471_000000000000000025.png,Day_scene_003471_000000000000000025.txt,Day,Day_scene_003471,000000000000000025
Day_scene_003473_000000000000000025.png,Day_scene_003473_000000000000000025.txt,Day,Day_scene_003473,000000000000000025
Day_scene_003475_000000000000000025.png,Day_scene_003475_000000000000000025.txt,Day,Day_scene_003475,000000000000000025
Day_scene_003476_000000000000000025.png,Day_scene_003476_000000000000000025.txt,Day,Day_scene_003476,000000000000000025
Day_scene_003483_000000000000000025.png,Day_scene_003483_000000000000000025.txt,Day,Day_scene_003483,000000000000000025
Day_scene_003484_000000000000000025.png,Day_scene_003484_000000000000000025.txt,Day,Day_scene_003484,000000000000000025
Day_scene_003486_000000000000000025.png,Day_scene_003486_000000000000000025.txt,Day,Day_scene_003486,000000000000000025
Day_scene_003490_000000000000000025.png,Day_scene_003490_000000000000000025.txt,Day,Day_scene_003490,000000000000000025
Day_scene_003492_000000000000000025.png,Day_scene_003492_000000000000000025.txt,Day,Day_scene_003492,000000000000000025
Day_scene_003494_000000000000000025.png,Day_scene_003494_000000000000000025.txt,Day,Day_scene_003494,000000000000000025
Day_scene_003497_000000000000000025.png,Day_scene_003497_000000000000000025.txt,Day,Day_scene_003497,000000000000000025
Day_scene_003498_000000000000000025.png,Day_scene_003498_000000000000000025.txt,Day,Day_scene_003498,000000000000000025
Day_scene_003500_000000000000000025.png,Day_scene_003500_000000000000000025.txt,Day,Day_scene_003500,000000000000000025
Day_scene_003503_000000000000000025.png,Day_scene_003503_000000000000000025.txt,Day,Day_scene_003503,000000000000000025
Day_scene_003506_000000000000000025.png,Day_scene_003506_000000000000000025.txt,Day,Day_scene_003506,000000000000000025
Day_scene_003507_000000000000000025.png,Day_scene_003507_000000000000000025.txt,Day,Day_scene_003507,000000000000000025
Day_scene_003509_000000000000000025.png,Day_scene_003509_000000000000000025.txt,Day,Day_scene_003509,000000000000000025
Day_scene_003518_000000000000000025.png,Day_scene_003518_000000000000000025.txt,Day,Day_scene_003518,000000000000000025
Day_scene_003522_000000000000000025.png,Day_scene_003522_000000000000000025.txt,Day,Day_scene_003522,000000000000000025
Day_scene_003523_000000000000000025.png,Day_scene_003523_000000000000000025.txt,Day,Day_scene_003523,000000000000000025
Day_scene_003525_000000000000000025.png,Day_scene_003525_000000000000000025.txt,Day,Day_scene_003525,000000000000000025
Day_scene_003533_000000000000000025.png,Day_scene_003533_000000000000000025.txt,Day,Day_scene_003533,000000000000000025
Day_scene_003535_000000000000000025.png,Day_scene_003535_000000000000000025.txt,Day,Day_scene_003535,000000000000000025
Day_scene_003536_000000000000000025.png,Day_scene_003536_000000000000000025.txt,Day,Day_scene_003536,000000000000000025
Day_scene_003540_000000000000000025.png,Day_scene_003540_000000000000000025.txt,Day,Day_scene_003540,000000000000000025
Day_scene_003541_000000000000000025.png,Day_scene_003541_000000000000000025.txt,Day,Day_scene_003541,000000000000000025
Day_scene_003542_000000000000000025.png,Day_scene_003542_000000000000000025.txt,Day,Day_scene_003542,000000000000000025
Day_scene_003543_000000000000000025.png,Day_scene_003543_000000000000000025.txt,Day,Day_scene_003543,000000000000000025
Day_scene_003544_000000000000000025.png,Day_scene_003544_000000000000000025.txt,Day,Day_scene_003544,000000000000000025
Day_scene_003545_000000000000000025.png,Day_scene_003545_000000000000000025.txt,Day,Day_scene_003545,000000000000000025
Day_scene_003550_000000000000000025.png,Day_scene_003550_000000000000000025.txt,Day,Day_scene_003550,000000000000000025
Day_scene_003554_000000000000000025.png,Day_scene_003554_000000000000000025.txt,Day,Day_scene_003554,000000000000000025
Day_scene_003558_000000000000000025.png,Day_scene_003558_000000000000000025.txt,Day,Day_scene_003558,000000000000000025
Day_scene_003561_000000000000000025.png,Day_scene_003561_000000000000000025.txt,Day,Day_scene_003561,000000000000000025
Day_scene_003569_000000000000000025.png,Day_scene_003569_000000000000000025.txt,Day,Day_scene_003569,000000000000000025
Day_scene_003577_000000000000000025.png,Day_scene_003577_000000000000000025.txt,Day,Day_scene_003577,000000000000000025
Day_scene_003581_000000000000000025.png,Day_scene_003581_000000000000000025.txt,Day,Day_scene_003581,000000000000000025
Day_scene_003586_000000000000000025.png,Day_scene_003586_000000000000000025.txt,Day,Day_scene_003586,000000000000000025
Day_scene_003587_000000000000000025.png,Day_scene_003587_000000000000000025.txt,Day,Day_scene_003587,000000000000000025
Day_scene_003588_000000000000000025.png,Day_scene_003588_000000000000000025.txt,Day,Day_scene_003588,000000000000000025
Day_scene_003589_000000000000000025.png,Day_scene_003589_000000000000000025.txt,Day,Day_scene_003589,000000000000000025
Day_scene_003590_000000000000000025.png,Day_scene_003590_000000000000000025.txt,Day,Day_scene_003590,000000000000000025
Day_scene_003595_000000000000000025.png,Day_scene_003595_000000000000000025.txt,Day,Day_scene_003595,000000000000000025
Day_scene_003598_000000000000000025.png,Day_scene_003598_000000000000000025.txt,Day,Day_scene_003598,000000000000000025
Day_scene_003600_000000000000000025.png,Day_scene_003600_000000000000000025.txt,Day,Day_scene_003600,000000000000000025
Day_scene_003608_000000000000000025.png,Day_scene_003608_000000000000000025.txt,Day,Day_scene_003608,000000000000000025
Day_scene_003613_000000000000000025.png,Day_scene_003613_000000000000000025.txt,Day,Day_scene_003613,000000000000000025
Day_scene_003615_000000000000000025.png,Day_scene_003615_000000000000000025.txt,Day,Day_scene_003615,000000000000000025
Day_scene_003616_000000000000000025.png,Day_scene_003616_000000000000000025.txt,Day,Day_scene_003616,000000000000000025
Day_scene_003618_000000000000000025.png,Day_scene_003618_000000000000000025.txt,Day,Day_scene_003618,000000000000000025
Day_scene_003619_000000000000000025.png,Day_scene_003619_000000000000000025.txt,Day,Day_scene_003619,000000000000000025
Day_scene_003621_000000000000000025.png,Day_scene_003621_000000000000000025.txt,Day,Day_scene_003621,000000000000000025
Day_scene_003622_000000000000000025.png,Day_scene_003622_000000000000000025.txt,Day,Day_scene_003622,000000000000000025
Day_scene_003625_000000000000000025.png,Day_scene_003625_000000000000000025.txt,Day,Day_scene_003625,000000000000000025
Day_scene_003631_000000000000000025.png,Day_scene_003631_000000000000000025.txt,Day,Day_scene_003631,000000000000000025
Day_scene_003634_000000000000000025.png,Day_scene_003634_000000000000000025.txt,Day,Day_scene_003634,000000000000000025
Day_scene_003637_000000000000000025.png,Day_scene_003637_000000000000000025.txt,Day,Day_scene_003637,000000000000000025
Day_scene_003638_000000000000000025.png,Day_scene_003638_000000000000000025.txt,Day,Day_scene_003638,000000000000000025
Day_scene_003639_000000000000000025.png,Day_scene_003639_000000000000000025.txt,Day,Day_scene_003639,000000000000000025
Day_scene_003641_000000000000000025.png,Day_scene_003641_000000000000000025.txt,Day,Day_scene_003641,000000000000000025
Day_scene_003642_000000000000000025.png,Day_scene_003642_000000000000000025.txt,Day,Day_scene_003642,000000000000000025
Day_scene_003644_000000000000000025.png,Day_scene_003644_000000000000000025.txt,Day,Day_scene_003644,000000000000000025
Day_scene_003650_000000000000000025.png,Day_scene_003650_000000000000000025.txt,Day,Day_scene_003650,000000000000000025
Day_scene_003651_000000000000000025.png,Day_scene_003651_000000000000000025.txt,Day,Day_scene_003651,000000000000000025
Day_scene_003656_000000000000000025.png,Day_scene_003656_000000000000000025.txt,Day,Day_scene_003656,000000000000000025
Day_scene_003661_000000000000000025.png,Day_scene_003661_000000000000000025.txt,Day,Day_scene_003661,000000000000000025
Day_scene_003667_000000000000000025.png,Day_scene_003667_000000000000000025.txt,Day,Day_scene_003667,000000000000000025
Day_scene_003668_000000000000000025.png,Day_scene_003668_000000000000000025.txt,Day,Day_scene_003668,000000000000000025
Day_scene_003671_000000000000000025.png,Day_scene_003671_000000000000000025.txt,Day,Day_scene_003671,000000000000000025
Day_scene_003676_000000000000000025.png,Day_scene_003676_000000000000000025.txt,Day,Day_scene_003676,000000000000000025
Day_scene_003677_000000000000000025.png,Day_scene_003677_000000000000000025.txt,Day,Day_scene_003677,000000000000000025
Day_scene_003680_000000000000000025.png,Day_scene_003680_000000000000000025.txt,Day,Day_scene_003680,000000000000000025
Day_scene_003681_000000000000000025.png,Day_scene_003681_000000000000000025.txt,Day,Day_scene_003681,000000000000000025
Day_scene_003682_000000000000000025.png,Day_scene_003682_000000000000000025.txt,Day,Day_scene_003682,000000000000000025
Day_scene_003684_000000000000000025.png,Day_scene_003684_000000000000000025.txt,Day,Day_scene_003684,000000000000000025
Day_scene_003685_000000000000000025.png,Day_scene_003685_000000000000000025.txt,Day,Day_scene_003685,000000000000000025
Day_scene_003691_000000000000000025.png,Day_scene_003691_000000000000000025.txt,Day,Day_scene_003691,000000000000000025
Day_scene_003692_000000000000000025.png,Day_scene_003692_000000000000000025.txt,Day,Day_scene_003692,000000000000000025
Day_scene_003694_000000000000000025.png,Day_scene_003694_000000000000000025.txt,Day,Day_scene_003694,000000000000000025
Day_scene_003695_000000000000000025.png,Day_scene_003695_000000000000000025.txt,Day,Day_scene_003695,000000000000000025
Day_scene_003696_000000000000000025.png,Day_scene_003696_000000000000000025.txt,Day,Day_scene_003696,000000000000000025
Day_scene_003697_000000000000000025.png,Day_scene_003697_000000000000000025.txt,Day,Day_scene_003697,000000000000000025
Day_scene_003701_000000000000000025.png,Day_scene_003701_000000000000000025.txt,Day,Day_scene_003701,000000000000000025
Day_scene_003704_000000000000000025.png,Day_scene_003704_000000000000000025.txt,Day,Day_scene_003704,000000000000000025
Day_scene_003707_000000000000000025.png,Day_scene_003707_000000000000000025.txt,Day,Day_scene_003707,000000000000000025
Day_scene_003709_000000000000000025.png,Day_scene_003709_000000000000000025.txt,Day,Day_scene_003709,000000000000000025
Day_scene_003711_000000000000000025.png,Day_scene_003711_000000000000000025.txt,Day,Day_scene_003711,000000000000000025
Day_scene_003717_000000000000000025.png,Day_scene_003717_000000000000000025.txt,Day,Day_scene_003717,000000000000000025
Day_scene_003720_000000000000000025.png,Day_scene_003720_000000000000000025.txt,Day,Day_scene_003720,000000000000000025
Day_scene_003721_000000000000000025.png,Day_scene_003721_000000000000000025.txt,Day,Day_scene_003721,000000000000000025
Day_scene_003722_000000000000000025.png,Day_scene_003722_000000000000000025.txt,Day,Day_scene_003722,000000000000000025
Day_scene_003724_000000000000000025.png,Day_scene_003724_000000000000000025.txt,Day,Day_scene_003724,000000000000000025
Day_scene_003726_000000000000000025.png,Day_scene_003726_000000000000000025.txt,Day,Day_scene_003726,000000000000000025
Day_scene_003732_000000000000000025.png,Day_scene_003732_000000000000000025.txt,Day,Day_scene_003732,000000000000000025
Day_scene_003734_000000000000000025.png,Day_scene_003734_000000000000000025.txt,Day,Day_scene_003734,000000000000000025
Day_scene_003735_000000000000000025.png,Day_scene_003735_000000000000000025.txt,Day,Day_scene_003735,000000000000000025
Day_scene_003736_000000000000000025.png,Day_scene_003736_000000000000000025.txt,Day,Day_scene_003736,000000000000000025
Day_scene_003738_000000000000000025.png,Day_scene_003738_000000000000000025.txt,Day,Day_scene_003738,000000000000000025
Day_scene_003740_000000000000000025.png,Day_scene_003740_000000000000000025.txt,Day,Day_scene_003740,000000000000000025
Day_scene_003741_000000000000000025.png,Day_scene_003741_000000000000000025.txt,Day,Day_scene_003741,000000000000000025
Day_scene_003743_000000000000000025.png,Day_scene_003743_000000000000000025.txt,Day,Day_scene_003743,000000000000000025
Day_scene_003744_000000000000000025.png,Day_scene_003744_000000000000000025.txt,Day,Day_scene_003744,000000000000000025
Day_scene_003745_000000000000000025.png,Day_scene_003745_000000000000000025.txt,Day,Day_scene_003745,000000000000000025
Day_scene_003746_000000000000000025.png,Day_scene_003746_000000000000000025.txt,Day,Day_scene_003746,000000000000000025
Day_scene_003747_000000000000000025.png,Day_scene_003747_000000000000000025.txt,Day,Day_scene_003747,000000000000000025
Day_scene_003748_000000000000000025.png,Day_scene_003748_000000000000000025.txt,Day,Day_scene_003748,000000000000000025
Day_scene_003753_000000000000000025.png,Day_scene_003753_000000000000000025.txt,Day,Day_scene_003753,000000000000000025
Day_scene_003756_000000000000000025.png,Day_scene_003756_000000000000000025.txt,Day,Day_scene_003756,000000000000000025
Day_scene_003757_000000000000000025.png,Day_scene_003757_000000000000000025.txt,Day,Day_scene_003757,000000000000000025
Day_scene_003759_000000000000000025.png,Day_scene_003759_000000000000000025.txt,Day,Day_scene_003759,000000000000000025
Day_scene_003761_000000000000000025.png,Day_scene_003761_000000000000000025.txt,Day,Day_scene_003761,000000000000000025
Day_scene_003764_000000000000000025.png,Day_scene_003764_000000000000000025.txt,Day,Day_scene_003764,000000000000000025
Day_scene_003765_000000000000000025.png,Day_scene_003765_000000000000000025.txt,Day,Day_scene_003765,000000000000000025
Day_scene_003767_000000000000000025.png,Day_scene_003767_000000000000000025.txt,Day,Day_scene_003767,000000000000000025
Day_scene_003768_000000000000000025.png,Day_scene_003768_000000000000000025.txt,Day,Day_scene_003768,000000000000000025
Day_scene_003775_000000000000000025.png,Day_scene_003775_000000000000000025.txt,Day,Day_scene_003775,000000000000000025
Day_scene_003776_000000000000000025.png,Day_scene_003776_000000000000000025.txt,Day,Day_scene_003776,000000000000000025
Day_scene_003777_000000000000000025.png,Day_scene_003777_000000000000000025.txt,Day,Day_scene_003777,000000000000000025
Day_scene_003779_000000000000000025.png,Day_scene_003779_000000000000000025.txt,Day,Day_scene_003779,000000000000000025
Day_scene_003781_000000000000000025.png,Day_scene_003781_000000000000000025.txt,Day,Day_scene_003781,000000000000000025
Day_scene_003783_000000000000000025.png,Day_scene_003783_000000000000000025.txt,Day,Day_scene_003783,000000000000000025
Day_scene_003784_000000000000000025.png,Day_scene_003784_000000000000000025.txt,Day,Day_scene_003784,000000000000000025
Day_scene_003785_000000000000000025.png,Day_scene_003785_000000000000000025.txt,Day,Day_scene_003785,000000000000000025
Day_scene_003787_000000000000000025.png,Day_scene_003787_000000000000000025.txt,Day,Day_scene_003787,000000000000000025
Day_scene_003794_000000000000000025.png,Day_scene_003794_000000000000000025.txt,Day,Day_scene_003794,000000000000000025
Day_scene_003798_000000000000000025.png,Day_scene_003798_000000000000000025.txt,Day,Day_scene_003798,000000000000000025
Day_scene_003799_000000000000000025.png,Day_scene_003799_000000000000000025.txt,Day,Day_scene_003799,000000000000000025
Day_scene_003800_000000000000000025.png,Day_scene_003800_000000000000000025.txt,Day,Day_scene_003800,000000000000000025
Day_scene_003801_000000000000000025.png,Day_scene_003801_000000000000000025.txt,Day,Day_scene_003801,000000000000000025
Day_scene_003807_000000000000000025.png,Day_scene_003807_000000000000000025.txt,Day,Day_scene_003807,000000000000000025
Day_scene_003809_000000000000000025.png,Day_scene_003809_000000000000000025.txt,Day,Day_scene_003809,000000000000000025
Day_scene_003814_000000000000000025.png,Day_scene_003814_000000000000000025.txt,Day,Day_scene_003814,000000000000000025
Day_scene_003815_000000000000000025.png,Day_scene_003815_000000000000000025.txt,Day,Day_scene_003815,000000000000000025
Day_scene_003816_000000000000000025.png,Day_scene_003816_000000000000000025.txt,Day,Day_scene_003816,000000000000000025
Day_scene_003817_000000000000000025.png,Day_scene_003817_000000000000000025.txt,Day,Day_scene_003817,000000000000000025
Day_scene_003819_000000000000000025.png,Day_scene_003819_000000000000000025.txt,Day,Day_scene_003819,000000000000000025
Day_scene_003821_000000000000000025.png,Day_scene_003821_000000000000000025.txt,Day,Day_scene_003821,000000000000000025
Day_scene_003823_000000000000000025.png,Day_scene_003823_000000000000000025.txt,Day,Day_scene_003823,000000000000000025
Day_scene_003824_000000000000000025.png,Day_scene_003824_000000000000000025.txt,Day,Day_scene_003824,000000000000000025
Day_scene_003825_000000000000000025.png,Day_scene_003825_000000000000000025.txt,Day,Day_scene_003825,000000000000000025
Day_scene_003827_000000000000000025.png,Day_scene_003827_000000000000000025.txt,Day,Day_scene_003827,000000000000000025
Day_scene_003829_000000000000000025.png,Day_scene_003829_000000000000000025.txt,Day,Day_scene_003829,000000000000000025
Day_scene_003832_000000000000000025.png,Day_scene_003832_000000000000000025.txt,Day,Day_scene_003832,000000000000000025
Day_scene_003840_000000000000000025.png,Day_scene_003840_000000000000000025.txt,Day,Day_scene_003840,000000000000000025
Day_scene_003841_000000000000000025.png,Day_scene_003841_000000000000000025.txt,Day,Day_scene_003841,000000000000000025
Day_scene_003842_000000000000000025.png,Day_scene_003842_000000000000000025.txt,Day,Day_scene_003842,000000000000000025
Day_scene_003845_000000000000000025.png,Day_scene_003845_000000000000000025.txt,Day,Day_scene_003845,000000000000000025
Day_scene_003847_000000000000000025.png,Day_scene_003847_000000000000000025.txt,Day,Day_scene_003847,000000000000000025
Day_scene_003848_000000000000000025.png,Day_scene_003848_000000000000000025.txt,Day,Day_scene_003848,000000000000000025
Day_scene_003849_000000000000000025.png,Day_scene_003849_000000000000000025.txt,Day,Day_scene_003849,000000000000000025
Day_scene_003850_000000000000000025.png,Day_scene_003850_000000000000000025.txt,Day,Day_scene_003850,000000000000000025
Day_scene_003851_000000000000000025.png,Day_scene_003851_000000000000000025.txt,Day,Day_scene_003851,000000000000000025
Day_scene_003853_000000000000000025.png,Day_scene_003853_000000000000000025.txt,Day,Day_scene_003853,000000000000000025
Day_scene_003856_000000000000000025.png,Day_scene_003856_000000000000000025.txt,Day,Day_scene_003856,000000000000000025
Day_scene_003859_000000000000000025.png,Day_scene_003859_000000000000000025.txt,Day,Day_scene_003859,000000000000000025
Day_scene_003863_000000000000000025.png,Day_scene_003863_000000000000000025.txt,Day,Day_scene_003863,000000000000000025
Day_scene_003865_000000000000000025.png,Day_scene_003865_000000000000000025.txt,Day,Day_scene_003865,000000000000000025
Day_scene_003866_000000000000000025.png,Day_scene_003866_000000000000000025.txt,Day,Day_scene_003866,000000000000000025
Day_scene_003874_000000000000000025.png,Day_scene_003874_000000000000000025.txt,Day,Day_scene_003874,000000000000000025
Day_scene_003875_000000000000000025.png,Day_scene_003875_000000000000000025.txt,Day,Day_scene_003875,000000000000000025
Day_scene_003877_000000000000000025.png,Day_scene_003877_000000000000000025.txt,Day,Day_scene_003877,000000000000000025
Day_scene_003878_000000000000000025.png,Day_scene_003878_000000000000000025.txt,Day,Day_scene_003878,000000000000000025
Day_scene_003882_000000000000000025.png,Day_scene_003882_000000000000000025.txt,Day,Day_scene_003882,000000000000000025
Day_scene_003883_000000000000000025.png,Day_scene_003883_000000000000000025.txt,Day,Day_scene_003883,000000000000000025
Day_scene_003884_000000000000000025.png,Day_scene_003884_000000000000000025.txt,Day,Day_scene_003884,000000000000000025
Day_scene_003887_000000000000000025.png,Day_scene_003887_000000000000000025.txt,Day,Day_scene_003887,000000000000000025
Day_scene_003889_000000000000000025.png,Day_scene_003889_000000000000000025.txt,Day,Day_scene_003889,000000000000000025
Day_scene_003891_000000000000000025.png,Day_scene_003891_000000000000000025.txt,Day,Day_scene_003891,000000000000000025
Day_scene_003897_000000000000000025.png,Day_scene_003897_000000000000000025.txt,Day,Day_scene_003897,000000000000000025
Day_scene_003901_000000000000000025.png,Day_scene_003901_000000000000000025.txt,Day,Day_scene_003901,000000000000000025
Day_scene_003905_000000000000000025.png,Day_scene_003905_000000000000000025.txt,Day,Day_scene_003905,000000000000000025
Day_scene_003906_000000000000000025.png,Day_scene_003906_000000000000000025.txt,Day,Day_scene_003906,000000000000000025
Day_scene_003911_000000000000000025.png,Day_scene_003911_000000000000000025.txt,Day,Day_scene_003911,000000000000000025
Day_scene_003913_000000000000000025.png,Day_scene_003913_000000000000000025.txt,Day,Day_scene_003913,000000000000000025
Day_scene_003914_000000000000000025.png,Day_scene_003914_000000000000000025.txt,Day,Day_scene_003914,000000000000000025
Day_scene_003916_000000000000000025.png,Day_scene_003916_000000000000000025.txt,Day,Day_scene_003916,000000000000000025
Day_scene_003918_000000000000000025.png,Day_scene_003918_000000000000000025.txt,Day,Day_scene_003918,000000000000000025
Day_scene_003922_000000000000000025.png,Day_scene_003922_000000000000000025.txt,Day,Day_scene_003922,000000000000000025
Day_scene_003926_000000000000000025.png,Day_scene_003926_000000000000000025.txt,Day,Day_scene_003926,000000000000000025
Day_scene_003928_000000000000000025.png,Day_scene_003928_000000000000000025.txt,Day,Day_scene_003928,000000000000000025
Day_scene_003929_000000000000000025.png,Day_scene_003929_000000000000000025.txt,Day,Day_scene_003929,000000000000000025
Day_scene_003932_000000000000000025.png,Day_scene_003932_000000000000000025.txt,Day,Day_scene_003932,000000000000000025
Day_scene_003933_000000000000000025.png,Day_scene_003933_000000000000000025.txt,Day,Day_scene_003933,000000000000000025
Day_scene_003941_000000000000000025.png,Day_scene_003941_000000000000000025.txt,Day,Day_scene_003941,000000000000000025
Day_scene_003943_000000000000000025.png,Day_scene_003943_000000000000000025.txt,Day,Day_scene_003943,000000000000000025
Day_scene_003944_000000000000000025.png,Day_scene_003944_000000000000000025.txt,Day,Day_scene_003944,000000000000000025
Day_scene_003946_000000000000000025.png,Day_scene_003946_000000000000000025.txt,Day,Day_scene_003946,000000000000000025
Day_scene_003949_000000000000000025.png,Day_scene_003949_000000000000000025.txt,Day,Day_scene_003949,000000000000000025
Day_scene_003950_000000000000000025.png,Day_scene_003950_000000000000000025.txt,Day,Day_scene_003950,000000000000000025
Day_scene_003951_000000000000000025.png,Day_scene_003951_000000000000000025.txt,Day,Day_scene_003951,000000000000000025
Day_scene_003953_000000000000000025.png,Day_scene_003953_000000000000000025.txt,Day,Day_scene_003953,000000000000000025
Day_scene_003954_000000000000000025.png,Day_scene_003954_000000000000000025.txt,Day,Day_scene_003954,000000000000000025
Day_scene_003956_000000000000000025.png,Day_scene_003956_000000000000000025.txt,Day,Day_scene_003956,000000000000000025
Day_scene_003958_000000000000000025.png,Day_scene_003958_000000000000000025.txt,Day,Day_scene_003958,000000000000000025
Day_scene_003960_000000000000000025.png,Day_scene_003960_000000000000000025.txt,Day,Day_scene_003960,000000000000000025
Day_scene_003961_000000000000000025.png,Day_scene_003961_000000000000000025.txt,Day,Day_scene_003961,000000000000000025
Day_scene_003964_000000000000000025.png,Day_scene_003964_000000000000000025.txt,Day,Day_scene_003964,000000000000000025
Day_scene_003966_000000000000000025.png,Day_scene_003966_000000000000000025.txt,Day,Day_scene_003966,000000000000000025
Day_scene_003968_000000000000000025.png,Day_scene_003968_000000000000000025.txt,Day,Day_scene_003968,000000000000000025
Day_scene_003969_000000000000000025.png,Day_scene_003969_000000000000000025.txt,Day,Day_scene_003969,000000000000000025
Day_scene_003973_000000000000000025.png,Day_scene_003973_000000000000000025.txt,Day,Day_scene_003973,000000000000000025
Day_scene_003974_000000000000000025.png,Day_scene_003974_000000000000000025.txt,Day,Day_scene_003974,000000000000000025
Day_scene_003976_000000000000000025.png,Day_scene_003976_000000000000000025.txt,Day,Day_scene_003976,000000000000000025
Day_scene_003980_000000000000000025.png,Day_scene_003980_000000000000000025.txt,Day,Day_scene_003980,000000000000000025
Day_scene_003989_000000000000000025.png,Day_scene_003989_000000000000000025.txt,Day,Day_scene_003989,000000000000000025
Day_scene_003991_000000000000000025.png,Day_scene_003991_000000000000000025.txt,Day,Day_scene_003991,000000000000000025
Day_scene_003992_000000000000000025.png,Day_scene_003992_000000000000000025.txt,Day,Day_scene_003992,000000000000000025
Day_scene_003994_000000000000000025.png,Day_scene_003994_000000000000000025.txt,Day,Day_scene_003994,000000000000000025
Day_scene_003995_000000000000000025.png,Day_scene_003995_000000000000000025.txt,Day,Day_scene_003995,000000000000000025
Day_scene_003996_000000000000000025.png,Day_scene_003996_000000000000000025.txt,Day,Day_scene_003996,000000000000000025
Day_scene_003997_000000000000000025.png,Day_scene_003997_000000000000000025.txt,Day,Day_scene_003997,000000000000000025
Day_scene_003999_000000000000000025.png,Day_scene_003999_000000000000000025.txt,Day,Day_scene_003999,000000000000000025
Day_scene_004000_000000000000000025.png,Day_scene_004000_000000000000000025.txt,Day,Day_scene_004000,000000000000000025
Day_scene_004001_000000000000000025.png,Day_scene_004001_000000000000000025.txt,Day,Day_scene_004001,000000000000000025
Day_scene_004004_000000000000000025.png,Day_scene_004004_000000000000000025.txt,Day,Day_scene_004004,000000000000000025
Day_scene_004005_000000000000000025.png,Day_scene_004005_000000000000000025.txt,Day,Day_scene_004005,000000000000000025
Day_scene_004006_000000000000000025.png,Day_scene_004006_000000000000000025.txt,Day,Day_scene_004006,000000000000000025
Day_scene_004009_000000000000000025.png,Day_scene_004009_000000000000000025.txt,Day,Day_scene_004009,000000000000000025
Day_scene_004012_000000000000000025.png,Day_scene_004012_000000000000000025.txt,Day,Day_scene_004012,000000000000000025
Day_scene_004013_000000000000000025.png,Day_scene_004013_000000000000000025.txt,Day,Day_scene_004013,000000000000000025
Day_scene_004015_000000000000000025.png,Day_scene_004015_000000000000000025.txt,Day,Day_scene_004015,000000000000000025
Day_scene_004019_000000000000000025.png,Day_scene_004019_000000000000000025.txt,Day,Day_scene_004019,000000000000000025
Day_scene_004026_000000000000000025.png,Day_scene_004026_000000000000000025.txt,Day,Day_scene_004026,000000000000000025
Day_scene_004029_000000000000000025.png,Day_scene_004029_000000000000000025.txt,Day,Day_scene_004029,000000000000000025
Day_scene_004033_000000000000000025.png,Day_scene_004033_000000000000000025.txt,Day,Day_scene_004033,000000000000000025
Day_scene_004038_000000000000000025.png,Day_scene_004038_000000000000000025.txt,Day,Day_scene_004038,000000000000000025
Day_scene_004039_000000000000000025.png,Day_scene_004039_000000000000000025.txt,Day,Day_scene_004039,000000000000000025
Day_scene_004040_000000000000000025.png,Day_scene_004040_000000000000000025.txt,Day,Day_scene_004040,000000000000000025
Day_scene_004041_000000000000000025.png,Day_scene_004041_000000000000000025.txt,Day,Day_scene_004041,000000000000000025
Day_scene_004042_000000000000000025.png,Day_scene_004042_000000000000000025.txt,Day,Day_scene_004042,000000000000000025
Day_scene_004045_000000000000000025.png,Day_scene_004045_000000000000000025.txt,Day,Day_scene_004045,000000000000000025
Day_scene_004046_000000000000000025.png,Day_scene_004046_000000000000000025.txt,Day,Day_scene_004046,000000000000000025
Day_scene_004048_000000000000000025.png,Day_scene_004048_000000000000000025.txt,Day,Day_scene_004048,000000000000000025
Day_scene_004049_000000000000000025.png,Day_scene_004049_000000000000000025.txt,Day,Day_scene_004049,000000000000000025
Day_scene_004050_000000000000000025.png,Day_scene_004050_000000000000000025.txt,Day,Day_scene_004050,000000000000000025
Day_scene_004051_000000000000000025.png,Day_scene_004051_000000000000000025.txt,Day,Day_scene_004051,000000000000000025
Day_scene_004052_000000000000000025.png,Day_scene_004052_000000000000000025.txt,Day,Day_scene_004052,000000000000000025
Day_scene_004062_000000000000000025.png,Day_scene_004062_000000000000000025.txt,Day,Day_scene_004062,000000000000000025
Day_scene_004063_000000000000000025.png,Day_scene_004063_000000000000000025.txt,Day,Day_scene_004063,000000000000000025
Day_scene_004064_000000000000000025.png,Day_scene_004064_000000000000000025.txt,Day,Day_scene_004064,000000000000000025
Day_scene_004065_000000000000000025.png,Day_scene_004065_000000000000000025.txt,Day,Day_scene_004065,000000000000000025
Day_scene_004068_000000000000000025.png,Day_scene_004068_000000000000000025.txt,Day,Day_scene_004068,000000000000000025
Day_scene_004074_000000000000000025.png,Day_scene_004074_000000000000000025.txt,Day,Day_scene_004074,000000000000000025
Day_scene_004076_000000000000000025.png,Day_scene_004076_000000000000000025.txt,Day,Day_scene_004076,000000000000000025
Day_scene_004083_000000000000000025.png,Day_scene_004083_000000000000000025.txt,Day,Day_scene_004083,000000000000000025
Day_scene_004086_000000000000000025.png,Day_scene_004086_000000000000000025.txt,Day,Day_scene_004086,000000000000000025
Day_scene_004089_000000000000000025.png,Day_scene_004089_000000000000000025.txt,Day,Day_scene_004089,000000000000000025
Day_scene_004091_000000000000000025.png,Day_scene_004091_000000000000000025.txt,Day,Day_scene_004091,000000000000000025
Day_scene_004093_000000000000000025.png,Day_scene_004093_000000000000000025.txt,Day,Day_scene_004093,000000000000000025
Day_scene_004094_000000000000000025.png,Day_scene_004094_000000000000000025.txt,Day,Day_scene_004094,000000000000000025
Day_scene_004100_000000000000000025.png,Day_scene_004100_000000000000000025.txt,Day,Day_scene_004100,000000000000000025
Day_scene_004101_000000000000000025.png,Day_scene_004101_000000000000000025.txt,Day,Day_scene_004101,000000000000000025
Day_scene_004105_000000000000000025.png,Day_scene_004105_000000000000000025.txt,Day,Day_scene_004105,000000000000000025
Day_scene_004106_000000000000000025.png,Day_scene_004106_000000000000000025.txt,Day,Day_scene_004106,000000000000000025
Day_scene_004107_000000000000000025.png,Day_scene_004107_000000000000000025.txt,Day,Day_scene_004107,000000000000000025
Day_scene_004108_000000000000000025.png,Day_scene_004108_000000000000000025.txt,Day,Day_scene_004108,000000000000000025
Day_scene_004111_000000000000000025.png,Day_scene_004111_000000000000000025.txt,Day,Day_scene_004111,000000000000000025
Day_scene_004113_000000000000000025.png,Day_scene_004113_000000000000000025.txt,Day,Day_scene_004113,000000000000000025
Day_scene_004115_000000000000000025.png,Day_scene_004115_000000000000000025.txt,Day,Day_scene_004115,000000000000000025
Day_scene_004117_000000000000000025.png,Day_scene_004117_000000000000000025.txt,Day,Day_scene_004117,000000000000000025
Day_scene_004118_000000000000000025.png,Day_scene_004118_000000000000000025.txt,Day,Day_scene_004118,000000000000000025
Day_scene_004121_000000000000000025.png,Day_scene_004121_000000000000000025.txt,Day,Day_scene_004121,000000000000000025
Day_scene_004122_000000000000000025.png,Day_scene_004122_000000000000000025.txt,Day,Day_scene_004122,000000000000000025
Day_scene_004123_000000000000000025.png,Day_scene_004123_000000000000000025.txt,Day,Day_scene_004123,000000000000000025
Day_scene_004129_000000000000000025.png,Day_scene_004129_000000000000000025.txt,Day,Day_scene_004129,000000000000000025
Day_scene_004130_000000000000000025.png,Day_scene_004130_000000000000000025.txt,Day,Day_scene_004130,000000000000000025
Day_scene_004131_000000000000000025.png,Day_scene_004131_000000000000000025.txt,Day,Day_scene_004131,000000000000000025
Day_scene_004132_000000000000000025.png,Day_scene_004132_000000000000000025.txt,Day,Day_scene_004132,000000000000000025
Day_scene_004136_000000000000000025.png,Day_scene_004136_000000000000000025.txt,Day,Day_scene_004136,000000000000000025
Day_scene_004138_000000000000000025.png,Day_scene_004138_000000000000000025.txt,Day,Day_scene_004138,000000000000000025
Day_scene_004145_000000000000000025.png,Day_scene_004145_000000000000000025.txt,Day,Day_scene_004145,000000000000000025
Day_scene_004147_000000000000000025.png,Day_scene_004147_000000000000000025.txt,Day,Day_scene_004147,000000000000000025
Day_scene_004152_000000000000000025.png,Day_scene_004152_000000000000000025.txt,Day,Day_scene_004152,000000000000000025
Day_scene_004153_000000000000000025.png,Day_scene_004153_000000000000000025.txt,Day,Day_scene_004153,000000000000000025
Day_scene_004154_000000000000000025.png,Day_scene_004154_000000000000000025.txt,Day,Day_scene_004154,000000000000000025
Day_scene_004155_000000000000000025.png,Day_scene_004155_000000000000000025.txt,Day,Day_scene_004155,000000000000000025
Day_scene_004156_000000000000000025.png,Day_scene_004156_000000000000000025.txt,Day,Day_scene_004156,000000000000000025
Day_scene_004157_000000000000000025.png,Day_scene_004157_000000000000000025.txt,Day,Day_scene_004157,000000000000000025
Day_scene_004161_000000000000000025.png,Day_scene_004161_000000000000000025.txt,Day,Day_scene_004161,000000000000000025
Day_scene_004162_000000000000000025.png,Day_scene_004162_000000000000000025.txt,Day,Day_scene_004162,000000000000000025
Day_scene_004166_000000000000000025.png,Day_scene_004166_000000000000000025.txt,Day,Day_scene_004166,000000000000000025
Day_scene_004171_000000000000000025.png,Day_scene_004171_000000000000000025.txt,Day,Day_scene_004171,000000000000000025
Day_scene_004173_000000000000000025.png,Day_scene_004173_000000000000000025.txt,Day,Day_scene_004173,000000000000000025
Day_scene_004174_000000000000000025.png,Day_scene_004174_000000000000000025.txt,Day,Day_scene_004174,000000000000000025
Day_scene_004175_000000000000000025.png,Day_scene_004175_000000000000000025.txt,Day,Day_scene_004175,000000000000000025
Day_scene_004177_000000000000000025.png,Day_scene_004177_000000000000000025.txt,Day,Day_scene_004177,000000000000000025
Day_scene_004178_000000000000000025.png,Day_scene_004178_000000000000000025.txt,Day,Day_scene_004178,000000000000000025
Day_scene_004179_000000000000000025.png,Day_scene_004179_000000000000000025.txt,Day,Day_scene_004179,000000000000000025
Day_scene_004181_000000000000000025.png,Day_scene_004181_000000000000000025.txt,Day,Day_scene_004181,000000000000000025
Day_scene_004186_000000000000000025.png,Day_scene_004186_000000000000000025.txt,Day,Day_scene_004186,000000000000000025
Day_scene_004190_000000000000000025.png,Day_scene_004190_000000000000000025.txt,Day,Day_scene_004190,000000000000000025
Day_scene_004191_000000000000000025.png,Day_scene_004191_000000000000000025.txt,Day,Day_scene_004191,000000000000000025
Day_scene_004192_000000000000000025.png,Day_scene_004192_000000000000000025.txt,Day,Day_scene_004192,000000000000000025
Day_scene_004194_000000000000000025.png,Day_scene_004194_000000000000000025.txt,Day,Day_scene_004194,000000000000000025
Day_scene_004199_000000000000000025.png,Day_scene_004199_000000000000000025.txt,Day,Day_scene_004199,000000000000000025
Day_scene_004201_000000000000000025.png,Day_scene_004201_000000000000000025.txt,Day,Day_scene_004201,000000000000000025
Day_scene_004202_000000000000000025.png,Day_scene_004202_000000000000000025.txt,Day,Day_scene_004202,000000000000000025
Day_scene_004203_000000000000000025.png,Day_scene_004203_000000000000000025.txt,Day,Day_scene_004203,000000000000000025
Day_scene_004205_000000000000000025.png,Day_scene_004205_000000000000000025.txt,Day,Day_scene_004205,000000000000000025
Day_scene_004210_000000000000000025.png,Day_scene_004210_000000000000000025.txt,Day,Day_scene_004210,000000000000000025
Day_scene_004212_000000000000000025.png,Day_scene_004212_000000000000000025.txt,Day,Day_scene_004212,000000000000000025
Day_scene_004213_000000000000000025.png,Day_scene_004213_000000000000000025.txt,Day,Day_scene_004213,000000000000000025
Day_scene_004214_000000000000000025.png,Day_scene_004214_000000000000000025.txt,Day,Day_scene_004214,000000000000000025
Day_scene_004216_000000000000000025.png,Day_scene_004216_000000000000000025.txt,Day,Day_scene_004216,000000000000000025
Day_scene_004218_000000000000000025.png,Day_scene_004218_000000000000000025.txt,Day,Day_scene_004218,000000000000000025
Day_scene_004220_000000000000000025.png,Day_scene_004220_000000000000000025.txt,Day,Day_scene_004220,000000000000000025
Day_scene_004226_000000000000000025.png,Day_scene_004226_000000000000000025.txt,Day,Day_scene_004226,000000000000000025
Day_scene_004228_000000000000000025.png,Day_scene_004228_000000000000000025.txt,Day,Day_scene_004228,000000000000000025
Day_scene_004229_000000000000000025.png,Day_scene_004229_000000000000000025.txt,Day,Day_scene_004229,000000000000000025
Day_scene_004237_000000000000000025.png,Day_scene_004237_000000000000000025.txt,Day,Day_scene_004237,000000000000000025
Day_scene_004238_000000000000000025.png,Day_scene_004238_000000000000000025.txt,Day,Day_scene_004238,000000000000000025
Day_scene_004242_000000000000000025.png,Day_scene_004242_000000000000000025.txt,Day,Day_scene_004242,000000000000000025
Day_scene_004246_000000000000000025.png,Day_scene_004246_000000000000000025.txt,Day,Day_scene_004246,000000000000000025
Day_scene_004251_000000000000000025.png,Day_scene_004251_000000000000000025.txt,Day,Day_scene_004251,000000000000000025
Day_scene_004252_000000000000000025.png,Day_scene_004252_000000000000000025.txt,Day,Day_scene_004252,000000000000000025
Day_scene_004254_000000000000000025.png,Day_scene_004254_000000000000000025.txt,Day,Day_scene_004254,000000000000000025
Day_scene_004258_000000000000000025.png,Day_scene_004258_000000000000000025.txt,Day,Day_scene_004258,000000000000000025
Day_scene_004259_000000000000000025.png,Day_scene_004259_000000000000000025.txt,Day,Day_scene_004259,000000000000000025
Day_scene_004262_000000000000000025.png,Day_scene_004262_000000000000000025.txt,Day,Day_scene_004262,000000000000000025
Day_scene_004272_000000000000000025.png,Day_scene_004272_000000000000000025.txt,Day,Day_scene_004272,000000000000000025
Day_scene_004273_000000000000000025.png,Day_scene_004273_000000000000000025.txt,Day,Day_scene_004273,000000000000000025
Day_scene_004274_000000000000000025.png,Day_scene_004274_000000000000000025.txt,Day,Day_scene_004274,000000000000000025
Day_scene_004278_000000000000000025.png,Day_scene_004278_000000000000000025.txt,Day,Day_scene_004278,000000000000000025
Day_scene_004280_000000000000000025.png,Day_scene_004280_000000000000000025.txt,Day,Day_scene_004280,000000000000000025
Day_scene_004281_000000000000000025.png,Day_scene_004281_000000000000000025.txt,Day,Day_scene_004281,000000000000000025
Day_scene_004282_000000000000000025.png,Day_scene_004282_000000000000000025.txt,Day,Day_scene_004282,000000000000000025
Day_scene_004284_000000000000000025.png,Day_scene_004284_000000000000000025.txt,Day,Day_scene_004284,000000000000000025
Day_scene_004285_000000000000000025.png,Day_scene_004285_000000000000000025.txt,Day,Day_scene_004285,000000000000000025
Day_scene_004286_000000000000000025.png,Day_scene_004286_000000000000000025.txt,Day,Day_scene_004286,000000000000000025
Day_scene_004287_000000000000000025.png,Day_scene_004287_000000000000000025.txt,Day,Day_scene_004287,000000000000000025
Day_scene_004288_000000000000000025.png,Day_scene_004288_000000000000000025.txt,Day,Day_scene_004288,000000000000000025
Day_scene_004291_000000000000000025.png,Day_scene_004291_000000000000000025.txt,Day,Day_scene_004291,000000000000000025
Day_scene_004293_000000000000000025.png,Day_scene_004293_000000000000000025.txt,Day,Day_scene_004293,000000000000000025
Day_scene_004295_000000000000000025.png,Day_scene_004295_000000000000000025.txt,Day,Day_scene_004295,000000000000000025
Day_scene_004297_000000000000000025.png,Day_scene_004297_000000000000000025.txt,Day,Day_scene_004297,000000000000000025
Day_scene_004298_000000000000000025.png,Day_scene_004298_000000000000000025.txt,Day,Day_scene_004298,000000000000000025
Day_scene_004301_000000000000000025.png,Day_scene_004301_000000000000000025.txt,Day,Day_scene_004301,000000000000000025
Day_scene_004303_000000000000000025.png,Day_scene_004303_000000000000000025.txt,Day,Day_scene_004303,000000000000000025
Day_scene_004305_000000000000000025.png,Day_scene_004305_000000000000000025.txt,Day,Day_scene_004305,000000000000000025
Day_scene_004307_000000000000000025.png,Day_scene_004307_000000000000000025.txt,Day,Day_scene_004307,000000000000000025
Day_scene_004309_000000000000000025.png,Day_scene_004309_000000000000000025.txt,Day,Day_scene_004309,000000000000000025
Day_scene_004311_000000000000000025.png,Day_scene_004311_000000000000000025.txt,Day,Day_scene_004311,000000000000000025
Day_scene_004313_000000000000000025.png,Day_scene_004313_000000000000000025.txt,Day,Day_scene_004313,000000000000000025
Day_scene_004314_000000000000000025.png,Day_scene_004314_000000000000000025.txt,Day,Day_scene_004314,000000000000000025
Day_scene_004315_000000000000000025.png,Day_scene_004315_000000000000000025.txt,Day,Day_scene_004315,000000000000000025
Day_scene_004321_000000000000000025.png,Day_scene_004321_000000000000000025.txt,Day,Day_scene_004321,000000000000000025
Day_scene_004325_000000000000000025.png,Day_scene_004325_000000000000000025.txt,Day,Day_scene_004325,000000000000000025
Day_scene_004327_000000000000000025.png,Day_scene_004327_000000000000000025.txt,Day,Day_scene_004327,000000000000000025
Day_scene_004330_000000000000000025.png,Day_scene_004330_000000000000000025.txt,Day,Day_scene_004330,000000000000000025
Day_scene_004336_000000000000000025.png,Day_scene_004336_000000000000000025.txt,Day,Day_scene_004336,000000000000000025
Day_scene_004338_000000000000000025.png,Day_scene_004338_000000000000000025.txt,Day,Day_scene_004338,000000000000000025
Day_scene_004340_000000000000000025.png,Day_scene_004340_000000000000000025.txt,Day,Day_scene_004340,000000000000000025
Day_scene_004345_000000000000000025.png,Day_scene_004345_000000000000000025.txt,Day,Day_scene_004345,000000000000000025
Day_scene_004347_000000000000000025.png,Day_scene_004347_000000000000000025.txt,Day,Day_scene_004347,000000000000000025
Day_scene_004348_000000000000000025.png,Day_scene_004348_000000000000000025.txt,Day,Day_scene_004348,000000000000000025
Day_scene_004349_000000000000000025.png,Day_scene_004349_000000000000000025.txt,Day,Day_scene_004349,000000000000000025
Day_scene_004350_000000000000000025.png,Day_scene_004350_000000000000000025.txt,Day,Day_scene_004350,000000000000000025
Day_scene_004351_000000000000000025.png,Day_scene_004351_000000000000000025.txt,Day,Day_scene_004351,000000000000000025
Day_scene_004355_000000000000000025.png,Day_scene_004355_000000000000000025.txt,Day,Day_scene_004355,000000000000000025
Day_scene_004356_000000000000000025.png,Day_scene_004356_000000000000000025.txt,Day,Day_scene_004356,000000000000000025
Day_scene_004359_000000000000000025.png,Day_scene_004359_000000000000000025.txt,Day,Day_scene_004359,000000000000000025
Day_scene_004362_000000000000000025.png,Day_scene_004362_000000000000000025.txt,Day,Day_scene_004362,000000000000000025
Day_scene_004365_000000000000000025.png,Day_scene_004365_000000000000000025.txt,Day,Day_scene_004365,000000000000000025
Day_scene_004367_000000000000000025.png,Day_scene_004367_000000000000000025.txt,Day,Day_scene_004367,000000000000000025
Day_scene_004368_000000000000000025.png,Day_scene_004368_000000000000000025.txt,Day,Day_scene_004368,000000000000000025
Day_scene_004369_000000000000000025.png,Day_scene_004369_000000000000000025.txt,Day,Day_scene_004369,000000000000000025
Day_scene_004370_000000000000000025.png,Day_scene_004370_000000000000000025.txt,Day,Day_scene_004370,000000000000000025
Day_scene_004376_000000000000000025.png,Day_scene_004376_000000000000000025.txt,Day,Day_scene_004376,000000000000000025
Day_scene_004379_000000000000000025.png,Day_scene_004379_000000000000000025.txt,Day,Day_scene_004379,000000000000000025
Day_scene_004380_000000000000000025.png,Day_scene_004380_000000000000000025.txt,Day,Day_scene_004380,000000000000000025
Day_scene_004383_000000000000000025.png,Day_scene_004383_000000000000000025.txt,Day,Day_scene_004383,000000000000000025
Day_scene_004385_000000000000000025.png,Day_scene_004385_000000000000000025.txt,Day,Day_scene_004385,000000000000000025
Day_scene_004387_000000000000000025.png,Day_scene_004387_000000000000000025.txt,Day,Day_scene_004387,000000000000000025
Day_scene_004390_000000000000000025.png,Day_scene_004390_000000000000000025.txt,Day,Day_scene_004390,000000000000000025
Day_scene_004392_000000000000000025.png,Day_scene_004392_000000000000000025.txt,Day,Day_scene_004392,000000000000000025
Day_scene_004398_000000000000000025.png,Day_scene_004398_000000000000000025.txt,Day,Day_scene_004398,000000000000000025
Day_scene_004399_000000000000000025.png,Day_scene_004399_000000000000000025.txt,Day,Day_scene_004399,000000000000000025
Day_scene_004400_000000000000000025.png,Day_scene_004400_000000000000000025.txt,Day,Day_scene_004400,000000000000000025
Day_scene_004401_000000000000000025.png,Day_scene_004401_000000000000000025.txt,Day,Day_scene_004401,000000000000000025
Day_scene_004407_000000000000000025.png,Day_scene_004407_000000000000000025.txt,Day,Day_scene_004407,000000000000000025
Day_scene_004410_000000000000000025.png,Day_scene_004410_000000000000000025.txt,Day,Day_scene_004410,000000000000000025
Day_scene_004411_000000000000000025.png,Day_scene_004411_000000000000000025.txt,Day,Day_scene_004411,000000000000000025
Day_scene_004413_000000000000000025.png,Day_scene_004413_000000000000000025.txt,Day,Day_scene_004413,000000000000000025
Day_scene_004414_000000000000000025.png,Day_scene_004414_000000000000000025.txt,Day,Day_scene_004414,000000000000000025
Day_scene_004415_000000000000000025.png,Day_scene_004415_000000000000000025.txt,Day,Day_scene_004415,000000000000000025
Day_scene_004417_000000000000000025.png,Day_scene_004417_000000000000000025.txt,Day,Day_scene_004417,000000000000000025
Day_scene_004420_000000000000000025.png,Day_scene_004420_000000000000000025.txt,Day,Day_scene_004420,000000000000000025
Day_scene_004422_000000000000000025.png,Day_scene_004422_000000000000000025.txt,Day,Day_scene_004422,000000000000000025
Day_scene_004423_000000000000000025.png,Day_scene_004423_000000000000000025.txt,Day,Day_scene_004423,000000000000000025
Day_scene_004426_000000000000000025.png,Day_scene_004426_000000000000000025.txt,Day,Day_scene_004426,000000000000000025
Day_scene_004428_000000000000000025.png,Day_scene_004428_000000000000000025.txt,Day,Day_scene_004428,000000000000000025
Day_scene_004430_000000000000000025.png,Day_scene_004430_000000000000000025.txt,Day,Day_scene_004430,000000000000000025
Day_scene_004431_000000000000000025.png,Day_scene_004431_000000000000000025.txt,Day,Day_scene_004431,000000000000000025
Day_scene_004432_000000000000000025.png,Day_scene_004432_000000000000000025.txt,Day,Day_scene_004432,000000000000000025
Day_scene_004437_000000000000000025.png,Day_scene_004437_000000000000000025.txt,Day,Day_scene_004437,000000000000000025
Day_scene_004438_000000000000000025.png,Day_scene_004438_000000000000000025.txt,Day,Day_scene_004438,000000000000000025
Day_scene_004439_000000000000000025.png,Day_scene_004439_000000000000000025.txt,Day,Day_scene_004439,000000000000000025
Day_scene_004445_000000000000000025.png,Day_scene_004445_000000000000000025.txt,Day,Day_scene_004445,000000000000000025
Day_scene_004449_000000000000000025.png,Day_scene_004449_000000000000000025.txt,Day,Day_scene_004449,000000000000000025
Day_scene_004455_000000000000000025.png,Day_scene_004455_000000000000000025.txt,Day,Day_scene_004455,000000000000000025
Day_scene_004456_000000000000000025.png,Day_scene_004456_000000000000000025.txt,Day,Day_scene_004456,000000000000000025
Day_scene_004460_000000000000000025.png,Day_scene_004460_000000000000000025.txt,Day,Day_scene_004460,000000000000000025
Day_scene_004461_000000000000000025.png,Day_scene_004461_000000000000000025.txt,Day,Day_scene_004461,000000000000000025
Day_scene_004462_000000000000000025.png,Day_scene_004462_000000000000000025.txt,Day,Day_scene_004462,000000000000000025
Day_scene_004463_000000000000000025.png,Day_scene_004463_000000000000000025.txt,Day,Day_scene_004463,000000000000000025
Day_scene_004465_000000000000000025.png,Day_scene_004465_000000000000000025.txt,Day,Day_scene_004465,000000000000000025
Day_scene_004467_000000000000000025.png,Day_scene_004467_000000000000000025.txt,Day,Day_scene_004467,000000000000000025
Day_scene_004469_000000000000000025.png,Day_scene_004469_000000000000000025.txt,Day,Day_scene_004469,000000000000000025
Day_scene_004470_000000000000000025.png,Day_scene_004470_000000000000000025.txt,Day,Day_scene_004470,000000000000000025
Day_scene_004471_000000000000000025.png,Day_scene_004471_000000000000000025.txt,Day,Day_scene_004471,000000000000000025
Day_scene_004474_000000000000000025.png,Day_scene_004474_000000000000000025.txt,Day,Day_scene_004474,000000000000000025
Day_scene_004475_000000000000000025.png,Day_scene_004475_000000000000000025.txt,Day,Day_scene_004475,000000000000000025
Day_scene_004478_000000000000000025.png,Day_scene_004478_000000000000000025.txt,Day,Day_scene_004478,000000000000000025
Day_scene_004479_000000000000000025.png,Day_scene_004479_000000000000000025.txt,Day,Day_scene_004479,000000000000000025
Day_scene_004481_000000000000000025.png,Day_scene_004481_000000000000000025.txt,Day,Day_scene_004481,000000000000000025
Day_scene_004483_000000000000000025.png,Day_scene_004483_000000000000000025.txt,Day,Day_scene_004483,000000000000000025
Day_scene_004489_000000000000000025.png,Day_scene_004489_000000000000000025.txt,Day,Day_scene_004489,000000000000000025
Day_scene_004490_000000000000000025.png,Day_scene_004490_000000000000000025.txt,Day,Day_scene_004490,000000000000000025
Day_scene_004496_000000000000000025.png,Day_scene_004496_000000000000000025.txt,Day,Day_scene_004496,000000000000000025
Day_scene_004497_000000000000000025.png,Day_scene_004497_000000000000000025.txt,Day,Day_scene_004497,000000000000000025
Day_scene_004502_000000000000000025.png,Day_scene_004502_000000000000000025.txt,Day,Day_scene_004502,000000000000000025
Day_scene_004507_000000000000000025.png,Day_scene_004507_000000000000000025.txt,Day,Day_scene_004507,000000000000000025
Day_scene_004510_000000000000000025.png,Day_scene_004510_000000000000000025.txt,Day,Day_scene_004510,000000000000000025
Day_scene_004514_000000000000000025.png,Day_scene_004514_000000000000000025.txt,Day,Day_scene_004514,000000000000000025
Day_scene_004515_000000000000000025.png,Day_scene_004515_000000000000000025.txt,Day,Day_scene_004515,000000000000000025
Day_scene_004518_000000000000000025.png,Day_scene_004518_000000000000000025.txt,Day,Day_scene_004518,000000000000000025
Day_scene_004521_000000000000000025.png,Day_scene_004521_000000000000000025.txt,Day,Day_scene_004521,000000000000000025
Day_scene_004523_000000000000000025.png,Day_scene_004523_000000000000000025.txt,Day,Day_scene_004523,000000000000000025
Day_scene_004528_000000000000000025.png,Day_scene_004528_000000000000000025.txt,Day,Day_scene_004528,000000000000000025
Day_scene_004529_000000000000000025.png,Day_scene_004529_000000000000000025.txt,Day,Day_scene_004529,000000000000000025
Day_scene_004530_000000000000000025.png,Day_scene_004530_000000000000000025.txt,Day,Day_scene_004530,000000000000000025
Day_scene_004531_000000000000000025.png,Day_scene_004531_000000000000000025.txt,Day,Day_scene_004531,000000000000000025
Day_scene_004532_000000000000000025.png,Day_scene_004532_000000000000000025.txt,Day,Day_scene_004532,000000000000000025
Day_scene_004536_000000000000000025.png,Day_scene_004536_000000000000000025.txt,Day,Day_scene_004536,000000000000000025
Day_scene_004537_000000000000000025.png,Day_scene_004537_000000000000000025.txt,Day,Day_scene_004537,000000000000000025
Day_scene_004539_000000000000000025.png,Day_scene_004539_000000000000000025.txt,Day,Day_scene_004539,000000000000000025
Day_scene_004541_000000000000000025.png,Day_scene_004541_000000000000000025.txt,Day,Day_scene_004541,000000000000000025
Day_scene_004542_000000000000000025.png,Day_scene_004542_000000000000000025.txt,Day,Day_scene_004542,000000000000000025
Day_scene_004544_000000000000000025.png,Day_scene_004544_000000000000000025.txt,Day,Day_scene_004544,000000000000000025
Day_scene_004551_000000000000000025.png,Day_scene_004551_000000000000000025.txt,Day,Day_scene_004551,000000000000000025
Day_scene_004558_000000000000000025.png,Day_scene_004558_000000000000000025.txt,Day,Day_scene_004558,000000000000000025
Day_scene_004561_000000000000000025.png,Day_scene_004561_000000000000000025.txt,Day,Day_scene_004561,000000000000000025
Day_scene_004562_000000000000000025.png,Day_scene_004562_000000000000000025.txt,Day,Day_scene_004562,000000000000000025
Day_scene_004563_000000000000000025.png,Day_scene_004563_000000000000000025.txt,Day,Day_scene_004563,000000000000000025
Day_scene_004564_000000000000000025.png,Day_scene_004564_000000000000000025.txt,Day,Day_scene_004564,000000000000000025
Day_scene_004567_000000000000000025.png,Day_scene_004567_000000000000000025.txt,Day,Day_scene_004567,000000000000000025
Day_scene_004572_000000000000000025.png,Day_scene_004572_000000000000000025.txt,Day,Day_scene_004572,000000000000000025
Day_scene_004575_000000000000000025.png,Day_scene_004575_000000000000000025.txt,Day,Day_scene_004575,000000000000000025
Day_scene_004577_000000000000000025.png,Day_scene_004577_000000000000000025.txt,Day,Day_scene_004577,000000000000000025
Day_scene_004579_000000000000000025.png,Day_scene_004579_000000000000000025.txt,Day,Day_scene_004579,000000000000000025
Day_scene_004582_000000000000000025.png,Day_scene_004582_000000000000000025.txt,Day,Day_scene_004582,000000000000000025
Day_scene_004583_000000000000000025.png,Day_scene_004583_000000000000000025.txt,Day,Day_scene_004583,000000000000000025
Day_scene_004586_000000000000000025.png,Day_scene_004586_000000000000000025.txt,Day,Day_scene_004586,000000000000000025
Day_scene_004588_000000000000000025.png,Day_scene_004588_000000000000000025.txt,Day,Day_scene_004588,000000000000000025
Day_scene_004590_000000000000000025.png,Day_scene_004590_000000000000000025.txt,Day,Day_scene_004590,000000000000000025
Day_scene_004591_000000000000000025.png,Day_scene_004591_000000000000000025.txt,Day,Day_scene_004591,000000000000000025
Day_scene_004594_000000000000000025.png,Day_scene_004594_000000000000000025.txt,Day,Day_scene_004594,000000000000000025
Day_scene_004595_000000000000000025.png,Day_scene_004595_000000000000000025.txt,Day,Day_scene_004595,000000000000000025
Day_scene_004598_000000000000000025.png,Day_scene_004598_000000000000000025.txt,Day,Day_scene_004598,000000000000000025
Day_scene_004603_000000000000000025.png,Day_scene_004603_000000000000000025.txt,Day,Day_scene_004603,000000000000000025
Day_scene_004606_000000000000000025.png,Day_scene_004606_000000000000000025.txt,Day,Day_scene_004606,000000000000000025
Day_scene_004610_000000000000000025.png,Day_scene_004610_000000000000000025.txt,Day,Day_scene_004610,000000000000000025
Day_scene_004613_000000000000000025.png,Day_scene_004613_000000000000000025.txt,Day,Day_scene_004613,000000000000000025
Day_scene_004615_000000000000000025.png,Day_scene_004615_000000000000000025.txt,Day,Day_scene_004615,000000000000000025
Day_scene_004616_000000000000000025.png,Day_scene_004616_000000000000000025.txt,Day,Day_scene_004616,000000000000000025
Day_scene_004620_000000000000000025.png,Day_scene_004620_000000000000000025.txt,Day,Day_scene_004620,000000000000000025
Day_scene_004622_000000000000000025.png,Day_scene_004622_000000000000000025.txt,Day,Day_scene_004622,000000000000000025
Day_scene_004623_000000000000000025.png,Day_scene_004623_000000000000000025.txt,Day,Day_scene_004623,000000000000000025
Day_scene_004624_000000000000000025.png,Day_scene_004624_000000000000000025.txt,Day,Day_scene_004624,000000000000000025
Day_scene_004625_000000000000000025.png,Day_scene_004625_000000000000000025.txt,Day,Day_scene_004625,000000000000000025
Day_scene_004626_000000000000000025.png,Day_scene_004626_000000000000000025.txt,Day,Day_scene_004626,000000000000000025
Day_scene_004627_000000000000000025.png,Day_scene_004627_000000000000000025.txt,Day,Day_scene_004627,000000000000000025
Day_scene_004630_000000000000000025.png,Day_scene_004630_000000000000000025.txt,Day,Day_scene_004630,000000000000000025
Day_scene_004635_000000000000000025.png,Day_scene_004635_000000000000000025.txt,Day,Day_scene_004635,000000000000000025
Day_scene_004636_000000000000000025.png,Day_scene_004636_000000000000000025.txt,Day,Day_scene_004636,000000000000000025
Day_scene_004643_000000000000000025.png,Day_scene_004643_000000000000000025.txt,Day,Day_scene_004643,000000000000000025
Day_scene_004645_000000000000000025.png,Day_scene_004645_000000000000000025.txt,Day,Day_scene_004645,000000000000000025
Day_scene_004646_000000000000000025.png,Day_scene_004646_000000000000000025.txt,Day,Day_scene_004646,000000000000000025
Day_scene_004647_000000000000000025.png,Day_scene_004647_000000000000000025.txt,Day,Day_scene_004647,000000000000000025
Day_scene_004649_000000000000000025.png,Day_scene_004649_000000000000000025.txt,Day,Day_scene_004649,000000000000000025
Day_scene_004650_000000000000000025.png,Day_scene_004650_000000000000000025.txt,Day,Day_scene_004650,000000000000000025
Day_scene_004652_000000000000000025.png,Day_scene_004652_000000000000000025.txt,Day,Day_scene_004652,000000000000000025
Day_scene_004654_000000000000000025.png,Day_scene_004654_000000000000000025.txt,Day,Day_scene_004654,000000000000000025
Day_scene_004657_000000000000000025.png,Day_scene_004657_000000000000000025.txt,Day,Day_scene_004657,000000000000000025
Day_scene_004661_000000000000000025.png,Day_scene_004661_000000000000000025.txt,Day,Day_scene_004661,000000000000000025
Day_scene_004665_000000000000000025.png,Day_scene_004665_000000000000000025.txt,Day,Day_scene_004665,000000000000000025
Day_scene_004666_000000000000000025.png,Day_scene_004666_000000000000000025.txt,Day,Day_scene_004666,000000000000000025
Day_scene_004667_000000000000000025.png,Day_scene_004667_000000000000000025.txt,Day,Day_scene_004667,000000000000000025
Day_scene_004671_000000000000000025.png,Day_scene_004671_000000000000000025.txt,Day,Day_scene_004671,000000000000000025
Day_scene_004673_000000000000000025.png,Day_scene_004673_000000000000000025.txt,Day,Day_scene_004673,000000000000000025
Day_scene_004674_000000000000000025.png,Day_scene_004674_000000000000000025.txt,Day,Day_scene_004674,000000000000000025
Day_scene_004677_000000000000000025.png,Day_scene_004677_000000000000000025.txt,Day,Day_scene_004677,000000000000000025
Day_scene_004679_000000000000000025.png,Day_scene_004679_000000000000000025.txt,Day,Day_scene_004679,000000000000000025
Day_scene_004681_000000000000000025.png,Day_scene_004681_000000000000000025.txt,Day,Day_scene_004681,000000000000000025
Day_scene_004684_000000000000000025.png,Day_scene_004684_000000000000000025.txt,Day,Day_scene_004684,000000000000000025
Day_scene_004685_000000000000000025.png,Day_scene_004685_000000000000000025.txt,Day,Day_scene_004685,000000000000000025
Day_scene_004687_000000000000000025.png,Day_scene_004687_000000000000000025.txt,Day,Day_scene_004687,000000000000000025
Day_scene_004689_000000000000000025.png,Day_scene_004689_000000000000000025.txt,Day,Day_scene_004689,000000000000000025
Day_scene_004694_000000000000000025.png,Day_scene_004694_000000000000000025.txt,Day,Day_scene_004694,000000000000000025
Day_scene_004695_000000000000000025.png,Day_scene_004695_000000000000000025.txt,Day,Day_scene_004695,000000000000000025
Day_scene_004697_000000000000000025.png,Day_scene_004697_000000000000000025.txt,Day,Day_scene_004697,000000000000000025
Day_scene_004698_000000000000000025.png,Day_scene_004698_000000000000000025.txt,Day,Day_scene_004698,000000000000000025
Day_scene_004700_000000000000000025.png,Day_scene_004700_000000000000000025.txt,Day,Day_scene_004700,000000000000000025
Day_scene_004702_000000000000000025.png,Day_scene_004702_000000000000000025.txt,Day,Day_scene_004702,000000000000000025
Day_scene_004703_000000000000000025.png,Day_scene_004703_000000000000000025.txt,Day,Day_scene_004703,000000000000000025
Day_scene_004705_000000000000000025.png,Day_scene_004705_000000000000000025.txt,Day,Day_scene_004705,000000000000000025
Day_scene_004708_000000000000000025.png,Day_scene_004708_000000000000000025.txt,Day,Day_scene_004708,000000000000000025
Day_scene_004711_000000000000000025.png,Day_scene_004711_000000000000000025.txt,Day,Day_scene_004711,000000000000000025
Day_scene_004712_000000000000000025.png,Day_scene_004712_000000000000000025.txt,Day,Day_scene_004712,000000000000000025
Day_scene_004713_000000000000000025.png,Day_scene_004713_000000000000000025.txt,Day,Day_scene_004713,000000000000000025
Day_scene_004723_000000000000000025.png,Day_scene_004723_000000000000000025.txt,Day,Day_scene_004723,000000000000000025
Day_scene_004730_000000000000000025.png,Day_scene_004730_000000000000000025.txt,Day,Day_scene_004730,000000000000000025
Day_scene_004731_000000000000000025.png,Day_scene_004731_000000000000000025.txt,Day,Day_scene_004731,000000000000000025
Day_scene_004734_000000000000000025.png,Day_scene_004734_000000000000000025.txt,Day,Day_scene_004734,000000000000000025
Day_scene_004736_000000000000000025.png,Day_scene_004736_000000000000000025.txt,Day,Day_scene_004736,000000000000000025
Day_scene_004739_000000000000000025.png,Day_scene_004739_000000000000000025.txt,Day,Day_scene_004739,000000000000000025
Day_scene_004742_000000000000000025.png,Day_scene_004742_000000000000000025.txt,Day,Day_scene_004742,000000000000000025
Day_scene_004745_000000000000000025.png,Day_scene_004745_000000000000000025.txt,Day,Day_scene_004745,000000000000000025
Day_scene_004747_000000000000000025.png,Day_scene_004747_000000000000000025.txt,Day,Day_scene_004747,000000000000000025
Day_scene_004749_000000000000000025.png,Day_scene_004749_000000000000000025.txt,Day,Day_scene_004749,000000000000000025
Day_scene_004750_000000000000000025.png,Day_scene_004750_000000000000000025.txt,Day,Day_scene_004750,000000000000000025
Day_scene_004751_000000000000000025.png,Day_scene_004751_000000000000000025.txt,Day,Day_scene_004751,000000000000000025
Day_scene_004757_000000000000000025.png,Day_scene_004757_000000000000000025.txt,Day,Day_scene_004757,000000000000000025
Day_scene_004758_000000000000000025.png,Day_scene_004758_000000000000000025.txt,Day,Day_scene_004758,000000000000000025
Day_scene_004761_000000000000000025.png,Day_scene_004761_000000000000000025.txt,Day,Day_scene_004761,000000000000000025
Day_scene_004762_000000000000000025.png,Day_scene_004762_000000000000000025.txt,Day,Day_scene_004762,000000000000000025
Day_scene_004763_000000000000000025.png,Day_scene_004763_000000000000000025.txt,Day,Day_scene_004763,000000000000000025
Day_scene_004767_000000000000000025.png,Day_scene_004767_000000000000000025.txt,Day,Day_scene_004767,000000000000000025
Day_scene_004769_000000000000000025.png,Day_scene_004769_000000000000000025.txt,Day,Day_scene_004769,000000000000000025
Day_scene_004770_000000000000000025.png,Day_scene_004770_000000000000000025.txt,Day,Day_scene_004770,000000000000000025
Day_scene_004774_000000000000000025.png,Day_scene_004774_000000000000000025.txt,Day,Day_scene_004774,000000000000000025
Day_scene_004776_000000000000000025.png,Day_scene_004776_000000000000000025.txt,Day,Day_scene_004776,000000000000000025
Day_scene_004780_000000000000000025.png,Day_scene_004780_000000000000000025.txt,Day,Day_scene_004780,000000000000000025
Day_scene_004785_000000000000000025.png,Day_scene_004785_000000000000000025.txt,Day,Day_scene_004785,000000000000000025
Day_scene_004788_000000000000000025.png,Day_scene_004788_000000000000000025.txt,Day,Day_scene_004788,000000000000000025
Day_scene_004789_000000000000000025.png,Day_scene_004789_000000000000000025.txt,Day,Day_scene_004789,000000000000000025
Day_scene_004791_000000000000000025.png,Day_scene_004791_000000000000000025.txt,Day,Day_scene_004791,000000000000000025
Day_scene_004794_000000000000000025.png,Day_scene_004794_000000000000000025.txt,Day,Day_scene_004794,000000000000000025
Day_scene_004795_000000000000000025.png,Day_scene_004795_000000000000000025.txt,Day,Day_scene_004795,000000000000000025
Day_scene_004796_000000000000000025.png,Day_scene_004796_000000000000000025.txt,Day,Day_scene_004796,000000000000000025
Day_scene_004798_000000000000000025.png,Day_scene_004798_000000000000000025.txt,Day,Day_scene_004798,000000000000000025
Day_scene_004799_000000000000000025.png,Day_scene_004799_000000000000000025.txt,Day,Day_scene_004799,000000000000000025
Day_scene_004800_000000000000000025.png,Day_scene_004800_000000000000000025.txt,Day,Day_scene_004800,000000000000000025
Day_scene_004802_000000000000000025.png,Day_scene_004802_000000000000000025.txt,Day,Day_scene_004802,000000000000000025
Day_scene_004803_000000000000000025.png,Day_scene_004803_000000000000000025.txt,Day,Day_scene_004803,000000000000000025
Day_scene_004806_000000000000000025.png,Day_scene_004806_000000000000000025.txt,Day,Day_scene_004806,000000000000000025
Day_scene_004811_000000000000000025.png,Day_scene_004811_000000000000000025.txt,Day,Day_scene_004811,000000000000000025
Day_scene_004812_000000000000000025.png,Day_scene_004812_000000000000000025.txt,Day,Day_scene_004812,000000000000000025
Day_scene_004813_000000000000000025.png,Day_scene_004813_000000000000000025.txt,Day,Day_scene_004813,000000000000000025
Day_scene_004814_000000000000000025.png,Day_scene_004814_000000000000000025.txt,Day,Day_scene_004814,000000000000000025
Day_scene_004815_000000000000000025.png,Day_scene_004815_000000000000000025.txt,Day,Day_scene_004815,000000000000000025
Day_scene_004817_000000000000000025.png,Day_scene_004817_000000000000000025.txt,Day,Day_scene_004817,000000000000000025
Day_scene_004819_000000000000000025.png,Day_scene_004819_000000000000000025.txt,Day,Day_scene_004819,000000000000000025
Day_scene_004822_000000000000000025.png,Day_scene_004822_000000000000000025.txt,Day,Day_scene_004822,000000000000000025
Day_scene_004823_000000000000000025.png,Day_scene_004823_000000000000000025.txt,Day,Day_scene_004823,000000000000000025
Day_scene_004825_000000000000000025.png,Day_scene_004825_000000000000000025.txt,Day,Day_scene_004825,000000000000000025
Day_scene_004827_000000000000000025.png,Day_scene_004827_000000000000000025.txt,Day,Day_scene_004827,000000000000000025
Day_scene_004828_000000000000000025.png,Day_scene_004828_000000000000000025.txt,Day,Day_scene_004828,000000000000000025
Day_scene_004829_000000000000000025.png,Day_scene_004829_000000000000000025.txt,Day,Day_scene_004829,000000000000000025
Day_scene_004830_000000000000000025.png,Day_scene_004830_000000000000000025.txt,Day,Day_scene_004830,000000000000000025
Day_scene_004834_000000000000000025.png,Day_scene_004834_000000000000000025.txt,Day,Day_scene_004834,000000000000000025
Day_scene_004837_000000000000000025.png,Day_scene_004837_000000000000000025.txt,Day,Day_scene_004837,000000000000000025
Day_scene_004838_000000000000000025.png,Day_scene_004838_000000000000000025.txt,Day,Day_scene_004838,000000000000000025
Day_scene_004839_000000000000000025.png,Day_scene_004839_000000000000000025.txt,Day,Day_scene_004839,000000000000000025
Day_scene_004843_000000000000000025.png,Day_scene_004843_000000000000000025.txt,Day,Day_scene_004843,000000000000000025
Day_scene_004847_000000000000000025.png,Day_scene_004847_000000000000000025.txt,Day,Day_scene_004847,000000000000000025
Day_scene_004849_000000000000000025.png,Day_scene_004849_000000000000000025.txt,Day,Day_scene_004849,000000000000000025
Day_scene_004854_000000000000000025.png,Day_scene_004854_000000000000000025.txt,Day,Day_scene_004854,000000000000000025
Day_scene_004855_000000000000000025.png,Day_scene_004855_000000000000000025.txt,Day,Day_scene_004855,000000000000000025
Day_scene_004860_000000000000000025.png,Day_scene_004860_000000000000000025.txt,Day,Day_scene_004860,000000000000000025
Day_scene_004861_000000000000000025.png,Day_scene_004861_000000000000000025.txt,Day,Day_scene_004861,000000000000000025
Day_scene_004862_000000000000000025.png,Day_scene_004862_000000000000000025.txt,Day,Day_scene_004862,000000000000000025
Day_scene_004863_000000000000000025.png,Day_scene_004863_000000000000000025.txt,Day,Day_scene_004863,000000000000000025
Day_scene_004864_000000000000000025.png,Day_scene_004864_000000000000000025.txt,Day,Day_scene_004864,000000000000000025
Day_scene_004865_000000000000000025.png,Day_scene_004865_000000000000000025.txt,Day,Day_scene_004865,000000000000000025
Day_scene_004866_000000000000000025.png,Day_scene_004866_000000000000000025.txt,Day,Day_scene_004866,000000000000000025
Day_scene_004870_000000000000000025.png,Day_scene_004870_000000000000000025.txt,Day,Day_scene_004870,000000000000000025
Day_scene_004871_000000000000000025.png,Day_scene_004871_000000000000000025.txt,Day,Day_scene_004871,000000000000000025
Day_scene_004875_000000000000000025.png,Day_scene_004875_000000000000000025.txt,Day,Day_scene_004875,000000000000000025
Day_scene_004877_000000000000000025.png,Day_scene_004877_000000000000000025.txt,Day,Day_scene_004877,000000000000000025
Day_scene_004879_000000000000000025.png,Day_scene_004879_000000000000000025.txt,Day,Day_scene_004879,000000000000000025
Day_scene_004880_000000000000000025.png,Day_scene_004880_000000000000000025.txt,Day,Day_scene_004880,000000000000000025
Day_scene_004881_000000000000000025.png,Day_scene_004881_000000000000000025.txt,Day,Day_scene_004881,000000000000000025
Day_scene_004884_000000000000000025.png,Day_scene_004884_000000000000000025.txt,Day,Day_scene_004884,000000000000000025
Day_scene_004885_000000000000000025.png,Day_scene_004885_000000000000000025.txt,Day,Day_scene_004885,000000000000000025
Day_scene_004888_000000000000000025.png,Day_scene_004888_000000000000000025.txt,Day,Day_scene_004888,000000000000000025
Day_scene_004891_000000000000000025.png,Day_scene_004891_000000000000000025.txt,Day,Day_scene_004891,000000000000000025
Day_scene_004892_000000000000000025.png,Day_scene_004892_000000000000000025.txt,Day,Day_scene_004892,000000000000000025
Day_scene_004893_000000000000000025.png,Day_scene_004893_000000000000000025.txt,Day,Day_scene_004893,000000000000000025
Day_scene_004897_000000000000000025.png,Day_scene_004897_000000000000000025.txt,Day,Day_scene_004897,000000000000000025
Day_scene_004899_000000000000000025.png,Day_scene_004899_000000000000000025.txt,Day,Day_scene_004899,000000000000000025
Day_scene_004902_000000000000000025.png,Day_scene_004902_000000000000000025.txt,Day,Day_scene_004902,000000000000000025
Day_scene_004903_000000000000000025.png,Day_scene_004903_000000000000000025.txt,Day,Day_scene_004903,000000000000000025
Day_scene_004905_000000000000000025.png,Day_scene_004905_000000000000000025.txt,Day,Day_scene_004905,000000000000000025
Day_scene_004907_000000000000000025.png,Day_scene_004907_000000000000000025.txt,Day,Day_scene_004907,000000000000000025
Day_scene_004908_000000000000000025.png,Day_scene_004908_000000000000000025.txt,Day,Day_scene_004908,000000000000000025
Day_scene_004910_000000000000000025.png,Day_scene_004910_000000000000000025.txt,Day,Day_scene_004910,000000000000000025
Day_scene_004912_000000000000000025.png,Day_scene_004912_000000000000000025.txt,Day,Day_scene_004912,000000000000000025
Day_scene_004913_000000000000000025.png,Day_scene_004913_000000000000000025.txt,Day,Day_scene_004913,000000000000000025
Day_scene_004914_000000000000000025.png,Day_scene_004914_000000000000000025.txt,Day,Day_scene_004914,000000000000000025
Day_scene_004917_000000000000000025.png,Day_scene_004917_000000000000000025.txt,Day,Day_scene_004917,000000000000000025
Day_scene_004921_000000000000000025.png,Day_scene_004921_000000000000000025.txt,Day,Day_scene_004921,000000000000000025
Day_scene_004924_000000000000000025.png,Day_scene_004924_000000000000000025.txt,Day,Day_scene_004924,000000000000000025
Day_scene_004927_000000000000000025.png,Day_scene_004927_000000000000000025.txt,Day,Day_scene_004927,000000000000000025
Day_scene_004928_000000000000000025.png,Day_scene_004928_000000000000000025.txt,Day,Day_scene_004928,000000000000000025
Day_scene_004932_000000000000000025.png,Day_scene_004932_000000000000000025.txt,Day,Day_scene_004932,000000000000000025
Day_scene_004934_000000000000000025.png,Day_scene_004934_000000000000000025.txt,Day,Day_scene_004934,000000000000000025
Day_scene_004935_000000000000000025.png,Day_scene_004935_000000000000000025.txt,Day,Day_scene_004935,000000000000000025
Day_scene_004936_000000000000000025.png,Day_scene_004936_000000000000000025.txt,Day,Day_scene_004936,000000000000000025
Day_scene_004937_000000000000000025.png,Day_scene_004937_000000000000000025.txt,Day,Day_scene_004937,000000000000000025
Day_scene_004938_000000000000000025.png,Day_scene_004938_000000000000000025.txt,Day,Day_scene_004938,000000000000000025
Day_scene_004939_000000000000000025.png,Day_scene_004939_000000000000000025.txt,Day,Day_scene_004939,000000000000000025
Day_scene_004942_000000000000000025.png,Day_scene_004942_000000000000000025.txt,Day,Day_scene_004942,000000000000000025
Day_scene_004943_000000000000000025.png,Day_scene_004943_000000000000000025.txt,Day,Day_scene_004943,000000000000000025
Day_scene_004944_000000000000000025.png,Day_scene_004944_000000000000000025.txt,Day,Day_scene_004944,000000000000000025
Day_scene_004946_000000000000000025.png,Day_scene_004946_000000000000000025.txt,Day,Day_scene_004946,000000000000000025
Day_scene_004947_000000000000000025.png,Day_scene_004947_000000000000000025.txt,Day,Day_scene_004947,000000000000000025
Day_scene_004948_000000000000000025.png,Day_scene_004948_000000000000000025.txt,Day,Day_scene_004948,000000000000000025
Day_scene_004951_000000000000000025.png,Day_scene_004951_000000000000000025.txt,Day,Day_scene_004951,000000000000000025
Day_scene_004954_000000000000000025.png,Day_scene_004954_000000000000000025.txt,Day,Day_scene_004954,000000000000000025
Day_scene_004955_000000000000000025.png,Day_scene_004955_000000000000000025.txt,Day,Day_scene_004955,000000000000000025
Day_scene_004958_000000000000000025.png,Day_scene_004958_000000000000000025.txt,Day,Day_scene_004958,000000000000000025
Day_scene_004959_000000000000000025.png,Day_scene_004959_000000000000000025.txt,Day,Day_scene_004959,000000000000000025
Day_scene_004967_000000000000000025.png,Day_scene_004967_000000000000000025.txt,Day,Day_scene_004967,000000000000000025
Day_scene_004968_000000000000000025.png,Day_scene_004968_000000000000000025.txt,Day,Day_scene_004968,000000000000000025
Day_scene_004973_000000000000000025.png,Day_scene_004973_000000000000000025.txt,Day,Day_scene_004973,000000000000000025
Day_scene_004974_000000000000000025.png,Day_scene_004974_000000000000000025.txt,Day,Day_scene_004974,000000000000000025
Day_scene_004975_000000000000000025.png,Day_scene_004975_000000000000000025.txt,Day,Day_scene_004975,000000000000000025
Day_scene_004976_000000000000000025.png,Day_scene_004976_000000000000000025.txt,Day,Day_scene_004976,000000000000000025
Day_scene_004979_000000000000000025.png,Day_scene_004979_000000000000000025.txt,Day,Day_scene_004979,000000000000000025
Day_scene_004982_000000000000000025.png,Day_scene_004982_000000000000000025.txt,Day,Day_scene_004982,000000000000000025
Day_scene_004983_000000000000000025.png,Day_scene_004983_000000000000000025.txt,Day,Day_scene_004983,000000000000000025
Day_scene_004992_000000000000000025.png,Day_scene_004992_000000000000000025.txt,Day,Day_scene_004992,000000000000000025
Day_scene_004994_000000000000000025.png,Day_scene_004994_000000000000000025.txt,Day,Day_scene_004994,000000000000000025
Day_scene_004995_000000000000000025.png,Day_scene_004995_000000000000000025.txt,Day,Day_scene_004995,000000000000000025
Day_scene_004997_000000000000000025.png,Day_scene_004997_000000000000000025.txt,Day,Day_scene_004997,000000000000000025
Day_scene_005001_000000000000000025.png,Day_scene_005001_000000000000000025.txt,Day,Day_scene_005001,000000000000000025
Day_scene_005003_000000000000000025.png,Day_scene_005003_000000000000000025.txt,Day,Day_scene_005003,000000000000000025
Day_scene_005004_000000000000000025.png,Day_scene_005004_000000000000000025.txt,Day,Day_scene_005004,000000000000000025
Day_scene_005005_000000000000000025.png,Day_scene_005005_000000000000000025.txt,Day,Day_scene_005005,000000000000000025
Day_scene_005006_000000000000000025.png,Day_scene_005006_000000000000000025.txt,Day,Day_scene_005006,000000000000000025
Day_scene_005007_000000000000000025.png,Day_scene_005007_000000000000000025.txt,Day,Day_scene_005007,000000000000000025
Day_scene_005013_000000000000000025.png,Day_scene_005013_000000000000000025.txt,Day,Day_scene_005013,000000000000000025
Day_scene_005014_000000000000000025.png,Day_scene_005014_000000000000000025.txt,Day,Day_scene_005014,000000000000000025
Day_scene_005015_000000000000000025.png,Day_scene_005015_000000000000000025.txt,Day,Day_scene_005015,000000000000000025
Day_scene_005019_000000000000000025.png,Day_scene_005019_000000000000000025.txt,Day,Day_scene_005019,000000000000000025
Day_scene_005021_000000000000000025.png,Day_scene_005021_000000000000000025.txt,Day,Day_scene_005021,000000000000000025
Day_scene_005022_000000000000000025.png,Day_scene_005022_000000000000000025.txt,Day,Day_scene_005022,000000000000000025
Day_scene_005023_000000000000000025.png,Day_scene_005023_000000000000000025.txt,Day,Day_scene_005023,000000000000000025
Day_scene_005031_000000000000000025.png,Day_scene_005031_000000000000000025.txt,Day,Day_scene_005031,000000000000000025
Day_scene_005032_000000000000000025.png,Day_scene_005032_000000000000000025.txt,Day,Day_scene_005032,000000000000000025
Day_scene_005034_000000000000000025.png,Day_scene_005034_000000000000000025.txt,Day,Day_scene_005034,000000000000000025
Day_scene_005035_000000000000000025.png,Day_scene_005035_000000000000000025.txt,Day,Day_scene_005035,000000000000000025
Day_scene_005037_000000000000000025.png,Day_scene_005037_000000000000000025.txt,Day,Day_scene_005037,000000000000000025
Day_scene_005038_000000000000000025.png,Day_scene_005038_000000000000000025.txt,Day,Day_scene_005038,000000000000000025
Day_scene_005039_000000000000000025.png,Day_scene_005039_000000000000000025.txt,Day,Day_scene_005039,000000000000000025
Day_scene_005041_000000000000000025.png,Day_scene_005041_000000000000000025.txt,Day,Day_scene_005041,000000000000000025
Day_scene_005042_000000000000000025.png,Day_scene_005042_000000000000000025.txt,Day,Day_scene_005042,000000000000000025
Day_scene_005047_000000000000000025.png,Day_scene_005047_000000000000000025.txt,Day,Day_scene_005047,000000000000000025
Day_scene_005048_000000000000000025.png,Day_scene_005048_000000000000000025.txt,Day,Day_scene_005048,000000000000000025
Day_scene_005049_000000000000000025.png,Day_scene_005049_000000000000000025.txt,Day,Day_scene_005049,000000000000000025
Day_scene_005050_000000000000000025.png,Day_scene_005050_000000000000000025.txt,Day,Day_scene_005050,000000000000000025
Day_scene_005056_000000000000000025.png,Day_scene_005056_000000000000000025.txt,Day,Day_scene_005056,000000000000000025
Day_scene_005057_000000000000000025.png,Day_scene_005057_000000000000000025.txt,Day,Day_scene_005057,000000000000000025
Day_scene_005060_000000000000000025.png,Day_scene_005060_000000000000000025.txt,Day,Day_scene_005060,000000000000000025
Day_scene_005061_000000000000000025.png,Day_scene_005061_000000000000000025.txt,Day,Day_scene_005061,000000000000000025
Day_scene_005064_000000000000000025.png,Day_scene_005064_000000000000000025.txt,Day,Day_scene_005064,000000000000000025
Day_scene_005065_000000000000000025.png,Day_scene_005065_000000000000000025.txt,Day,Day_scene_005065,000000000000000025
Day_scene_005073_000000000000000025.png,Day_scene_005073_000000000000000025.txt,Day,Day_scene_005073,000000000000000025
Day_scene_005074_000000000000000025.png,Day_scene_005074_000000000000000025.txt,Day,Day_scene_005074,000000000000000025
Day_scene_005076_000000000000000025.png,Day_scene_005076_000000000000000025.txt,Day,Day_scene_005076,000000000000000025
Day_scene_005078_000000000000000025.png,Day_scene_005078_000000000000000025.txt,Day,Day_scene_005078,000000000000000025
Day_scene_005083_000000000000000025.png,Day_scene_005083_000000000000000025.txt,Day,Day_scene_005083,000000000000000025
Day_scene_005084_000000000000000025.png,Day_scene_005084_000000000000000025.txt,Day,Day_scene_005084,000000000000000025
Day_scene_005086_000000000000000025.png,Day_scene_005086_000000000000000025.txt,Day,Day_scene_005086,000000000000000025
Day_scene_005088_000000000000000025.png,Day_scene_005088_000000000000000025.txt,Day,Day_scene_005088,000000000000000025
Day_scene_005090_000000000000000025.png,Day_scene_005090_000000000000000025.txt,Day,Day_scene_005090,000000000000000025
Day_scene_005091_000000000000000025.png,Day_scene_005091_000000000000000025.txt,Day,Day_scene_005091,000000000000000025
Day_scene_005093_000000000000000025.png,Day_scene_005093_000000000000000025.txt,Day,Day_scene_005093,000000000000000025
Day_scene_005094_000000000000000025.png,Day_scene_005094_000000000000000025.txt,Day,Day_scene_005094,000000000000000025
Day_scene_005096_000000000000000025.png,Day_scene_005096_000000000000000025.txt,Day,Day_scene_005096,000000000000000025
Day_scene_005100_000000000000000025.png,Day_scene_005100_000000000000000025.txt,Day,Day_scene_005100,000000000000000025
Day_scene_005102_000000000000000025.png,Day_scene_005102_000000000000000025.txt,Day,Day_scene_005102,000000000000000025
Day_scene_005106_000000000000000025.png,Day_scene_005106_000000000000000025.txt,Day,Day_scene_005106,000000000000000025
Day_scene_005108_000000000000000025.png,Day_scene_005108_000000000000000025.txt,Day,Day_scene_005108,000000000000000025
Day_scene_005109_000000000000000025.png,Day_scene_005109_000000000000000025.txt,Day,Day_scene_005109,000000000000000025
Day_scene_005112_000000000000000025.png,Day_scene_005112_000000000000000025.txt,Day,Day_scene_005112,000000000000000025
Day_scene_005117_000000000000000025.png,Day_scene_005117_000000000000000025.txt,Day,Day_scene_005117,000000000000000025
Day_scene_005118_000000000000000025.png,Day_scene_005118_000000000000000025.txt,Day,Day_scene_005118,000000000000000025
Day_scene_005119_000000000000000025.png,Day_scene_005119_000000000000000025.txt,Day,Day_scene_005119,000000000000000025
Day_scene_005122_000000000000000025.png,Day_scene_005122_000000000000000025.txt,Day,Day_scene_005122,000000000000000025
Day_scene_005124_000000000000000025.png,Day_scene_005124_000000000000000025.txt,Day,Day_scene_005124,000000000000000025
Day_scene_005125_000000000000000025.png,Day_scene_005125_000000000000000025.txt,Day,Day_scene_005125,000000000000000025
Day_scene_005126_000000000000000025.png,Day_scene_005126_000000000000000025.txt,Day,Day_scene_005126,000000000000000025
Day_scene_005128_000000000000000025.png,Day_scene_005128_000000000000000025.txt,Day,Day_scene_005128,000000000000000025
Day_scene_005130_000000000000000025.png,Day_scene_005130_000000000000000025.txt,Day,Day_scene_005130,000000000000000025
Day_scene_005132_000000000000000025.png,Day_scene_005132_000000000000000025.txt,Day,Day_scene_005132,000000000000000025
Day_scene_005133_000000000000000025.png,Day_scene_005133_000000000000000025.txt,Day,Day_scene_005133,000000000000000025
Day_scene_005134_000000000000000025.png,Day_scene_005134_000000000000000025.txt,Day,Day_scene_005134,000000000000000025
Day_scene_005136_000000000000000025.png,Day_scene_005136_000000000000000025.txt,Day,Day_scene_005136,000000000000000025
Day_scene_005137_000000000000000025.png,Day_scene_005137_000000000000000025.txt,Day,Day_scene_005137,000000000000000025
Day_scene_005138_000000000000000025.png,Day_scene_005138_000000000000000025.txt,Day,Day_scene_005138,000000000000000025
Day_scene_005139_000000000000000025.png,Day_scene_005139_000000000000000025.txt,Day,Day_scene_005139,000000000000000025
Day_scene_005147_000000000000000025.png,Day_scene_005147_000000000000000025.txt,Day,Day_scene_005147,000000000000000025
Day_scene_005148_000000000000000025.png,Day_scene_005148_000000000000000025.txt,Day,Day_scene_005148,000000000000000025
Day_scene_005150_000000000000000025.png,Day_scene_005150_000000000000000025.txt,Day,Day_scene_005150,000000000000000025
Day_scene_005152_000000000000000025.png,Day_scene_005152_000000000000000025.txt,Day,Day_scene_005152,000000000000000025
Day_scene_005154_000000000000000025.png,Day_scene_005154_000000000000000025.txt,Day,Day_scene_005154,000000000000000025
Day_scene_005155_000000000000000025.png,Day_scene_005155_000000000000000025.txt,Day,Day_scene_005155,000000000000000025
Day_scene_005158_000000000000000025.png,Day_scene_005158_000000000000000025.txt,Day,Day_scene_005158,000000000000000025
Day_scene_005163_000000000000000025.png,Day_scene_005163_000000000000000025.txt,Day,Day_scene_005163,000000000000000025
Day_scene_005166_000000000000000025.png,Day_scene_005166_000000000000000025.txt,Day,Day_scene_005166,000000000000000025
Day_scene_005178_000000000000000025.png,Day_scene_005178_000000000000000025.txt,Day,Day_scene_005178,000000000000000025
Day_scene_005179_000000000000000025.png,Day_scene_005179_000000000000000025.txt,Day,Day_scene_005179,000000000000000025
Day_scene_005181_000000000000000025.png,Day_scene_005181_000000000000000025.txt,Day,Day_scene_005181,000000000000000025
Day_scene_005182_000000000000000025.png,Day_scene_005182_000000000000000025.txt,Day,Day_scene_005182,000000000000000025
Day_scene_005184_000000000000000025.png,Day_scene_005184_000000000000000025.txt,Day,Day_scene_005184,000000000000000025
Day_scene_005186_000000000000000025.png,Day_scene_005186_000000000000000025.txt,Day,Day_scene_005186,000000000000000025
Day_scene_005191_000000000000000025.png,Day_scene_005191_000000000000000025.txt,Day,Day_scene_005191,000000000000000025
Day_scene_005192_000000000000000025.png,Day_scene_005192_000000000000000025.txt,Day,Day_scene_005192,000000000000000025
Day_scene_005194_000000000000000025.png,Day_scene_005194_000000000000000025.txt,Day,Day_scene_005194,000000000000000025
Day_scene_005195_000000000000000025.png,Day_scene_005195_000000000000000025.txt,Day,Day_scene_005195,000000000000000025
Day_scene_005196_000000000000000025.png,Day_scene_005196_000000000000000025.txt,Day,Day_scene_005196,000000000000000025
Day_scene_005198_000000000000000025.png,Day_scene_005198_000000000000000025.txt,Day,Day_scene_005198,000000000000000025
Day_scene_005199_000000000000000025.png,Day_scene_005199_000000000000000025.txt,Day,Day_scene_005199,000000000000000025
Day_scene_005203_000000000000000025.png,Day_scene_005203_000000000000000025.txt,Day,Day_scene_005203,000000000000000025
Day_scene_005207_000000000000000025.png,Day_scene_005207_000000000000000025.txt,Day,Day_scene_005207,000000000000000025
Day_scene_005208_000000000000000025.png,Day_scene_005208_000000000000000025.txt,Day,Day_scene_005208,000000000000000025
Day_scene_005210_000000000000000025.png,Day_scene_005210_000000000000000025.txt,Day,Day_scene_005210,000000000000000025
Day_scene_005211_000000000000000025.png,Day_scene_005211_000000000000000025.txt,Day,Day_scene_005211,000000000000000025
Day_scene_005214_000000000000000025.png,Day_scene_005214_000000000000000025.txt,Day,Day_scene_005214,000000000000000025
Day_scene_005215_000000000000000025.png,Day_scene_005215_000000000000000025.txt,Day,Day_scene_005215,000000000000000025
Day_scene_005216_000000000000000025.png,Day_scene_005216_000000000000000025.txt,Day,Day_scene_005216,000000000000000025
Day_scene_005219_000000000000000025.png,Day_scene_005219_000000000000000025.txt,Day,Day_scene_005219,000000000000000025
Day_scene_005220_000000000000000025.png,Day_scene_005220_000000000000000025.txt,Day,Day_scene_005220,000000000000000025
Day_scene_005222_000000000000000025.png,Day_scene_005222_000000000000000025.txt,Day,Day_scene_005222,000000000000000025
Day_scene_005225_000000000000000025.png,Day_scene_005225_000000000000000025.txt,Day,Day_scene_005225,000000000000000025
Day_scene_005226_000000000000000025.png,Day_scene_005226_000000000000000025.txt,Day,Day_scene_005226,000000000000000025
Day_scene_005228_000000000000000025.png,Day_scene_005228_000000000000000025.txt,Day,Day_scene_005228,000000000000000025
Day_scene_005229_000000000000000025.png,Day_scene_005229_000000000000000025.txt,Day,Day_scene_005229,000000000000000025
Day_scene_005231_000000000000000025.png,Day_scene_005231_000000000000000025.txt,Day,Day_scene_005231,000000000000000025
Day_scene_005235_000000000000000025.png,Day_scene_005235_000000000000000025.txt,Day,Day_scene_005235,000000000000000025
Day_scene_005236_000000000000000025.png,Day_scene_005236_000000000000000025.txt,Day,Day_scene_005236,000000000000000025
Day_scene_005240_000000000000000025.png,Day_scene_005240_000000000000000025.txt,Day,Day_scene_005240,000000000000000025
Day_scene_005242_000000000000000025.png,Day_scene_005242_000000000000000025.txt,Day,Day_scene_005242,000000000000000025
Day_scene_005245_000000000000000025.png,Day_scene_005245_000000000000000025.txt,Day,Day_scene_005245,000000000000000025
Day_scene_005247_000000000000000025.png,Day_scene_005247_000000000000000025.txt,Day,Day_scene_005247,000000000000000025
Day_scene_005249_000000000000000025.png,Day_scene_005249_000000000000000025.txt,Day,Day_scene_005249,000000000000000025
Day_scene_005251_000000000000000025.png,Day_scene_005251_000000000000000025.txt,Day,Day_scene_005251,000000000000000025
Day_scene_005252_000000000000000025.png,Day_scene_005252_000000000000000025.txt,Day,Day_scene_005252,000000000000000025
Day_scene_005253_000000000000000025.png,Day_scene_005253_000000000000000025.txt,Day,Day_scene_005253,000000000000000025
Day_scene_005256_000000000000000025.png,Day_scene_005256_000000000000000025.txt,Day,Day_scene_005256,000000000000000025
Day_scene_005258_000000000000000025.png,Day_scene_005258_000000000000000025.txt,Day,Day_scene_005258,000000000000000025
Day_scene_005272_000000000000000025.png,Day_scene_005272_000000000000000025.txt,Day,Day_scene_005272,000000000000000025
Day_scene_005273_000000000000000025.png,Day_scene_005273_000000000000000025.txt,Day,Day_scene_005273,000000000000000025
Day_scene_005275_000000000000000025.png,Day_scene_005275_000000000000000025.txt,Day,Day_scene_005275,000000000000000025
Day_scene_005276_000000000000000025.png,Day_scene_005276_000000000000000025.txt,Day,Day_scene_005276,000000000000000025
Day_scene_005282_000000000000000025.png,Day_scene_005282_000000000000000025.txt,Day,Day_scene_005282,000000000000000025
Day_scene_005283_000000000000000025.png,Day_scene_005283_000000000000000025.txt,Day,Day_scene_005283,000000000000000025
Day_scene_005284_000000000000000025.png,Day_scene_005284_000000000000000025.txt,Day,Day_scene_005284,000000000000000025
Day_scene_005286_000000000000000025.png,Day_scene_005286_000000000000000025.txt,Day,Day_scene_005286,000000000000000025
Day_scene_005289_000000000000000025.png,Day_scene_005289_000000000000000025.txt,Day,Day_scene_005289,000000000000000025
Day_scene_005295_000000000000000025.png,Day_scene_005295_000000000000000025.txt,Day,Day_scene_005295,000000000000000025
Day_scene_005297_000000000000000025.png,Day_scene_005297_000000000000000025.txt,Day,Day_scene_005297,000000000000000025
Day_scene_005299_000000000000000025.png,Day_scene_005299_000000000000000025.txt,Day,Day_scene_005299,000000000000000025
Day_scene_005300_000000000000000025.png,Day_scene_005300_000000000000000025.txt,Day,Day_scene_005300,000000000000000025
Day_scene_005303_000000000000000025.png,Day_scene_005303_000000000000000025.txt,Day,Day_scene_005303,000000000000000025
Day_scene_005304_000000000000000025.png,Day_scene_005304_000000000000000025.txt,Day,Day_scene_005304,000000000000000025
Day_scene_005307_000000000000000025.png,Day_scene_005307_000000000000000025.txt,Day,Day_scene_005307,000000000000000025
Day_scene_005313_000000000000000025.png,Day_scene_005313_000000000000000025.txt,Day,Day_scene_005313,000000000000000025
Day_scene_005314_000000000000000025.png,Day_scene_005314_000000000000000025.txt,Day,Day_scene_005314,000000000000000025
Day_scene_005315_000000000000000025.png,Day_scene_005315_000000000000000025.txt,Day,Day_scene_005315,000000000000000025
Day_scene_005316_000000000000000025.png,Day_scene_005316_000000000000000025.txt,Day,Day_scene_005316,000000000000000025
Day_scene_005317_000000000000000025.png,Day_scene_005317_000000000000000025.txt,Day,Day_scene_005317,000000000000000025
Day_scene_005318_000000000000000025.png,Day_scene_005318_000000000000000025.txt,Day,Day_scene_005318,000000000000000025
Day_scene_005324_000000000000000025.png,Day_scene_005324_000000000000000025.txt,Day,Day_scene_005324,000000000000000025
Day_scene_005327_000000000000000025.png,Day_scene_005327_000000000000000025.txt,Day,Day_scene_005327,000000000000000025
Day_scene_005329_000000000000000025.png,Day_scene_005329_000000000000000025.txt,Day,Day_scene_005329,000000000000000025
Day_scene_005335_000000000000000025.png,Day_scene_005335_000000000000000025.txt,Day,Day_scene_005335,000000000000000025
Day_scene_005336_000000000000000025.png,Day_scene_005336_000000000000000025.txt,Day,Day_scene_005336,000000000000000025
Day_scene_005344_000000000000000025.png,Day_scene_005344_000000000000000025.txt,Day,Day_scene_005344,000000000000000025
Day_scene_005348_000000000000000025.png,Day_scene_005348_000000000000000025.txt,Day,Day_scene_005348,000000000000000025
Day_scene_005349_000000000000000025.png,Day_scene_005349_000000000000000025.txt,Day,Day_scene_005349,000000000000000025
Day_scene_005355_000000000000000025.png,Day_scene_005355_000000000000000025.txt,Day,Day_scene_005355,000000000000000025
Day_scene_005357_000000000000000025.png,Day_scene_005357_000000000000000025.txt,Day,Day_scene_005357,000000000000000025
Day_scene_005359_000000000000000025.png,Day_scene_005359_000000000000000025.txt,Day,Day_scene_005359,000000000000000025
Day_scene_005360_000000000000000025.png,Day_scene_005360_000000000000000025.txt,Day,Day_scene_005360,000000000000000025
Day_scene_005363_000000000000000025.png,Day_scene_005363_000000000000000025.txt,Day,Day_scene_005363,000000000000000025
Day_scene_005365_000000000000000025.png,Day_scene_005365_000000000000000025.txt,Day,Day_scene_005365,000000000000000025
Day_scene_005366_000000000000000025.png,Day_scene_005366_000000000000000025.txt,Day,Day_scene_005366,000000000000000025
Day_scene_005367_000000000000000025.png,Day_scene_005367_000000000000000025.txt,Day,Day_scene_005367,000000000000000025
Day_scene_005370_000000000000000025.png,Day_scene_005370_000000000000000025.txt,Day,Day_scene_005370,000000000000000025
Day_scene_005373_000000000000000025.png,Day_scene_005373_000000000000000025.txt,Day,Day_scene_005373,000000000000000025
Day_scene_005377_000000000000000025.png,Day_scene_005377_000000000000000025.txt,Day,Day_scene_005377,000000000000000025
Day_scene_005383_000000000000000025.png,Day_scene_005383_000000000000000025.txt,Day,Day_scene_005383,000000000000000025
Day_scene_005387_000000000000000025.png,Day_scene_005387_000000000000000025.txt,Day,Day_scene_005387,000000000000000025
Day_scene_005393_000000000000000025.png,Day_scene_005393_000000000000000025.txt,Day,Day_scene_005393,000000000000000025
Day_scene_005394_000000000000000025.png,Day_scene_005394_000000000000000025.txt,Day,Day_scene_005394,000000000000000025
Day_scene_005396_000000000000000025.png,Day_scene_005396_000000000000000025.txt,Day,Day_scene_005396,000000000000000025
Day_scene_005401_000000000000000025.png,Day_scene_005401_000000000000000025.txt,Day,Day_scene_005401,000000000000000025
Day_scene_005402_000000000000000025.png,Day_scene_005402_000000000000000025.txt,Day,Day_scene_005402,000000000000000025
Day_scene_005406_000000000000000025.png,Day_scene_005406_000000000000000025.txt,Day,Day_scene_005406,000000000000000025
Day_scene_005408_000000000000000025.png,Day_scene_005408_000000000000000025.txt,Day,Day_scene_005408,000000000000000025
Day_scene_005413_000000000000000025.png,Day_scene_005413_000000000000000025.txt,Day,Day_scene_005413,000000000000000025
Day_scene_005414_000000000000000025.png,Day_scene_005414_000000000000000025.txt,Day,Day_scene_005414,000000000000000025
Day_scene_005416_000000000000000025.png,Day_scene_005416_000000000000000025.txt,Day,Day_scene_005416,000000000000000025
Day_scene_005429_000000000000000025.png,Day_scene_005429_000000000000000025.txt,Day,Day_scene_005429,000000000000000025
Day_scene_005433_000000000000000025.png,Day_scene_005433_000000000000000025.txt,Day,Day_scene_005433,000000000000000025
Day_scene_005440_000000000000000025.png,Day_scene_005440_000000000000000025.txt,Day,Day_scene_005440,000000000000000025
Day_scene_005445_000000000000000025.png,Day_scene_005445_000000000000000025.txt,Day,Day_scene_005445,000000000000000025
Day_scene_005446_000000000000000025.png,Day_scene_005446_000000000000000025.txt,Day,Day_scene_005446,000000000000000025
Day_scene_005450_000000000000000025.png,Day_scene_005450_000000000000000025.txt,Day,Day_scene_005450,000000000000000025
Day_scene_005452_000000000000000025.png,Day_scene_005452_000000000000000025.txt,Day,Day_scene_005452,000000000000000025
Day_scene_005453_000000000000000025.png,Day_scene_005453_000000000000000025.txt,Day,Day_scene_005453,000000000000000025
Day_scene_005457_000000000000000025.png,Day_scene_005457_000000000000000025.txt,Day,Day_scene_005457,000000000000000025
Day_scene_005460_000000000000000025.png,Day_scene_005460_000000000000000025.txt,Day,Day_scene_005460,000000000000000025
Day_scene_005461_000000000000000025.png,Day_scene_005461_000000000000000025.txt,Day,Day_scene_005461,000000000000000025
Day_scene_005468_000000000000000025.png,Day_scene_005468_000000000000000025.txt,Day,Day_scene_005468,000000000000000025
Day_scene_005475_000000000000000025.png,Day_scene_005475_000000000000000025.txt,Day,Day_scene_005475,000000000000000025
Day_scene_005477_000000000000000025.png,Day_scene_005477_000000000000000025.txt,Day,Day_scene_005477,000000000000000025
Day_scene_005479_000000000000000025.png,Day_scene_005479_000000000000000025.txt,Day,Day_scene_005479,000000000000000025
Day_scene_005480_000000000000000025.png,Day_scene_005480_000000000000000025.txt,Day,Day_scene_005480,000000000000000025
Day_scene_005481_000000000000000025.png,Day_scene_005481_000000000000000025.txt,Day,Day_scene_005481,000000000000000025
Day_scene_005482_000000000000000025.png,Day_scene_005482_000000000000000025.txt,Day,Day_scene_005482,000000000000000025
Day_scene_005484_000000000000000025.png,Day_scene_005484_000000000000000025.txt,Day,Day_scene_005484,000000000000000025
Day_scene_005485_000000000000000025.png,Day_scene_005485_000000000000000025.txt,Day,Day_scene_005485,000000000000000025
Day_scene_005487_000000000000000025.png,Day_scene_005487_000000000000000025.txt,Day,Day_scene_005487,000000000000000025
Day_scene_005488_000000000000000025.png,Day_scene_005488_000000000000000025.txt,Day,Day_scene_005488,000000000000000025
Day_scene_005489_000000000000000025.png,Day_scene_005489_000000000000000025.txt,Day,Day_scene_005489,000000000000000025
Day_scene_005490_000000000000000025.png,Day_scene_005490_000000000000000025.txt,Day,Day_scene_005490,000000000000000025
Day_scene_005493_000000000000000025.png,Day_scene_005493_000000000000000025.txt,Day,Day_scene_005493,000000000000000025
Day_scene_005495_000000000000000025.png,Day_scene_005495_000000000000000025.txt,Day,Day_scene_005495,000000000000000025
Day_scene_005497_000000000000000025.png,Day_scene_005497_000000000000000025.txt,Day,Day_scene_005497,000000000000000025
Day_scene_005499_000000000000000025.png,Day_scene_005499_000000000000000025.txt,Day,Day_scene_005499,000000000000000025
Day_scene_005504_000000000000000025.png,Day_scene_005504_000000000000000025.txt,Day,Day_scene_005504,000000000000000025
Day_scene_005505_000000000000000025.png,Day_scene_005505_000000000000000025.txt,Day,Day_scene_005505,000000000000000025
Day_scene_005506_000000000000000025.png,Day_scene_005506_000000000000000025.txt,Day,Day_scene_005506,000000000000000025
Day_scene_005507_000000000000000025.png,Day_scene_005507_000000000000000025.txt,Day,Day_scene_005507,000000000000000025
Day_scene_005508_000000000000000025.png,Day_scene_005508_000000000000000025.txt,Day,Day_scene_005508,000000000000000025
Day_scene_005511_000000000000000025.png,Day_scene_005511_000000000000000025.txt,Day,Day_scene_005511,000000000000000025
Day_scene_005517_000000000000000025.png,Day_scene_005517_000000000000000025.txt,Day,Day_scene_005517,000000000000000025
Day_scene_005519_000000000000000025.png,Day_scene_005519_000000000000000025.txt,Day,Day_scene_005519,000000000000000025
Day_scene_005523_000000000000000025.png,Day_scene_005523_000000000000000025.txt,Day,Day_scene_005523,000000000000000025
Day_scene_005533_000000000000000025.png,Day_scene_005533_000000000000000025.txt,Day,Day_scene_005533,000000000000000025
Day_scene_005535_000000000000000025.png,Day_scene_005535_000000000000000025.txt,Day,Day_scene_005535,000000000000000025
Day_scene_005536_000000000000000025.png,Day_scene_005536_000000000000000025.txt,Day,Day_scene_005536,000000000000000025
Day_scene_005537_000000000000000025.png,Day_scene_005537_000000000000000025.txt,Day,Day_scene_005537,000000000000000025
Day_scene_005538_000000000000000025.png,Day_scene_005538_000000000000000025.txt,Day,Day_scene_005538,000000000000000025
Day_scene_005539_000000000000000025.png,Day_scene_005539_000000000000000025.txt,Day,Day_scene_005539,000000000000000025
Day_scene_005543_000000000000000025.png,Day_scene_005543_000000000000000025.txt,Day,Day_scene_005543,000000000000000025
Day_scene_005545_000000000000000025.png,Day_scene_005545_000000000000000025.txt,Day,Day_scene_005545,000000000000000025
Day_scene_005550_000000000000000025.png,Day_scene_005550_000000000000000025.txt,Day,Day_scene_005550,000000000000000025
Day_scene_005553_000000000000000025.png,Day_scene_005553_000000000000000025.txt,Day,Day_scene_005553,000000000000000025
Day_scene_005554_000000000000000025.png,Day_scene_005554_000000000000000025.txt,Day,Day_scene_005554,000000000000000025
Day_scene_005556_000000000000000025.png,Day_scene_005556_000000000000000025.txt,Day,Day_scene_005556,000000000000000025
Day_scene_005559_000000000000000025.png,Day_scene_005559_000000000000000025.txt,Day,Day_scene_005559,000000000000000025
Day_scene_005561_000000000000000025.png,Day_scene_005561_000000000000000025.txt,Day,Day_scene_005561,000000000000000025
Day_scene_005564_000000000000000025.png,Day_scene_005564_000000000000000025.txt,Day,Day_scene_005564,000000000000000025
Day_scene_005566_000000000000000025.png,Day_scene_005566_000000000000000025.txt,Day,Day_scene_005566,000000000000000025
Day_scene_005570_000000000000000025.png,Day_scene_005570_000000000000000025.txt,Day,Day_scene_005570,000000000000000025
Day_scene_005574_000000000000000025.png,Day_scene_005574_000000000000000025.txt,Day,Day_scene_005574,000000000000000025
Day_scene_005576_000000000000000025.png,Day_scene_005576_000000000000000025.txt,Day,Day_scene_005576,000000000000000025
Day_scene_005578_000000000000000025.png,Day_scene_005578_000000000000000025.txt,Day,Day_scene_005578,000000000000000025
Day_scene_005583_000000000000000025.png,Day_scene_005583_000000000000000025.txt,Day,Day_scene_005583,000000000000000025
Day_scene_005585_000000000000000025.png,Day_scene_005585_000000000000000025.txt,Day,Day_scene_005585,000000000000000025
Day_scene_005586_000000000000000025.png,Day_scene_005586_000000000000000025.txt,Day,Day_scene_005586,000000000000000025
Day_scene_005587_000000000000000025.png,Day_scene_005587_000000000000000025.txt,Day,Day_scene_005587,000000000000000025
Day_scene_005592_000000000000000025.png,Day_scene_005592_000000000000000025.txt,Day,Day_scene_005592,000000000000000025
Day_scene_005593_000000000000000025.png,Day_scene_005593_000000000000000025.txt,Day,Day_scene_005593,000000000000000025
Day_scene_005598_000000000000000025.png,Day_scene_005598_000000000000000025.txt,Day,Day_scene_005598,000000000000000025
Day_scene_005599_000000000000000025.png,Day_scene_005599_000000000000000025.txt,Day,Day_scene_005599,000000000000000025
Day_scene_005600_000000000000000025.png,Day_scene_005600_000000000000000025.txt,Day,Day_scene_005600,000000000000000025
Day_scene_005601_000000000000000025.png,Day_scene_005601_000000000000000025.txt,Day,Day_scene_005601,000000000000000025
Day_scene_005602_000000000000000025.png,Day_scene_005602_000000000000000025.txt,Day,Day_scene_005602,000000000000000025
Day_scene_005603_000000000000000025.png,Day_scene_005603_000000000000000025.txt,Day,Day_scene_005603,000000000000000025
Day_scene_005605_000000000000000025.png,Day_scene_005605_000000000000000025.txt,Day,Day_scene_005605,000000000000000025
Day_scene_005606_000000000000000025.png,Day_scene_005606_000000000000000025.txt,Day,Day_scene_005606,000000000000000025
Day_scene_005609_000000000000000025.png,Day_scene_005609_000000000000000025.txt,Day,Day_scene_005609,000000000000000025
Day_scene_005610_000000000000000025.png,Day_scene_005610_000000000000000025.txt,Day,Day_scene_005610,000000000000000025
Day_scene_005611_000000000000000025.png,Day_scene_005611_000000000000000025.txt,Day,Day_scene_005611,000000000000000025
Day_scene_005613_000000000000000025.png,Day_scene_005613_000000000000000025.txt,Day,Day_scene_005613,000000000000000025
Day_scene_005614_000000000000000025.png,Day_scene_005614_000000000000000025.txt,Day,Day_scene_005614,000000000000000025
Day_scene_005616_000000000000000025.png,Day_scene_005616_000000000000000025.txt,Day,Day_scene_005616,000000000000000025
Day_scene_005617_000000000000000025.png,Day_scene_005617_000000000000000025.txt,Day,Day_scene_005617,000000000000000025
Day_scene_005626_000000000000000025.png,Day_scene_005626_000000000000000025.txt,Day,Day_scene_005626,000000000000000025
Day_scene_005630_000000000000000025.png,Day_scene_005630_000000000000000025.txt,Day,Day_scene_005630,000000000000000025
Day_scene_005631_000000000000000025.png,Day_scene_005631_000000000000000025.txt,Day,Day_scene_005631,000000000000000025
Day_scene_005633_000000000000000025.png,Day_scene_005633_000000000000000025.txt,Day,Day_scene_005633,000000000000000025
Day_scene_005635_000000000000000025.png,Day_scene_005635_000000000000000025.txt,Day,Day_scene_005635,000000000000000025
Day_scene_005639_000000000000000025.png,Day_scene_005639_000000000000000025.txt,Day,Day_scene_005639,000000000000000025
Day_scene_005650_000000000000000025.png,Day_scene_005650_000000000000000025.txt,Day,Day_scene_005650,000000000000000025
Day_scene_005655_000000000000000025.png,Day_scene_005655_000000000000000025.txt,Day,Day_scene_005655,000000000000000025
Day_scene_005657_000000000000000025.png,Day_scene_005657_000000000000000025.txt,Day,Day_scene_005657,000000000000000025
Day_scene_005663_000000000000000025.png,Day_scene_005663_000000000000000025.txt,Day,Day_scene_005663,000000000000000025
Day_scene_005665_000000000000000025.png,Day_scene_005665_000000000000000025.txt,Day,Day_scene_005665,000000000000000025
Day_scene_005666_000000000000000025.png,Day_scene_005666_000000000000000025.txt,Day,Day_scene_005666,000000000000000025
Day_scene_005670_000000000000000025.png,Day_scene_005670_000000000000000025.txt,Day,Day_scene_005670,000000000000000025
Day_scene_005671_000000000000000025.png,Day_scene_005671_000000000000000025.txt,Day,Day_scene_005671,000000000000000025
Day_scene_005672_000000000000000025.png,Day_scene_005672_000000000000000025.txt,Day,Day_scene_005672,000000000000000025
Day_scene_005675_000000000000000025.png,Day_scene_005675_000000000000000025.txt,Day,Day_scene_005675,000000000000000025
Day_scene_005679_000000000000000025.png,Day_scene_005679_000000000000000025.txt,Day,Day_scene_005679,000000000000000025
Day_scene_005680_000000000000000025.png,Day_scene_005680_000000000000000025.txt,Day,Day_scene_005680,000000000000000025
Day_scene_005686_000000000000000025.png,Day_scene_005686_000000000000000025.txt,Day,Day_scene_005686,000000000000000025
Day_scene_005687_000000000000000025.png,Day_scene_005687_000000000000000025.txt,Day,Day_scene_005687,000000000000000025
Day_scene_005689_000000000000000025.png,Day_scene_005689_000000000000000025.txt,Day,Day_scene_005689,000000000000000025
Day_scene_005694_000000000000000025.png,Day_scene_005694_000000000000000025.txt,Day,Day_scene_005694,000000000000000025
Day_scene_005698_000000000000000025.png,Day_scene_005698_000000000000000025.txt,Day,Day_scene_005698,000000000000000025
Day_scene_005703_000000000000000025.png,Day_scene_005703_000000000000000025.txt,Day,Day_scene_005703,000000000000000025
Day_scene_005704_000000000000000025.png,Day_scene_005704_000000000000000025.txt,Day,Day_scene_005704,000000000000000025
Day_scene_005710_000000000000000025.png,Day_scene_005710_000000000000000025.txt,Day,Day_scene_005710,000000000000000025
Day_scene_005713_000000000000000025.png,Day_scene_005713_000000000000000025.txt,Day,Day_scene_005713,000000000000000025
Day_scene_005715_000000000000000025.png,Day_scene_005715_000000000000000025.txt,Day,Day_scene_005715,000000000000000025
Day_scene_005717_000000000000000025.png,Day_scene_005717_000000000000000025.txt,Day,Day_scene_005717,000000000000000025
Day_scene_005719_000000000000000025.png,Day_scene_005719_000000000000000025.txt,Day,Day_scene_005719,000000000000000025
Day_scene_005723_000000000000000025.png,Day_scene_005723_000000000000000025.txt,Day,Day_scene_005723,000000000000000025
Day_scene_005726_000000000000000025.png,Day_scene_005726_000000000000000025.txt,Day,Day_scene_005726,000000000000000025
Day_scene_005729_000000000000000025.png,Day_scene_005729_000000000000000025.txt,Day,Day_scene_005729,000000000000000025
Day_scene_005731_000000000000000025.png,Day_scene_005731_000000000000000025.txt,Day,Day_scene_005731,000000000000000025
Day_scene_005733_000000000000000025.png,Day_scene_005733_000000000000000025.txt,Day,Day_scene_005733,000000000000000025
Day_scene_005735_000000000000000025.png,Day_scene_005735_000000000000000025.txt,Day,Day_scene_005735,000000000000000025
Day_scene_005736_000000000000000025.png,Day_scene_005736_000000000000000025.txt,Day,Day_scene_005736,000000000000000025
Day_scene_005747_000000000000000025.png,Day_scene_005747_000000000000000025.txt,Day,Day_scene_005747,000000000000000025
Day_scene_005750_000000000000000025.png,Day_scene_005750_000000000000000025.txt,Day,Day_scene_005750,000000000000000025
Day_scene_005755_000000000000000025.png,Day_scene_005755_000000000000000025.txt,Day,Day_scene_005755,000000000000000025
Day_scene_005756_000000000000000025.png,Day_scene_005756_000000000000000025.txt,Day,Day_scene_005756,000000000000000025
Day_scene_005761_000000000000000025.png,Day_scene_005761_000000000000000025.txt,Day,Day_scene_005761,000000000000000025
Day_scene_005763_000000000000000025.png,Day_scene_005763_000000000000000025.txt,Day,Day_scene_005763,000000000000000025
Day_scene_005764_000000000000000025.png,Day_scene_005764_000000000000000025.txt,Day,Day_scene_005764,000000000000000025
Day_scene_005765_000000000000000025.png,Day_scene_005765_000000000000000025.txt,Day,Day_scene_005765,000000000000000025
Day_scene_005767_000000000000000025.png,Day_scene_005767_000000000000000025.txt,Day,Day_scene_005767,000000000000000025
Day_scene_005769_000000000000000025.png,Day_scene_005769_000000000000000025.txt,Day,Day_scene_005769,000000000000000025
Day_scene_005770_000000000000000025.png,Day_scene_005770_000000000000000025.txt,Day,Day_scene_005770,000000000000000025
Day_scene_005771_000000000000000025.png,Day_scene_005771_000000000000000025.txt,Day,Day_scene_005771,000000000000000025
Day_scene_005772_000000000000000025.png,Day_scene_005772_000000000000000025.txt,Day,Day_scene_005772,000000000000000025
Day_scene_005773_000000000000000025.png,Day_scene_005773_000000000000000025.txt,Day,Day_scene_005773,000000000000000025
Day_scene_005774_000000000000000025.png,Day_scene_005774_000000000000000025.txt,Day,Day_scene_005774,000000000000000025
Day_scene_005776_000000000000000025.png,Day_scene_005776_000000000000000025.txt,Day,Day_scene_005776,000000000000000025
Day_scene_005778_000000000000000025.png,Day_scene_005778_000000000000000025.txt,Day,Day_scene_005778,000000000000000025
Day_scene_005779_000000000000000025.png,Day_scene_005779_000000000000000025.txt,Day,Day_scene_005779,000000000000000025
Day_scene_005782_000000000000000025.png,Day_scene_005782_000000000000000025.txt,Day,Day_scene_005782,000000000000000025
Day_scene_005786_000000000000000025.png,Day_scene_005786_000000000000000025.txt,Day,Day_scene_005786,000000000000000025
Day_scene_005789_000000000000000025.png,Day_scene_005789_000000000000000025.txt,Day,Day_scene_005789,000000000000000025
Day_scene_005790_000000000000000025.png,Day_scene_005790_000000000000000025.txt,Day,Day_scene_005790,000000000000000025
Day_scene_005796_000000000000000025.png,Day_scene_005796_000000000000000025.txt,Day,Day_scene_005796,000000000000000025
Day_scene_005799_000000000000000025.png,Day_scene_005799_000000000000000025.txt,Day,Day_scene_005799,000000000000000025
Day_scene_005803_000000000000000025.png,Day_scene_005803_000000000000000025.txt,Day,Day_scene_005803,000000000000000025
Day_scene_005805_000000000000000025.png,Day_scene_005805_000000000000000025.txt,Day,Day_scene_005805,000000000000000025
Day_scene_005807_000000000000000025.png,Day_scene_005807_000000000000000025.txt,Day,Day_scene_005807,000000000000000025
Day_scene_005811_000000000000000025.png,Day_scene_005811_000000000000000025.txt,Day,Day_scene_005811,000000000000000025
Day_scene_005812_000000000000000025.png,Day_scene_005812_000000000000000025.txt,Day,Day_scene_005812,000000000000000025
Day_scene_005813_000000000000000025.png,Day_scene_005813_000000000000000025.txt,Day,Day_scene_005813,000000000000000025
Day_scene_005815_000000000000000025.png,Day_scene_005815_000000000000000025.txt,Day,Day_scene_005815,000000000000000025
Day_scene_005821_000000000000000025.png,Day_scene_005821_000000000000000025.txt,Day,Day_scene_005821,000000000000000025
Day_scene_005823_000000000000000025.png,Day_scene_005823_000000000000000025.txt,Day,Day_scene_005823,000000000000000025
Day_scene_005827_000000000000000025.png,Day_scene_005827_000000000000000025.txt,Day,Day_scene_005827,000000000000000025
Day_scene_005829_000000000000000025.png,Day_scene_005829_000000000000000025.txt,Day,Day_scene_005829,000000000000000025
Day_scene_005831_000000000000000025.png,Day_scene_005831_000000000000000025.txt,Day,Day_scene_005831,000000000000000025
Day_scene_005834_000000000000000025.png,Day_scene_005834_000000000000000025.txt,Day,Day_scene_005834,000000000000000025
Day_scene_005836_000000000000000025.png,Day_scene_005836_000000000000000025.txt,Day,Day_scene_005836,000000000000000025
Day_scene_005837_000000000000000025.png,Day_scene_005837_000000000000000025.txt,Day,Day_scene_005837,000000000000000025
Day_scene_005840_000000000000000025.png,Day_scene_005840_000000000000000025.txt,Day,Day_scene_005840,000000000000000025
Day_scene_005841_000000000000000025.png,Day_scene_005841_000000000000000025.txt,Day,Day_scene_005841,000000000000000025
Day_scene_005842_000000000000000025.png,Day_scene_005842_000000000000000025.txt,Day,Day_scene_005842,000000000000000025
Day_scene_005846_000000000000000025.png,Day_scene_005846_000000000000000025.txt,Day,Day_scene_005846,000000000000000025
Day_scene_005848_000000000000000025.png,Day_scene_005848_000000000000000025.txt,Day,Day_scene_005848,000000000000000025
Day_scene_005849_000000000000000025.png,Day_scene_005849_000000000000000025.txt,Day,Day_scene_005849,000000000000000025
Day_scene_005851_000000000000000025.png,Day_scene_005851_000000000000000025.txt,Day,Day_scene_005851,000000000000000025
Day_scene_005852_000000000000000025.png,Day_scene_005852_000000000000000025.txt,Day,Day_scene_005852,000000000000000025
Day_scene_005856_000000000000000025.png,Day_scene_005856_000000000000000025.txt,Day,Day_scene_005856,000000000000000025
Day_scene_005857_000000000000000025.png,Day_scene_005857_000000000000000025.txt,Day,Day_scene_005857,000000000000000025
Day_scene_005863_000000000000000025.png,Day_scene_005863_000000000000000025.txt,Day,Day_scene_005863,000000000000000025
Day_scene_005866_000000000000000025.png,Day_scene_005866_000000000000000025.txt,Day,Day_scene_005866,000000000000000025
Day_scene_005867_000000000000000025.png,Day_scene_005867_000000000000000025.txt,Day,Day_scene_005867,000000000000000025
Day_scene_005870_000000000000000025.png,Day_scene_005870_000000000000000025.txt,Day,Day_scene_005870,000000000000000025
Day_scene_005872_000000000000000025.png,Day_scene_005872_000000000000000025.txt,Day,Day_scene_005872,000000000000000025
Day_scene_005873_000000000000000025.png,Day_scene_005873_000000000000000025.txt,Day,Day_scene_005873,000000000000000025
Day_scene_005878_000000000000000025.png,Day_scene_005878_000000000000000025.txt,Day,Day_scene_005878,000000000000000025
Day_scene_005880_000000000000000025.png,Day_scene_005880_000000000000000025.txt,Day,Day_scene_005880,000000000000000025
Day_scene_005882_000000000000000025.png,Day_scene_005882_000000000000000025.txt,Day,Day_scene_005882,000000000000000025
Day_scene_005883_000000000000000025.png,Day_scene_005883_000000000000000025.txt,Day,Day_scene_005883,000000000000000025
Day_scene_005885_000000000000000025.png,Day_scene_005885_000000000000000025.txt,Day,Day_scene_005885,000000000000000025
Day_scene_005886_000000000000000025.png,Day_scene_005886_000000000000000025.txt,Day,Day_scene_005886,000000000000000025
Day_scene_005888_000000000000000025.png,Day_scene_005888_000000000000000025.txt,Day,Day_scene_005888,000000000000000025
Day_scene_005892_000000000000000025.png,Day_scene_005892_000000000000000025.txt,Day,Day_scene_005892,000000000000000025
Day_scene_005895_000000000000000025.png,Day_scene_005895_000000000000000025.txt,Day,Day_scene_005895,000000000000000025
Day_scene_005896_000000000000000025.png,Day_scene_005896_000000000000000025.txt,Day,Day_scene_005896,000000000000000025
Day_scene_005898_000000000000000025.png,Day_scene_005898_000000000000000025.txt,Day,Day_scene_005898,000000000000000025
Day_scene_005900_000000000000000025.png,Day_scene_005900_000000000000000025.txt,Day,Day_scene_005900,000000000000000025
Day_scene_005904_000000000000000025.png,Day_scene_005904_000000000000000025.txt,Day,Day_scene_005904,000000000000000025
Day_scene_005906_000000000000000025.png,Day_scene_005906_000000000000000025.txt,Day,Day_scene_005906,000000000000000025
Day_scene_005910_000000000000000025.png,Day_scene_005910_000000000000000025.txt,Day,Day_scene_005910,000000000000000025
Day_scene_005912_000000000000000025.png,Day_scene_005912_000000000000000025.txt,Day,Day_scene_005912,000000000000000025
Day_scene_005917_000000000000000025.png,Day_scene_005917_000000000000000025.txt,Day,Day_scene_005917,000000000000000025
Day_scene_005921_000000000000000025.png,Day_scene_005921_000000000000000025.txt,Day,Day_scene_005921,000000000000000025
Day_scene_005923_000000000000000025.png,Day_scene_005923_000000000000000025.txt,Day,Day_scene_005923,000000000000000025
Day_scene_005924_000000000000000025.png,Day_scene_005924_000000000000000025.txt,Day,Day_scene_005924,000000000000000025
Day_scene_005925_000000000000000025.png,Day_scene_005925_000000000000000025.txt,Day,Day_scene_005925,000000000000000025
Day_scene_005930_000000000000000025.png,Day_scene_005930_000000000000000025.txt,Day,Day_scene_005930,000000000000000025
Day_scene_005932_000000000000000025.png,Day_scene_005932_000000000000000025.txt,Day,Day_scene_005932,000000000000000025
Day_scene_005933_000000000000000025.png,Day_scene_005933_000000000000000025.txt,Day,Day_scene_005933,000000000000000025
Day_scene_005934_000000000000000025.png,Day_scene_005934_000000000000000025.txt,Day,Day_scene_005934,000000000000000025
Day_scene_005935_000000000000000025.png,Day_scene_005935_000000000000000025.txt,Day,Day_scene_005935,000000000000000025
Day_scene_005937_000000000000000025.png,Day_scene_005937_000000000000000025.txt,Day,Day_scene_005937,000000000000000025
Day_scene_005939_000000000000000025.png,Day_scene_005939_000000000000000025.txt,Day,Day_scene_005939,000000000000000025
Day_scene_005941_000000000000000025.png,Day_scene_005941_000000000000000025.txt,Day,Day_scene_005941,000000000000000025
Day_scene_005942_000000000000000025.png,Day_scene_005942_000000000000000025.txt,Day,Day_scene_005942,000000000000000025
Day_scene_005943_000000000000000025.png,Day_scene_005943_000000000000000025.txt,Day,Day_scene_005943,000000000000000025
Day_scene_005945_000000000000000025.png,Day_scene_005945_000000000000000025.txt,Day,Day_scene_005945,000000000000000025
Day_scene_005946_000000000000000025.png,Day_scene_005946_000000000000000025.txt,Day,Day_scene_005946,000000000000000025
Day_scene_005947_000000000000000025.png,Day_scene_005947_000000000000000025.txt,Day,Day_scene_005947,000000000000000025
Day_scene_005948_000000000000000025.png,Day_scene_005948_000000000000000025.txt,Day,Day_scene_005948,000000000000000025
Day_scene_005949_000000000000000025.png,Day_scene_005949_000000000000000025.txt,Day,Day_scene_005949,000000000000000025
Day_scene_005950_000000000000000025.png,Day_scene_005950_000000000000000025.txt,Day,Day_scene_005950,000000000000000025
Day_scene_005951_000000000000000025.png,Day_scene_005951_000000000000000025.txt,Day,Day_scene_005951,000000000000000025
Day_scene_005953_000000000000000025.png,Day_scene_005953_000000000000000025.txt,Day,Day_scene_005953,000000000000000025
Day_scene_005954_000000000000000025.png,Day_scene_005954_000000000000000025.txt,Day,Day_scene_005954,000000000000000025
Day_scene_005964_000000000000000025.png,Day_scene_005964_000000000000000025.txt,Day,Day_scene_005964,000000000000000025
Day_scene_005967_000000000000000025.png,Day_scene_005967_000000000000000025.txt,Day,Day_scene_005967,000000000000000025
Day_scene_005969_000000000000000025.png,Day_scene_005969_000000000000000025.txt,Day,Day_scene_005969,000000000000000025
Day_scene_005970_000000000000000025.png,Day_scene_005970_000000000000000025.txt,Day,Day_scene_005970,000000000000000025
Day_scene_005973_000000000000000025.png,Day_scene_005973_000000000000000025.txt,Day,Day_scene_005973,000000000000000025
Day_scene_005975_000000000000000025.png,Day_scene_005975_000000000000000025.txt,Day,Day_scene_005975,000000000000000025
Day_scene_005976_000000000000000025.png,Day_scene_005976_000000000000000025.txt,Day,Day_scene_005976,000000000000000025
Day_scene_005979_000000000000000025.png,Day_scene_005979_000000000000000025.txt,Day,Day_scene_005979,000000000000000025
Day_scene_005981_000000000000000025.png,Day_scene_005981_000000000000000025.txt,Day,Day_scene_005981,000000000000000025
Day_scene_005985_000000000000000025.png,Day_scene_005985_000000000000000025.txt,Day,Day_scene_005985,000000000000000025
Day_scene_005987_000000000000000025.png,Day_scene_005987_000000000000000025.txt,Day,Day_scene_005987,000000000000000025
Day_scene_005996_000000000000000025.png,Day_scene_005996_000000000000000025.txt,Day,Day_scene_005996,000000000000000025
Day_scene_006000_000000000000000025.png,Day_scene_006000_000000000000000025.txt,Day,Day_scene_006000,000000000000000025
Day_scene_006002_000000000000000025.png,Day_scene_006002_000000000000000025.txt,Day,Day_scene_006002,000000000000000025
Day_scene_006003_000000000000000025.png,Day_scene_006003_000000000000000025.txt,Day,Day_scene_006003,000000000000000025
Day_scene_006004_000000000000000025.png,Day_scene_006004_000000000000000025.txt,Day,Day_scene_006004,000000000000000025
Day_scene_006009_000000000000000025.png,Day_scene_006009_000000000000000025.txt,Day,Day_scene_006009,000000000000000025
Day_scene_006010_000000000000000025.png,Day_scene_006010_000000000000000025.txt,Day,Day_scene_006010,000000000000000025
Day_scene_006012_000000000000000025.png,Day_scene_006012_000000000000000025.txt,Day,Day_scene_006012,000000000000000025
Day_scene_006013_000000000000000025.png,Day_scene_006013_000000000000000025.txt,Day,Day_scene_006013,000000000000000025
Day_scene_006015_000000000000000025.png,Day_scene_006015_000000000000000025.txt,Day,Day_scene_006015,000000000000000025
Day_scene_006018_000000000000000025.png,Day_scene_006018_000000000000000025.txt,Day,Day_scene_006018,000000000000000025
Day_scene_006022_000000000000000025.png,Day_scene_006022_000000000000000025.txt,Day,Day_scene_006022,000000000000000025
Day_scene_006024_000000000000000025.png,Day_scene_006024_000000000000000025.txt,Day,Day_scene_006024,000000000000000025
Day_scene_006028_000000000000000025.png,Day_scene_006028_000000000000000025.txt,Day,Day_scene_006028,000000000000000025
Day_scene_006031_000000000000000025.png,Day_scene_006031_000000000000000025.txt,Day,Day_scene_006031,000000000000000025
Day_scene_006033_000000000000000025.png,Day_scene_006033_000000000000000025.txt,Day,Day_scene_006033,000000000000000025
Day_scene_006035_000000000000000025.png,Day_scene_006035_000000000000000025.txt,Day,Day_scene_006035,000000000000000025
Day_scene_006039_000000000000000025.png,Day_scene_006039_000000000000000025.txt,Day,Day_scene_006039,000000000000000025
Day_scene_006040_000000000000000025.png,Day_scene_006040_000000000000000025.txt,Day,Day_scene_006040,000000000000000025
Day_scene_006041_000000000000000025.png,Day_scene_006041_000000000000000025.txt,Day,Day_scene_006041,000000000000000025
Day_scene_006045_000000000000000025.png,Day_scene_006045_000000000000000025.txt,Day,Day_scene_006045,000000000000000025
Day_scene_006049_000000000000000025.png,Day_scene_006049_000000000000000025.txt,Day,Day_scene_006049,000000000000000025
Day_scene_006054_000000000000000025.png,Day_scene_006054_000000000000000025.txt,Day,Day_scene_006054,000000000000000025
Day_scene_006055_000000000000000025.png,Day_scene_006055_000000000000000025.txt,Day,Day_scene_006055,000000000000000025
Day_scene_006059_000000000000000025.png,Day_scene_006059_000000000000000025.txt,Day,Day_scene_006059,000000000000000025
Day_scene_006062_000000000000000025.png,Day_scene_006062_000000000000000025.txt,Day,Day_scene_006062,000000000000000025
Day_scene_006066_000000000000000025.png,Day_scene_006066_000000000000000025.txt,Day,Day_scene_006066,000000000000000025
Day_scene_006067_000000000000000025.png,Day_scene_006067_000000000000000025.txt,Day,Day_scene_006067,000000000000000025
Day_scene_006069_000000000000000025.png,Day_scene_006069_000000000000000025.txt,Day,Day_scene_006069,000000000000000025
Day_scene_006070_000000000000000025.png,Day_scene_006070_000000000000000025.txt,Day,Day_scene_006070,000000000000000025
Day_scene_006071_000000000000000025.png,Day_scene_006071_000000000000000025.txt,Day,Day_scene_006071,000000000000000025
Day_scene_006072_000000000000000025.png,Day_scene_006072_000000000000000025.txt,Day,Day_scene_006072,000000000000000025
Day_scene_006073_000000000000000025.png,Day_scene_006073_000000000000000025.txt,Day,Day_scene_006073,000000000000000025
Day_scene_006074_000000000000000025.png,Day_scene_006074_000000000000000025.txt,Day,Day_scene_006074,000000000000000025
Day_scene_006075_000000000000000025.png,Day_scene_006075_000000000000000025.txt,Day,Day_scene_006075,000000000000000025
Day_scene_006077_000000000000000025.png,Day_scene_006077_000000000000000025.txt,Day,Day_scene_006077,000000000000000025
Day_scene_006078_000000000000000025.png,Day_scene_006078_000000000000000025.txt,Day,Day_scene_006078,000000000000000025
Day_scene_006084_000000000000000025.png,Day_scene_006084_000000000000000025.txt,Day,Day_scene_006084,000000000000000025
Day_scene_006085_000000000000000025.png,Day_scene_006085_000000000000000025.txt,Day,Day_scene_006085,000000000000000025
Day_scene_006087_000000000000000025.png,Day_scene_006087_000000000000000025.txt,Day,Day_scene_006087,000000000000000025
Day_scene_006091_000000000000000025.png,Day_scene_006091_000000000000000025.txt,Day,Day_scene_006091,000000000000000025
Day_scene_006096_000000000000000025.png,Day_scene_006096_000000000000000025.txt,Day,Day_scene_006096,000000000000000025
Day_scene_006097_000000000000000025.png,Day_scene_006097_000000000000000025.txt,Day,Day_scene_006097,000000000000000025
Day_scene_006099_000000000000000025.png,Day_scene_006099_000000000000000025.txt,Day,Day_scene_006099,000000000000000025
Day_scene_006101_000000000000000025.png,Day_scene_006101_000000000000000025.txt,Day,Day_scene_006101,000000000000000025
Day_scene_006103_000000000000000025.png,Day_scene_006103_000000000000000025.txt,Day,Day_scene_006103,000000000000000025
Day_scene_006109_000000000000000025.png,Day_scene_006109_000000000000000025.txt,Day,Day_scene_006109,000000000000000025
Day_scene_006113_000000000000000025.png,Day_scene_006113_000000000000000025.txt,Day,Day_scene_006113,000000000000000025
Day_scene_006117_000000000000000025.png,Day_scene_006117_000000000000000025.txt,Day,Day_scene_006117,000000000000000025
Day_scene_006122_000000000000000025.png,Day_scene_006122_000000000000000025.txt,Day,Day_scene_006122,000000000000000025
Day_scene_006123_000000000000000025.png,Day_scene_006123_000000000000000025.txt,Day,Day_scene_006123,000000000000000025
Day_scene_006124_000000000000000025.png,Day_scene_006124_000000000000000025.txt,Day,Day_scene_006124,000000000000000025
Day_scene_006126_000000000000000025.png,Day_scene_006126_000000000000000025.txt,Day,Day_scene_006126,000000000000000025
Day_scene_006127_000000000000000025.png,Day_scene_006127_000000000000000025.txt,Day,Day_scene_006127,000000000000000025
Day_scene_006129_000000000000000025.png,Day_scene_006129_000000000000000025.txt,Day,Day_scene_006129,000000000000000025
Day_scene_006133_000000000000000025.png,Day_scene_006133_000000000000000025.txt,Day,Day_scene_006133,000000000000000025
Day_scene_006135_000000000000000025.png,Day_scene_006135_000000000000000025.txt,Day,Day_scene_006135,000000000000000025
Day_scene_006136_000000000000000025.png,Day_scene_006136_000000000000000025.txt,Day,Day_scene_006136,000000000000000025
Day_scene_006139_000000000000000025.png,Day_scene_006139_000000000000000025.txt,Day,Day_scene_006139,000000000000000025
Day_scene_006140_000000000000000025.png,Day_scene_006140_000000000000000025.txt,Day,Day_scene_006140,000000000000000025
Day_scene_006141_000000000000000025.png,Day_scene_006141_000000000000000025.txt,Day,Day_scene_006141,000000000000000025
Day_scene_006142_000000000000000025.png,Day_scene_006142_000000000000000025.txt,Day,Day_scene_006142,000000000000000025
Day_scene_006143_000000000000000025.png,Day_scene_006143_000000000000000025.txt,Day,Day_scene_006143,000000000000000025
Day_scene_006146_000000000000000025.png,Day_scene_006146_000000000000000025.txt,Day,Day_scene_006146,000000000000000025
Day_scene_006147_000000000000000025.png,Day_scene_006147_000000000000000025.txt,Day,Day_scene_006147,000000000000000025
Day_scene_006152_000000000000000025.png,Day_scene_006152_000000000000000025.txt,Day,Day_scene_006152,000000000000000025
Day_scene_006153_000000000000000025.png,Day_scene_006153_000000000000000025.txt,Day,Day_scene_006153,000000000000000025
Day_scene_006154_000000000000000025.png,Day_scene_006154_000000000000000025.txt,Day,Day_scene_006154,000000000000000025
Day_scene_006159_000000000000000025.png,Day_scene_006159_000000000000000025.txt,Day,Day_scene_006159,000000000000000025
Day_scene_006161_000000000000000025.png,Day_scene_006161_000000000000000025.txt,Day,Day_scene_006161,000000000000000025
Day_scene_006165_000000000000000025.png,Day_scene_006165_000000000000000025.txt,Day,Day_scene_006165,000000000000000025
Day_scene_006168_000000000000000025.png,Day_scene_006168_000000000000000025.txt,Day,Day_scene_006168,000000000000000025
Day_scene_006169_000000000000000025.png,Day_scene_006169_000000000000000025.txt,Day,Day_scene_006169,000000000000000025
Day_scene_006171_000000000000000025.png,Day_scene_006171_000000000000000025.txt,Day,Day_scene_006171,000000000000000025
Day_scene_006172_000000000000000025.png,Day_scene_006172_000000000000000025.txt,Day,Day_scene_006172,000000000000000025
Day_scene_006173_000000000000000025.png,Day_scene_006173_000000000000000025.txt,Day,Day_scene_006173,000000000000000025
Day_scene_006176_000000000000000025.png,Day_scene_006176_000000000000000025.txt,Day,Day_scene_006176,000000000000000025
Day_scene_006179_000000000000000025.png,Day_scene_006179_000000000000000025.txt,Day,Day_scene_006179,000000000000000025
Day_scene_006180_000000000000000025.png,Day_scene_006180_000000000000000025.txt,Day,Day_scene_006180,000000000000000025
Day_scene_006183_000000000000000025.png,Day_scene_006183_000000000000000025.txt,Day,Day_scene_006183,000000000000000025
Day_scene_006186_000000000000000025.png,Day_scene_006186_000000000000000025.txt,Day,Day_scene_006186,000000000000000025
Day_scene_006188_000000000000000025.png,Day_scene_006188_000000000000000025.txt,Day,Day_scene_006188,000000000000000025
Day_scene_006189_000000000000000025.png,Day_scene_006189_000000000000000025.txt,Day,Day_scene_006189,000000000000000025
Day_scene_006190_000000000000000025.png,Day_scene_006190_000000000000000025.txt,Day,Day_scene_006190,000000000000000025
Day_scene_006191_000000000000000025.png,Day_scene_006191_000000000000000025.txt,Day,Day_scene_006191,000000000000000025
Day_scene_006198_000000000000000025.png,Day_scene_006198_000000000000000025.txt,Day,Day_scene_006198,000000000000000025
Day_scene_006199_000000000000000025.png,Day_scene_006199_000000000000000025.txt,Day,Day_scene_006199,000000000000000025
Day_scene_006202_000000000000000025.png,Day_scene_006202_000000000000000025.txt,Day,Day_scene_006202,000000000000000025
Day_scene_006207_000000000000000025.png,Day_scene_006207_000000000000000025.txt,Day,Day_scene_006207,000000000000000025
Day_scene_006211_000000000000000025.png,Day_scene_006211_000000000000000025.txt,Day,Day_scene_006211,000000000000000025
Day_scene_006212_000000000000000025.png,Day_scene_006212_000000000000000025.txt,Day,Day_scene_006212,000000000000000025
Day_scene_006213_000000000000000025.png,Day_scene_006213_000000000000000025.txt,Day,Day_scene_006213,000000000000000025
Day_scene_006215_000000000000000025.png,Day_scene_006215_000000000000000025.txt,Day,Day_scene_006215,000000000000000025
Day_scene_006217_000000000000000025.png,Day_scene_006217_000000000000000025.txt,Day,Day_scene_006217,000000000000000025
Day_scene_006218_000000000000000025.png,Day_scene_006218_000000000000000025.txt,Day,Day_scene_006218,000000000000000025
Day_scene_006220_000000000000000025.png,Day_scene_006220_000000000000000025.txt,Day,Day_scene_006220,000000000000000025
Day_scene_006221_000000000000000025.png,Day_scene_006221_000000000000000025.txt,Day,Day_scene_006221,000000000000000025
Day_scene_006224_000000000000000025.png,Day_scene_006224_000000000000000025.txt,Day,Day_scene_006224,000000000000000025
Day_scene_006225_000000000000000025.png,Day_scene_006225_000000000000000025.txt,Day,Day_scene_006225,000000000000000025
Day_scene_006229_000000000000000025.png,Day_scene_006229_000000000000000025.txt,Day,Day_scene_006229,000000000000000025
Day_scene_006231_000000000000000025.png,Day_scene_006231_000000000000000025.txt,Day,Day_scene_006231,000000000000000025
Day_scene_006239_000000000000000025.png,Day_scene_006239_000000000000000025.txt,Day,Day_scene_006239,000000000000000025
Day_scene_006242_000000000000000025.png,Day_scene_006242_000000000000000025.txt,Day,Day_scene_006242,000000000000000025
Day_scene_006244_000000000000000025.png,Day_scene_006244_000000000000000025.txt,Day,Day_scene_006244,000000000000000025
Day_scene_006245_000000000000000025.png,Day_scene_006245_000000000000000025.txt,Day,Day_scene_006245,000000000000000025
Day_scene_006247_000000000000000025.png,Day_scene_006247_000000000000000025.txt,Day,Day_scene_006247,000000000000000025
Day_scene_006248_000000000000000025.png,Day_scene_006248_000000000000000025.txt,Day,Day_scene_006248,000000000000000025
Day_scene_006249_000000000000000025.png,Day_scene_006249_000000000000000025.txt,Day,Day_scene_006249,000000000000000025
Day_scene_006254_000000000000000025.png,Day_scene_006254_000000000000000025.txt,Day,Day_scene_006254,000000000000000025
Day_scene_006257_000000000000000025.png,Day_scene_006257_000000000000000025.txt,Day,Day_scene_006257,000000000000000025
Day_scene_006258_000000000000000025.png,Day_scene_006258_000000000000000025.txt,Day,Day_scene_006258,000000000000000025
Day_scene_006259_000000000000000025.png,Day_scene_006259_000000000000000025.txt,Day,Day_scene_006259,000000000000000025
Day_scene_006260_000000000000000025.png,Day_scene_006260_000000000000000025.txt,Day,Day_scene_006260,000000000000000025
Day_scene_006263_000000000000000025.png,Day_scene_006263_000000000000000025.txt,Day,Day_scene_006263,000000000000000025
Day_scene_006271_000000000000000025.png,Day_scene_006271_000000000000000025.txt,Day,Day_scene_006271,000000000000000025
Day_scene_006272_000000000000000025.png,Day_scene_006272_000000000000000025.txt,Day,Day_scene_006272,000000000000000025
Day_scene_006275_000000000000000025.png,Day_scene_006275_000000000000000025.txt,Day,Day_scene_006275,000000000000000025
Day_scene_006278_000000000000000025.png,Day_scene_006278_000000000000000025.txt,Day,Day_scene_006278,000000000000000025
Day_scene_006280_000000000000000025.png,Day_scene_006280_000000000000000025.txt,Day,Day_scene_006280,000000000000000025
Day_scene_006282_000000000000000025.png,Day_scene_006282_000000000000000025.txt,Day,Day_scene_006282,000000000000000025
Day_scene_006288_000000000000000025.png,Day_scene_006288_000000000000000025.txt,Day,Day_scene_006288,000000000000000025
Day_scene_006291_000000000000000025.png,Day_scene_006291_000000000000000025.txt,Day,Day_scene_006291,000000000000000025
Day_scene_006293_000000000000000025.png,Day_scene_006293_000000000000000025.txt,Day,Day_scene_006293,000000000000000025
Day_scene_006295_000000000000000025.png,Day_scene_006295_000000000000000025.txt,Day,Day_scene_006295,000000000000000025
Day_scene_006298_000000000000000025.png,Day_scene_006298_000000000000000025.txt,Day,Day_scene_006298,000000000000000025
Day_scene_006304_000000000000000025.png,Day_scene_006304_000000000000000025.txt,Day,Day_scene_006304,000000000000000025
Day_scene_006305_000000000000000025.png,Day_scene_006305_000000000000000025.txt,Day,Day_scene_006305,000000000000000025
Day_scene_006307_000000000000000025.png,Day_scene_006307_000000000000000025.txt,Day,Day_scene_006307,000000000000000025
Day_scene_006309_000000000000000025.png,Day_scene_006309_000000000000000025.txt,Day,Day_scene_006309,000000000000000025
Day_scene_006314_000000000000000025.png,Day_scene_006314_000000000000000025.txt,Day,Day_scene_006314,000000000000000025
Day_scene_006315_000000000000000025.png,Day_scene_006315_000000000000000025.txt,Day,Day_scene_006315,000000000000000025
Day_scene_006316_000000000000000025.png,Day_scene_006316_000000000000000025.txt,Day,Day_scene_006316,000000000000000025
Day_scene_006317_000000000000000025.png,Day_scene_006317_000000000000000025.txt,Day,Day_scene_006317,000000000000000025
Day_scene_006318_000000000000000025.png,Day_scene_006318_000000000000000025.txt,Day,Day_scene_006318,000000000000000025
Day_scene_006322_000000000000000025.png,Day_scene_006322_000000000000000025.txt,Day,Day_scene_006322,000000000000000025
Day_scene_006323_000000000000000025.png,Day_scene_006323_000000000000000025.txt,Day,Day_scene_006323,000000000000000025
Day_scene_006324_000000000000000025.png,Day_scene_006324_000000000000000025.txt,Day,Day_scene_006324,000000000000000025
Day_scene_006328_000000000000000025.png,Day_scene_006328_000000000000000025.txt,Day,Day_scene_006328,000000000000000025
Day_scene_006330_000000000000000025.png,Day_scene_006330_000000000000000025.txt,Day,Day_scene_006330,000000000000000025
Day_scene_006332_000000000000000025.png,Day_scene_006332_000000000000000025.txt,Day,Day_scene_006332,000000000000000025
Day_scene_006338_000000000000000025.png,Day_scene_006338_000000000000000025.txt,Day,Day_scene_006338,000000000000000025
Day_scene_006339_000000000000000025.png,Day_scene_006339_000000000000000025.txt,Day,Day_scene_006339,000000000000000025
Day_scene_006341_000000000000000025.png,Day_scene_006341_000000000000000025.txt,Day,Day_scene_006341,000000000000000025
